1,1,1338.48,417.87,163.01,358.63,0.8096,-1,-1,-1
1,2,584.16,443.37,91.75,264.69,0.7629,-1,-1,-1
1,3,440.01,445.86,112.19,273.45,0.6765,-1,-1,-1
1,4,1455.13,432.62,141.44,332.69,0.6427,-1,-1,-1
1,5,730.90,456.72,35.97,111.41,0.5628,-1,-1,-1
1,6,916.82,431.52,59.62,154.79,0.3899,-1,-1,-1
2,1,1342.76,417.62,160.35,359.17,0.8315,-1,-1,-1
2,2,584.51,442.90,92.31,264.22,0.7654,-1,-1,-1
2,3,437.68,445.26,116.78,274.30,0.6901,-1,-1,-1
2,4,1452.17,436.83,146.64,331.76,0.6725,-1,-1,-1
2,5,731.47,457.27,36.30,110.29,0.5317,-1,-1,-1
2,6,916.37,432.17,60.17,154.64,0.4000,-1,-1,-1
3,1,1343.63,423.30,175.80,365.91,0.8357,-1,-1,-1
3,2,584.47,443.04,93.55,263.67,0.7563,-1,-1,-1
3,3,437.25,443.74,117.90,276.35,0.6979,-1,-1,-1
3,4,1466.13,441.56,138.79,327.11,0.7326,-1,-1,-1
3,5,731.30,460.20,36.82,106.78,0.5315,-1,-1,-1
3,6,915.95,432.67,60.93,153.93,0.4037,-1,-1,-1
4,1,1348.57,421.73,179.32,375.84,0.8242,-1,-1,-1
4,2,584.44,443.81,93.18,264.27,0.7673,-1,-1,-1
4,3,438.61,442.94,119.10,276.70,0.7436,-1,-1,-1
4,4,1478.41,434.63,126.14,333.25,0.7305,-1,-1,-1
4,5,732.03,459.12,36.84,109.30,0.5183,-1,-1,-1
4,6,916.38,432.04,60.99,154.19,0.4196,-1,-1,-1
5,1,1351.71,419.43,178.43,385.10,0.8483,-1,-1,-1
5,2,584.71,444.02,93.11,264.05,0.7656,-1,-1,-1
5,3,442.37,443.57,119.28,274.38,0.6902,-1,-1,-1
5,4,1485.92,429.53,116.04,338.49,0.7409,-1,-1,-1
5,5,732.66,458.98,35.90,109.31,0.5179,-1,-1,-1
5,6,916.01,431.29,61.41,154.52,0.4089,-1,-1,-1
6,1,1357.99,418.59,174.36,388.38,0.8473,-1,-1,-1
6,2,584.11,443.51,92.55,266.93,0.7618,-1,-1,-1
6,3,448.70,443.81,117.46,274.35,0.6954,-1,-1,-1
6,4,1494.99,426.51,107.80,342.00,0.7240,-1,-1,-1
6,5,733.35,457.53,34.53,110.26,0.5341,-1,-1,-1
6,6,915.73,430.51,62.10,155.98,0.4205,-1,-1,-1
7,1,1368.04,419.01,160.35,385.27,0.8560,-1,-1,-1
7,2,584.46,443.01,91.76,268.10,0.7671,-1,-1,-1
7,3,447.33,444.60,119.96,274.31,0.7310,-1,-1,-1
7,4,1500.63,430.33,102.38,339.36,0.7683,-1,-1,-1
7,5,733.51,457.83,33.89,109.93,0.5487,-1,-1,-1
7,6,914.96,430.63,61.94,155.88,0.3742,-1,-1,-1
8,1,1385.38,415.32,142.27,386.75,0.8056,-1,-1,-1
8,2,584.69,442.95,91.83,267.35,0.7822,-1,-1,-1
8,3,448.66,444.10,119.51,274.58,0.7471,-1,-1,-1
8,4,1505.57,422.72,98.89,347.95,0.7695,-1,-1,-1
8,5,733.48,457.16,34.27,109.70,0.5417,-1,-1,-1
8,6,914.71,428.50,61.42,157.93,0.3856,-1,-1,-1
9,1,1400.69,409.60,130.09,392.10,0.7450,-1,-1,-1
9,2,585.14,442.65,90.88,268.13,0.7793,-1,-1,-1
9,3,454.76,444.18,114.67,274.28,0.7433,-1,-1,-1
9,4,1511.99,422.02,94.58,347.91,0.7482,-1,-1,-1
9,5,733.11,457.01,35.08,111.00,0.5349,-1,-1,-1
9,6,915.18,430.27,60.08,157.30,0.1719,-1,-1,-1
10,1,1416.27,413.48,120.40,382.65,0.7916,-1,-1,-1
10,2,585.35,442.77,91.41,268.22,0.7819,-1,-1,-1
10,3,457.14,443.88,114.13,274.35,0.7183,-1,-1,-1
10,4,1507.38,418.06,109.04,355.34,0.6696,-1,-1,-1
10,5,732.78,457.45,35.89,109.80,0.5204,-1,-1,-1
10,6,915.00,429.99,61.61,156.06,0.1752,-1,-1,-1
11,1,1426.75,412.56,119.33,385.77,0.7691,-1,-1,-1
11,2,585.90,442.83,91.17,267.07,0.7706,-1,-1,-1
11,3,455.63,442.75,115.24,275.87,0.6899,-1,-1,-1
11,4,1525.74,418.80,97.88,350.62,0.7953,-1,-1,-1
11,5,732.58,458.48,37.10,110.61,0.5665,-1,-1,-1
11,6,914.69,429.43,61.77,156.04,0.2062,-1,-1,-1
12,1,1438.35,409.13,117.20,388.32,0.7273,-1,-1,-1
12,2,585.72,442.27,91.73,266.94,0.7667,-1,-1,-1
12,3,451.59,442.23,119.28,276.29,0.6680,-1,-1,-1
12,4,1537.12,418.84,94.19,353.07,0.7734,-1,-1,-1
12,5,731.64,456.74,38.08,112.97,0.6049,-1,-1,-1
12,6,915.14,429.37,60.57,155.92,0.2019,-1,-1,-1
13,1,1446.24,411.83,121.77,386.83,0.7021,-1,-1,-1
13,2,585.37,442.03,92.48,267.28,0.7541,-1,-1,-1
13,3,446.83,442.91,123.50,276.33,0.7039,-1,-1,-1
13,4,1540.11,420.20,104.26,357.63,0.7515,-1,-1,-1
13,5,730.76,456.28,38.76,117.03,0.5825,-1,-1,-1
13,6,915.67,429.38,59.77,156.13,0.2530,-1,-1,-1
14,1,1453.65,410.22,128.35,387.39,0.5771,-1,-1,-1
14,2,584.35,442.17,93.98,268.00,0.7502,-1,-1,-1
14,3,447.05,442.01,122.02,280.37,0.6398,-1,-1,-1
14,4,1538.63,416.59,130.77,370.03,0.6145,-1,-1,-1
14,5,730.24,456.43,39.44,118.49,0.5509,-1,-1,-1
14,6,915.57,429.64,59.94,155.51,0.1861,-1,-1,-1
15,1,1461.69,415.45,108.40,382.07,0.4906,-1,-1,-1
15,2,583.99,442.42,93.23,269.26,0.7698,-1,-1,-1
15,3,446.43,442.83,120.93,282.08,0.6581,-1,-1,-1
15,4,1539.14,421.85,160.18,373.42,0.5957,-1,-1,-1
15,5,730.36,453.29,39.88,123.63,0.6067,-1,-1,-1
15,6,915.83,427.64,59.70,158.27,0.3099,-1,-1,-1
16,1,1464.02,422.12,105.99,377.29,0.4018,-1,-1,-1
16,2,583.62,443.69,92.96,267.44,0.7682,-1,-1,-1
16,3,445.88,442.65,117.78,283.50,0.6513,-1,-1,-1
16,4,1547.75,421.10,176.62,381.50,0.6746,-1,-1,-1
16,5,730.81,453.83,38.24,123.19,0.4911,-1,-1,-1
16,6,916.55,426.18,59.22,159.86,0.2326,-1,-1,-1
17,1,1459.16,420.87,130.45,381.44,0.3627,-1,-1,-1
17,2,583.36,445.39,93.02,267.30,0.7651,-1,-1,-1
17,3,446.21,442.68,116.10,284.57,0.6592,-1,-1,-1
17,4,1556.50,420.98,186.37,385.28,0.7727,-1,-1,-1
17,5,729.61,454.80,37.60,121.52,0.4485,-1,-1,-1
18,1,1459.41,420.77,181.44,388.48,0.6838,-1,-1,-1
18,2,583.57,445.04,93.02,268.36,0.7898,-1,-1,-1
18,3,448.04,442.95,114.07,284.68,0.7161,-1,-1,-1
18,4,1570.58,426.26,181.74,383.22,0.7104,-1,-1,-1
18,5,728.35,456.77,37.62,119.10,0.4404,-1,-1,-1
19,1,1460.57,414.76,173.91,390.49,0.4642,-1,-1,-1
19,2,584.19,445.11,94.18,269.28,0.7678,-1,-1,-1
19,3,450.18,444.56,112.75,284.62,0.7092,-1,-1,-1
19,4,1566.70,451.86,191.09,361.87,0.6830,-1,-1,-1
19,5,726.66,458.72,38.63,117.20,0.4065,-1,-1,-1
19,10,1254.69,435.93,35.23,108.06,0.4022,-1,-1,-1
20,1,1461.79,411.57,170.21,394.42,0.3681,-1,-1,-1
20,2,584.51,445.76,97.94,267.62,0.7783,-1,-1,-1
20,3,451.47,448.59,113.95,279.93,0.7095,-1,-1,-1
20,4,1587.28,457.13,186.31,349.68,0.6331,-1,-1,-1
20,5,725.54,455.29,39.74,119.39,0.4102,-1,-1,-1
20,10,1254.67,436.43,35.20,107.08,0.3271,-1,-1,-1
21,1,1462.10,412.46,225.13,403.62,0.7294,-1,-1,-1
21,2,584.77,444.49,101.32,269.10,0.7903,-1,-1,-1
21,3,452.43,448.08,112.85,279.28,0.6966,-1,-1,-1
21,4,1612.17,455.34,157.65,349.01,0.6557,-1,-1,-1
21,5,726.02,453.40,39.69,121.84,0.3840,-1,-1,-1
21,10,1252.94,439.34,35.44,102.00,0.3349,-1,-1,-1
22,1,1463.02,411.90,230.43,405.76,0.5302,-1,-1,-1
22,2,584.77,444.11,103.22,269.11,0.7777,-1,-1,-1
22,3,454.17,447.19,112.79,280.39,0.5982,-1,-1,-1
22,4,1627.28,436.55,152.29,364.53,0.7016,-1,-1,-1
22,5,723.11,458.49,42.83,114.82,0.3665,-1,-1,-1
22,10,1253.71,438.02,40.11,107.25,0.3670,-1,-1,-1
23,1,1469.31,411.59,201.04,395.15,0.4800,-1,-1,-1
23,2,583.90,443.83,105.30,269.03,0.7761,-1,-1,-1
23,3,461.35,446.36,109.95,281.49,0.6872,-1,-1,-1
23,4,1633.96,427.07,131.94,374.45,0.6269,-1,-1,-1
23,5,720.65,463.78,46.60,107.18,0.3624,-1,-1,-1
23,10,1251.88,440.19,38.49,103.29,0.3384,-1,-1,-1
24,1,1476.80,408.05,215.97,408.46,0.7030,-1,-1,-1
24,2,584.38,443.82,105.43,268.56,0.7546,-1,-1,-1
24,3,466.99,445.36,109.41,285.00,0.6836,-1,-1,-1
24,4,1644.15,421.23,123.09,378.28,0.6255,-1,-1,-1
24,5,721.17,461.87,48.43,107.96,0.4306,-1,-1,-1
24,10,1253.22,438.25,41.26,107.28,0.2964,-1,-1,-1
25,1,1485.00,406.76,216.61,411.69,0.6344,-1,-1,-1
25,2,585.08,443.72,105.17,268.72,0.7429,-1,-1,-1
25,3,467.32,444.75,111.17,288.29,0.6332,-1,-1,-1
25,4,1655.83,417.18,122.29,384.67,0.6674,-1,-1,-1
25,5,720.08,462.84,49.40,104.78,0.4012,-1,-1,-1
25,10,1251.26,441.31,37.04,101.91,0.3037,-1,-1,-1
26,1,1493.76,408.62,232.80,411.23,0.5969,-1,-1,-1
26,2,586.23,444.07,103.15,268.70,0.7239,-1,-1,-1
26,3,467.96,442.02,112.29,293.46,0.6587,-1,-1,-1
26,4,1662.63,419.50,115.17,381.96,0.6624,-1,-1,-1
26,5,719.82,463.27,50.29,104.27,0.4406,-1,-1,-1
26,10,1250.86,442.11,35.40,99.57,0.3014,-1,-1,-1
27,1,1508.76,410.33,223.86,411.79,0.5635,-1,-1,-1
27,2,587.89,443.57,100.80,269.93,0.7293,-1,-1,-1
27,3,469.24,443.47,112.17,290.52,0.6229,-1,-1,-1
27,4,1674.26,414.32,112.44,384.14,0.6655,-1,-1,-1
27,5,720.33,458.60,46.81,109.02,0.3563,-1,-1,-1
27,10,1250.85,442.29,34.52,98.38,0.2494,-1,-1,-1
28,1,1528.78,404.92,191.42,423.02,0.5832,-1,-1,-1
28,2,591.52,443.40,98.45,270.64,0.7385,-1,-1,-1
28,3,471.76,441.98,110.93,292.69,0.6023,-1,-1,-1
28,4,1682.87,411.12,114.26,385.21,0.6573,-1,-1,-1
28,5,720.53,460.52,48.61,107.81,0.3624,-1,-1,-1
28,10,1251.09,443.62,31.62,96.52,0.2580,-1,-1,-1
29,1,1547.17,396.59,170.84,432.78,0.7036,-1,-1,-1
29,2,593.73,443.53,97.29,270.66,0.7304,-1,-1,-1
29,3,474.25,442.05,110.07,292.10,0.5849,-1,-1,-1
29,4,1684.70,418.80,128.15,381.58,0.7146,-1,-1,-1
29,5,720.73,460.37,50.12,110.81,0.3499,-1,-1,-1
29,10,1251.07,443.91,30.46,97.09,0.2249,-1,-1,-1
29,11,1426.90,436.12,54.44,122.02,0.5403,-1,-1,-1
30,1,1573.87,391.91,153.01,437.41,0.7470,-1,-1,-1
30,2,595.21,443.48,97.13,271.24,0.7481,-1,-1,-1
30,3,476.45,442.16,109.45,292.14,0.6443,-1,-1,-1
30,4,1680.16,426.36,152.85,374.58,0.6402,-1,-1,-1
30,5,721.84,458.67,46.67,113.94,0.3649,-1,-1,-1
30,10,1251.13,443.00,30.56,98.76,0.1988,-1,-1,-1
30,11,1432.21,433.18,49.29,124.57,0.5944,-1,-1,-1
31,1,1593.74,390.69,157.88,437.63,0.7354,-1,-1,-1
31,2,597.91,443.18,95.56,272.11,0.7511,-1,-1,-1
31,3,477.03,443.15,111.10,288.66,0.6514,-1,-1,-1
31,4,1694.81,418.86,182.53,387.25,0.6600,-1,-1,-1
31,5,721.70,457.56,45.03,117.82,0.4385,-1,-1,-1
31,10,1250.61,442.43,32.30,99.68,0.2234,-1,-1,-1
31,11,1440.83,430.32,43.42,127.30,0.5753,-1,-1,-1
32,1,1605.70,393.86,164.16,441.34,0.7909,-1,-1,-1
32,2,599.78,443.08,94.95,272.77,0.7618,-1,-1,-1
32,3,478.55,444.25,110.58,288.71,0.6388,-1,-1,-1
32,4,1715.53,417.88,184.86,389.58,0.7328,-1,-1,-1
32,5,721.25,458.67,43.05,119.29,0.4238,-1,-1,-1
32,10,1250.62,441.71,32.18,100.37,0.1952,-1,-1,-1
32,11,1446.78,430.69,39.99,126.58,0.5309,-1,-1,-1
33,1,1611.83,394.26,172.28,450.32,0.8077,-1,-1,-1
33,2,601.21,443.88,94.71,271.68,0.7665,-1,-1,-1
33,3,479.58,444.06,109.99,292.86,0.7040,-1,-1,-1
33,4,1730.94,414.39,185.27,396.79,0.6485,-1,-1,-1
33,5,720.11,458.80,42.60,119.04,0.3715,-1,-1,-1
33,10,1250.49,441.52,33.06,101.65,0.2669,-1,-1,-1
33,11,1450.70,431.13,39.22,126.25,0.5776,-1,-1,-1
33,12,1079.69,451.70,54.15,144.18,0.3800,-1,-1,-1
34,1,1615.52,394.33,182.83,448.28,0.8035,-1,-1,-1
34,2,604.26,443.47,91.99,271.88,0.7622,-1,-1,-1
34,3,479.56,443.97,110.42,298.48,0.7294,-1,-1,-1
34,4,1742.40,447.08,181.08,369.01,0.3175,-1,-1,-1
34,5,718.14,457.13,42.42,120.68,0.3645,-1,-1,-1
34,10,1249.85,440.31,33.75,103.20,0.2929,-1,-1,-1
34,11,1454.57,430.84,39.42,126.59,0.6021,-1,-1,-1
34,12,1079.13,447.42,54.16,148.01,0.2636,-1,-1,-1
35,1,1621.31,393.22,195.06,454.30,0.8495,-1,-1,-1
35,2,605.52,443.92,91.42,271.22,0.7724,-1,-1,-1
35,3,478.69,443.89,111.24,300.13,0.7405,-1,-1,-1
35,4,1758.34,431.09,166.05,394.61,0.4127,-1,-1,-1
35,5,718.63,458.36,41.22,119.49,0.3464,-1,-1,-1
35,10,1249.85,439.20,33.06,104.12,0.2468,-1,-1,-1
35,11,1456.47,431.74,38.94,124.97,0.5705,-1,-1,-1
35,12,1078.48,449.91,52.70,145.95,0.2968,-1,-1,-1
36,1,1628.29,394.69,212.20,466.10,0.8186,-1,-1,-1
36,2,607.03,444.21,90.33,270.68,0.7723,-1,-1,-1
36,3,477.47,443.96,112.65,302.05,0.7076,-1,-1,-1
36,4,1765.60,420.07,158.17,403.24,0.5506,-1,-1,-1
36,5,716.55,457.03,42.75,120.08,0.3119,-1,-1,-1
36,10,1250.02,438.06,33.23,105.70,0.2602,-1,-1,-1
36,11,1457.55,432.70,40.97,124.79,0.5762,-1,-1,-1
36,12,1078.71,450.02,51.84,145.93,0.3282,-1,-1,-1
37,1,1633.36,396.56,243.21,471.66,0.7920,-1,-1,-1
37,2,608.48,444.77,89.96,270.11,0.7700,-1,-1,-1
37,3,477.36,444.49,112.63,296.99,0.6657,-1,-1,-1
37,4,1774.42,419.93,148.96,401.86,0.6046,-1,-1,-1
37,5,716.56,454.58,42.85,122.98,0.3142,-1,-1,-1
37,10,1253.57,435.55,40.34,110.46,0.2593,-1,-1,-1
37,11,1460.98,433.12,42.18,125.30,0.5475,-1,-1,-1
37,12,1081.11,450.53,49.43,145.36,0.1797,-1,-1,-1
38,1,1634.49,400.66,252.94,473.64,0.8539,-1,-1,-1
38,2,608.97,444.21,90.34,271.04,0.7669,-1,-1,-1
38,3,477.57,444.70,113.91,291.45,0.6852,-1,-1,-1
38,4,1789.77,426.44,133.02,393.13,0.2768,-1,-1,-1
38,5,713.75,453.14,44.82,128.54,0.3083,-1,-1,-1
38,10,1255.29,432.06,40.40,113.59,0.3234,-1,-1,-1
38,11,1463.02,432.29,43.46,126.02,0.6033,-1,-1,-1
38,12,1083.36,453.33,47.91,142.38,0.1876,-1,-1,-1
39,1,1635.19,403.10,261.69,473.20,0.8709,-1,-1,-1
39,2,609.25,443.38,91.74,272.14,0.7798,-1,-1,-1
39,3,478.04,444.56,114.28,293.46,0.7067,-1,-1,-1
39,4,1808.87,429.31,112.59,380.67,0.5205,-1,-1,-1
39,5,715.64,452.69,43.41,126.71,0.2409,-1,-1,-1
39,10,1256.13,430.88,40.77,114.80,0.4199,-1,-1,-1
39,11,1464.36,431.91,44.96,125.77,0.5844,-1,-1,-1
39,12,1082.52,452.88,49.52,142.40,0.2786,-1,-1,-1
40,1,1635.38,404.08,270.52,474.28,0.8623,-1,-1,-1
40,2,610.00,443.64,91.69,272.32,0.7745,-1,-1,-1
40,3,477.32,445.52,116.27,295.05,0.6820,-1,-1,-1
40,4,1819.17,424.65,102.83,387.11,0.5961,-1,-1,-1
40,10,1256.39,431.31,39.71,114.47,0.4410,-1,-1,-1
40,11,1466.10,432.82,46.67,124.12,0.5644,-1,-1,-1
40,12,1083.48,453.15,48.00,142.10,0.1895,-1,-1,-1
41,1,1639.28,401.82,280.38,482.13,0.8654,-1,-1,-1
41,2,612.03,443.58,91.77,272.69,0.7916,-1,-1,-1
41,3,478.71,446.86,114.48,295.05,0.6837,-1,-1,-1
41,4,1831.27,405.39,90.55,410.06,0.6853,-1,-1,-1
41,10,1256.57,430.51,40.00,115.31,0.4798,-1,-1,-1
41,11,1466.19,433.99,50.21,121.72,0.5074,-1,-1,-1
41,12,1082.95,454.87,47.82,140.90,0.1921,-1,-1,-1
42,1,1644.54,401.29,276.87,480.69,0.8416,-1,-1,-1
42,2,613.66,443.00,90.65,272.30,0.7991,-1,-1,-1
42,3,476.18,447.34,117.36,300.99,0.6609,-1,-1,-1
42,4,1841.99,395.16,79.29,422.51,0.6498,-1,-1,-1
42,10,1256.63,429.94,40.62,115.80,0.4899,-1,-1,-1
42,11,1467.83,434.50,50.70,121.06,0.5556,-1,-1,-1
42,12,1082.49,455.13,49.48,140.79,0.3295,-1,-1,-1
43,1,1653.74,402.89,269.15,480.90,0.8502,-1,-1,-1
43,2,615.27,443.33,89.96,271.82,0.7885,-1,-1,-1
43,3,470.08,446.08,121.86,306.45,0.6245,-1,-1,-1
43,4,1852.09,393.48,68.71,425.83,0.5920,-1,-1,-1
43,10,1256.89,427.17,42.00,118.36,0.4711,-1,-1,-1
43,11,1469.62,433.55,51.58,121.75,0.5798,-1,-1,-1
43,12,1083.06,451.51,49.30,145.88,0.2818,-1,-1,-1
44,1,1664.85,396.10,255.66,485.25,0.8459,-1,-1,-1
44,2,615.60,443.57,90.59,271.41,0.7991,-1,-1,-1
44,3,468.95,446.12,123.80,312.21,0.6483,-1,-1,-1
44,4,1863.61,410.07,56.75,405.80,0.4910,-1,-1,-1
44,10,1256.91,426.72,42.03,118.93,0.4572,-1,-1,-1
44,11,1472.62,434.89,50.10,120.66,0.5328,-1,-1,-1
44,12,1082.85,450.56,49.52,147.54,0.3550,-1,-1,-1
45,1,1684.64,394.13,232.50,485.25,0.7947,-1,-1,-1
45,2,616.57,443.10,90.94,271.53,0.7779,-1,-1,-1
45,3,467.96,444.23,123.70,314.78,0.6361,-1,-1,-1
45,4,1870.44,420.28,49.60,395.05,0.3514,-1,-1,-1
45,10,1257.58,425.89,42.17,119.66,0.4573,-1,-1,-1
45,11,1477.77,433.98,44.45,121.28,0.4932,-1,-1,-1
45,12,1081.82,449.56,50.58,148.65,0.3827,-1,-1,-1
45,5,699.56,454.32,55.53,200.78,0.3513,-1,-1,-1
46,1,1708.41,392.28,211.83,487.44,0.6311,-1,-1,-1
46,2,617.21,442.37,93.08,272.39,0.7589,-1,-1,-1
46,3,466.40,444.78,125.95,318.04,0.6336,-1,-1,-1
46,4,1877.81,401.96,42.05,427.86,0.3968,-1,-1,-1
46,10,1258.22,424.22,42.32,121.36,0.4614,-1,-1,-1
46,11,1483.51,434.97,37.77,119.87,0.5207,-1,-1,-1
46,12,1081.58,449.02,50.48,148.24,0.3025,-1,-1,-1
46,5,696.67,451.82,58.24,209.37,0.2506,-1,-1,-1
47,1,1757.71,387.16,162.03,493.71,0.7072,-1,-1,-1
47,2,617.18,441.74,93.12,272.76,0.7759,-1,-1,-1
47,3,464.71,444.44,127.64,320.14,0.6300,-1,-1,-1
47,10,1258.65,423.95,43.01,121.34,0.4925,-1,-1,-1
47,11,1488.23,432.57,34.34,120.72,0.5148,-1,-1,-1
47,12,1080.61,449.85,51.31,146.77,0.2799,-1,-1,-1
47,5,696.05,454.05,57.99,209.32,0.5481,-1,-1,-1
48,1,1775.47,386.07,145.06,492.06,0.7902,-1,-1,-1
48,2,618.44,441.26,93.56,272.60,0.7453,-1,-1,-1
48,3,468.20,443.92,123.53,319.41,0.6478,-1,-1,-1
48,10,1259.05,425.96,41.49,119.22,0.4473,-1,-1,-1
48,11,1494.96,437.02,31.12,116.16,0.2992,-1,-1,-1
48,12,1080.13,453.14,51.97,143.06,0.2938,-1,-1,-1
48,5,697.04,453.49,61.33,210.66,0.3833,-1,-1,-1
49,1,1795.76,385.21,125.39,492.87,0.8008,-1,-1,-1
49,2,619.09,441.21,94.12,272.07,0.7553,-1,-1,-1
49,3,470.60,444.21,120.59,318.46,0.6379,-1,-1,-1
49,10,1259.26,431.76,40.82,114.74,0.4597,-1,-1,-1
49,12,1079.75,458.11,52.06,137.73,0.2705,-1,-1,-1
49,5,697.55,454.48,63.30,210.42,0.4394,-1,-1,-1
50,1,1810.34,385.16,111.09,496.61,0.8413,-1,-1,-1
50,2,618.53,441.50,97.65,272.25,0.7558,-1,-1,-1
50,3,465.81,443.76,124.16,317.09,0.6202,-1,-1,-1
50,10,1259.59,436.26,39.58,110.71,0.4424,-1,-1,-1
50,12,1079.26,453.77,52.98,141.94,0.2757,-1,-1,-1
50,5,700.74,452.22,64.18,212.86,0.3784,-1,-1,-1
50,11,1499.41,437.24,37.56,118.48,0.3538,-1,-1,-1
51,1,1818.86,383.89,101.65,498.82,0.8292,-1,-1,-1
51,2,618.72,441.44,99.41,272.35,0.7624,-1,-1,-1
51,3,455.84,443.45,133.74,315.53,0.6073,-1,-1,-1
51,10,1259.71,435.48,39.50,111.59,0.4811,-1,-1,-1
51,12,1078.39,453.45,54.20,141.96,0.2883,-1,-1,-1
51,5,701.21,456.04,65.97,209.29,0.3371,-1,-1,-1
51,13,582.17,439.56,50.11,145.37,0.3442,-1,-1,-1
51,11,1500.88,438.16,41.23,116.89,0.4205,-1,-1,-1
52,1,1826.97,385.07,92.96,495.79,0.8110,-1,-1,-1
52,2,619.73,442.28,99.16,271.64,0.7493,-1,-1,-1
52,3,463.40,444.45,127.28,315.23,0.6581,-1,-1,-1
52,10,1259.65,433.31,38.70,112.86,0.4706,-1,-1,-1
52,12,1079.44,452.99,53.14,142.17,0.3607,-1,-1,-1
52,5,701.30,456.49,68.60,208.75,0.3030,-1,-1,-1
52,13,587.33,444.01,46.71,140.43,0.3516,-1,-1,-1
52,11,1501.68,437.19,45.15,118.24,0.4086,-1,-1,-1
53,1,1829.21,383.93,90.76,499.89,0.7788,-1,-1,-1
53,2,620.78,443.17,97.40,270.47,0.7480,-1,-1,-1
53,3,463.73,445.78,127.60,313.07,0.6523,-1,-1,-1
53,10,1259.51,431.23,40.10,114.77,0.5283,-1,-1,-1
53,12,1081.19,451.92,51.73,142.61,0.2599,-1,-1,-1
53,5,696.02,455.24,70.14,209.07,0.4776,-1,-1,-1
53,13,590.66,448.70,44.48,135.74,0.3012,-1,-1,-1
53,11,1501.31,434.47,50.64,120.70,0.3681,-1,-1,-1
54,1,1825.91,388.60,94.43,497.80,0.7338,-1,-1,-1
54,2,622.84,442.75,96.50,271.81,0.7378,-1,-1,-1
54,3,466.59,445.90,125.35,313.99,0.6936,-1,-1,-1
54,10,1259.48,430.59,40.19,115.04,0.5063,-1,-1,-1
54,12,1081.83,453.82,50.51,140.43,0.2675,-1,-1,-1
54,5,693.99,453.53,77.22,210.34,0.3704,-1,-1,-1
54,13,589.84,448.53,45.49,135.91,0.2937,-1,-1,-1
54,11,1518.02,440.26,41.91,113.86,0.4725,-1,-1,-1
55,1,1825.72,411.08,94.74,476.59,0.7188,-1,-1,-1
55,2,623.55,442.21,93.60,272.69,0.7449,-1,-1,-1
55,3,469.23,445.29,122.23,315.03,0.7047,-1,-1,-1
55,10,1259.64,429.78,40.30,116.09,0.5006,-1,-1,-1
55,12,1082.03,454.20,50.03,139.99,0.2885,-1,-1,-1
55,5,692.93,455.13,76.62,208.92,0.3829,-1,-1,-1
55,13,587.48,449.16,47.58,134.98,0.3503,-1,-1,-1
55,11,1527.07,437.98,39.03,115.08,0.4747,-1,-1,-1
56,1,1827.26,428.99,92.76,458.60,0.5923,-1,-1,-1
56,2,623.82,441.67,92.78,273.32,0.7332,-1,-1,-1
56,3,471.55,445.41,119.84,314.43,0.7116,-1,-1,-1
56,10,1259.90,427.23,40.51,118.34,0.5103,-1,-1,-1
56,12,1082.27,455.15,50.09,139.36,0.3267,-1,-1,-1
56,5,694.21,455.68,71.07,208.01,0.4712,-1,-1,-1
56,13,585.78,447.01,49.30,136.77,0.3658,-1,-1,-1
56,11,1531.28,440.79,36.33,111.81,0.4983,-1,-1,-1
57,1,1829.64,407.71,90.18,479.81,0.3797,-1,-1,-1
57,2,623.92,442.32,91.25,272.96,0.7316,-1,-1,-1
57,3,470.94,446.67,120.88,313.13,0.6685,-1,-1,-1
57,10,1260.19,430.57,40.00,114.66,0.5177,-1,-1,-1
57,12,1083.08,455.86,49.15,138.55,0.2474,-1,-1,-1
57,5,694.34,455.57,70.00,210.11,0.5819,-1,-1,-1
57,13,583.99,443.06,48.73,141.66,0.4224,-1,-1,-1
57,11,1533.87,438.38,35.88,113.75,0.4885,-1,-1,-1
58,1,1831.36,429.38,88.44,457.64,0.3321,-1,-1,-1
58,2,625.52,443.34,92.58,271.83,0.7338,-1,-1,-1
58,3,473.18,445.77,119.30,312.58,0.6645,-1,-1,-1
58,10,1260.54,432.19,40.45,113.16,0.5224,-1,-1,-1
58,12,1084.33,460.24,47.71,133.86,0.2557,-1,-1,-1
58,5,694.95,465.43,68.92,203.05,0.2258,-1,-1,-1
58,13,583.08,445.97,48.19,139.04,0.3944,-1,-1,-1
58,11,1534.95,436.29,34.59,115.88,0.4179,-1,-1,-1
59,1,1833.81,504.09,85.91,382.09,0.2093,-1,-1,-1
59,2,626.32,443.04,92.62,271.96,0.7174,-1,-1,-1
59,3,474.56,443.95,119.49,315.68,0.7115,-1,-1,-1
59,10,1260.30,432.59,42.20,112.68,0.5375,-1,-1,-1
59,12,1084.93,466.62,46.57,127.19,0.2039,-1,-1,-1
59,5,696.26,461.91,69.43,209.47,0.4745,-1,-1,-1
59,13,583.79,448.49,49.02,135.58,0.3643,-1,-1,-1
59,11,1537.42,434.75,33.34,118.18,0.3590,-1,-1,-1
60,1,1839.69,435.23,80.12,449.52,0.1653,-1,-1,-1
60,2,625.84,443.15,92.93,274.04,0.7133,-1,-1,-1
60,3,473.55,442.15,125.06,318.33,0.7235,-1,-1,-1
60,10,1260.03,434.41,42.39,111.36,0.5483,-1,-1,-1
60,12,1084.74,464.81,46.61,129.06,0.2504,-1,-1,-1
60,5,697.31,457.76,68.94,214.79,0.5755,-1,-1,-1
60,13,584.00,450.15,49.78,133.76,0.3241,-1,-1,-1
60,11,1538.19,430.05,33.42,122.02,0.2522,-1,-1,-1
61,2,624.95,443.62,93.54,276.44,0.7076,-1,-1,-1
61,3,473.78,443.15,131.54,316.82,0.6857,-1,-1,-1
61,10,1259.65,429.96,42.58,115.83,0.5334,-1,-1,-1
61,12,1084.15,456.74,47.81,137.72,0.3026,-1,-1,-1
61,5,698.70,456.46,68.25,216.89,0.5454,-1,-1,-1
61,13,584.51,454.28,46.86,130.37,0.2866,-1,-1,-1
61,11,1543.91,431.17,33.62,118.04,0.2595,-1,-1,-1
62,2,624.19,444.47,91.64,275.78,0.7231,-1,-1,-1
62,3,478.16,442.91,134.80,318.22,0.7253,-1,-1,-1
62,10,1259.49,430.21,41.45,115.26,0.5513,-1,-1,-1
62,12,1086.58,444.77,46.04,150.43,0.1811,-1,-1,-1
62,5,698.77,454.73,67.65,218.98,0.6205,-1,-1,-1
62,13,587.08,456.99,45.26,127.87,0.2778,-1,-1,-1
62,11,1547.71,437.02,33.02,111.99,0.2698,-1,-1,-1
63,2,622.33,444.94,90.95,275.77,0.7394,-1,-1,-1
63,3,479.17,441.13,138.15,319.71,0.7258,-1,-1,-1
63,10,1259.61,431.04,40.72,113.94,0.5325,-1,-1,-1
63,12,1087.36,439.89,45.50,155.70,0.2182,-1,-1,-1
63,5,697.32,457.29,69.30,216.02,0.6623,-1,-1,-1
63,13,584.72,456.41,46.28,128.74,0.2191,-1,-1,-1
64,2,620.08,444.58,92.45,277.57,0.7434,-1,-1,-1
64,3,483.02,441.87,139.05,318.89,0.7207,-1,-1,-1
64,10,1259.42,433.16,40.26,111.21,0.5248,-1,-1,-1
64,12,1087.70,439.07,44.37,155.69,0.2176,-1,-1,-1
64,5,696.94,453.52,69.64,220.60,0.6382,-1,-1,-1
64,13,583.12,451.87,47.72,133.99,0.1945,-1,-1,-1
65,2,619.45,446.61,92.34,276.67,0.7432,-1,-1,-1
65,3,491.99,444.44,134.71,316.96,0.7891,-1,-1,-1
65,10,1259.15,437.30,40.24,107.21,0.5288,-1,-1,-1
65,12,1086.75,436.29,46.57,158.17,0.3380,-1,-1,-1
65,5,696.19,450.85,69.33,225.29,0.6805,-1,-1,-1
66,2,620.16,447.73,91.26,276.04,0.7595,-1,-1,-1
66,3,494.99,446.51,138.35,317.06,0.7290,-1,-1,-1
66,10,1259.01,438.84,40.37,105.81,0.5299,-1,-1,-1
66,12,1088.67,436.99,44.80,139.57,0.2599,-1,-1,-1
66,5,697.45,452.36,69.15,224.21,0.6785,-1,-1,-1
67,2,619.44,447.43,92.20,275.46,0.7469,-1,-1,-1
67,3,490.04,447.14,146.45,320.76,0.6450,-1,-1,-1
67,10,1259.87,440.88,39.07,103.49,0.5144,-1,-1,-1
67,12,1092.33,437.59,41.02,128.00,0.2020,-1,-1,-1
67,5,698.00,453.22,70.67,224.33,0.6750,-1,-1,-1
68,2,617.06,446.68,95.11,275.48,0.7348,-1,-1,-1
68,3,488.60,448.51,150.58,318.51,0.6445,-1,-1,-1
68,10,1259.97,437.48,39.31,107.05,0.4910,-1,-1,-1
68,12,1088.44,436.35,45.55,148.92,0.3230,-1,-1,-1
68,5,699.28,454.81,71.12,221.84,0.6768,-1,-1,-1
68,14,1543.66,429.00,39.85,122.56,0.3744,-1,-1,-1
69,2,614.97,446.88,96.94,275.29,0.7570,-1,-1,-1
69,3,488.87,446.91,153.40,320.47,0.6183,-1,-1,-1
69,10,1259.92,437.10,39.20,107.34,0.5127,-1,-1,-1
69,12,1087.81,436.77,46.25,154.86,0.2479,-1,-1,-1
69,5,698.15,455.98,72.29,221.46,0.6662,-1,-1,-1
69,14,1542.07,422.09,43.20,129.75,0.4741,-1,-1,-1
70,2,612.12,446.18,99.58,275.19,0.7601,-1,-1,-1
70,3,491.58,444.33,150.57,322.10,0.7277,-1,-1,-1
70,10,1259.76,437.66,39.16,106.80,0.5125,-1,-1,-1
70,12,1086.79,436.89,47.31,156.98,0.2497,-1,-1,-1
70,5,698.23,457.26,72.02,220.75,0.6309,-1,-1,-1
70,14,1542.05,419.66,46.12,132.92,0.5872,-1,-1,-1
71,2,611.14,445.77,100.03,276.07,0.7684,-1,-1,-1
71,3,495.98,443.37,147.41,323.61,0.7339,-1,-1,-1
71,10,1259.66,437.29,39.23,107.21,0.5172,-1,-1,-1
71,12,1079.63,443.41,50.98,151.64,0.2020,-1,-1,-1
71,5,698.51,458.49,69.52,220.27,0.5868,-1,-1,-1
71,14,1541.97,419.64,47.65,133.30,0.5763,-1,-1,-1
72,2,611.82,444.79,98.39,277.16,0.7654,-1,-1,-1
72,3,498.22,443.79,145.68,323.44,0.7411,-1,-1,-1
72,10,1259.68,432.02,39.98,112.45,0.5148,-1,-1,-1
72,12,1085.45,439.29,47.03,155.17,0.2428,-1,-1,-1
72,5,698.90,458.48,70.26,221.26,0.5848,-1,-1,-1
72,14,1542.28,419.88,47.01,132.87,0.5702,-1,-1,-1
73,2,614.26,443.89,96.34,278.05,0.7675,-1,-1,-1
73,3,501.97,444.43,142.09,323.50,0.7758,-1,-1,-1
73,10,1259.79,431.16,40.25,113.07,0.5072,-1,-1,-1
73,12,1081.60,440.53,50.18,154.05,0.2793,-1,-1,-1
73,5,700.06,458.45,70.85,220.72,0.6001,-1,-1,-1
73,14,1544.70,418.95,44.98,133.33,0.5324,-1,-1,-1
74,2,617.62,442.85,92.90,280.15,0.7754,-1,-1,-1
74,3,506.03,444.18,139.96,326.29,0.7380,-1,-1,-1
74,10,1260.19,428.97,40.51,115.57,0.5175,-1,-1,-1
74,12,1078.44,441.22,52.31,153.78,0.3238,-1,-1,-1
74,5,701.51,455.83,74.78,222.31,0.5744,-1,-1,-1
74,14,1545.70,418.68,42.26,131.12,0.2982,-1,-1,-1
75,2,619.65,441.00,89.45,282.45,0.7709,-1,-1,-1
75,3,507.15,442.68,138.92,326.34,0.7344,-1,-1,-1
75,10,1259.72,428.25,40.95,116.80,0.5280,-1,-1,-1
75,12,1078.54,439.60,53.23,156.69,0.3300,-1,-1,-1
75,5,702.27,454.91,75.90,222.00,0.6335,-1,-1,-1
76,2,621.73,441.35,87.22,282.10,0.7707,-1,-1,-1
76,3,512.40,445.37,132.24,321.80,0.7663,-1,-1,-1
76,10,1259.79,427.74,41.26,117.13,0.5214,-1,-1,-1
76,12,1076.82,440.48,53.80,154.93,0.3036,-1,-1,-1
76,5,702.38,452.04,79.30,224.73,0.6649,-1,-1,-1
77,2,622.51,441.08,85.29,283.85,0.7673,-1,-1,-1
77,3,517.39,446.56,127.07,320.31,0.7640,-1,-1,-1
77,10,1259.86,427.56,41.28,117.20,0.5268,-1,-1,-1
77,12,1076.02,440.89,54.34,154.33,0.2720,-1,-1,-1
77,5,701.71,448.29,82.90,228.39,0.6316,-1,-1,-1
78,2,626.60,441.39,81.61,281.91,0.7763,-1,-1,-1
78,3,517.10,445.69,126.84,321.61,0.7210,-1,-1,-1
78,10,1260.76,438.53,40.02,105.81,0.4768,-1,-1,-1
78,12,1075.65,448.92,54.67,146.21,0.2533,-1,-1,-1
78,5,702.37,451.35,86.15,225.94,0.6612,-1,-1,-1
79,2,629.15,440.62,78.94,282.35,0.7682,-1,-1,-1
79,3,515.97,446.08,127.36,322.48,0.5518,-1,-1,-1
79,10,1260.90,438.82,40.44,105.52,0.4631,-1,-1,-1
79,12,1075.81,457.76,53.54,138.05,0.2227,-1,-1,-1
79,5,703.82,455.60,90.95,221.52,0.6627,-1,-1,-1
80,2,630.26,439.70,79.27,283.79,0.7416,-1,-1,-1
80,3,511.59,445.78,133.43,324.73,0.5079,-1,-1,-1
80,10,1260.94,437.20,40.93,107.17,0.4884,-1,-1,-1
80,12,1072.79,462.77,55.51,133.47,0.1594,-1,-1,-1
80,5,706.22,457.52,95.19,220.09,0.7268,-1,-1,-1
81,2,631.53,437.29,80.46,287.74,0.7148,-1,-1,-1
81,3,508.45,445.54,137.90,327.74,0.4912,-1,-1,-1
81,10,1260.95,435.33,41.17,109.00,0.4968,-1,-1,-1
81,12,1070.54,459.43,57.70,136.96,0.1748,-1,-1,-1
81,5,707.62,458.28,98.57,220.27,0.7117,-1,-1,-1
82,2,632.55,438.58,79.73,288.28,0.6818,-1,-1,-1
82,3,540.85,446.85,105.71,331.10,0.5214,-1,-1,-1
82,10,1261.13,438.37,40.75,106.25,0.4998,-1,-1,-1
82,12,1074.93,456.87,54.24,139.50,0.2738,-1,-1,-1
82,5,708.33,458.57,103.47,220.56,0.7308,-1,-1,-1
82,15,487.99,447.83,51.67,132.09,0.3797,-1,-1,-1
83,2,633.57,440.38,80.34,288.28,0.6489,-1,-1,-1
83,3,558.91,445.21,88.11,335.17,0.4477,-1,-1,-1
83,10,1261.63,435.21,41.32,109.66,0.4576,-1,-1,-1
83,12,1078.74,448.24,53.91,148.53,0.3025,-1,-1,-1
83,5,710.41,458.26,104.92,222.19,0.7128,-1,-1,-1
83,15,489.39,448.16,50.07,128.03,0.3089,-1,-1,-1
83,16,501.79,450.89,100.46,302.62,0.5310,-1,-1,-1
84,2,633.18,441.88,85.24,288.34,0.5869,-1,-1,-1
84,3,565.48,443.09,83.47,338.69,0.5383,-1,-1,-1
84,10,1262.20,435.55,40.64,109.50,0.4273,-1,-1,-1
84,12,1077.90,451.82,53.67,144.60,0.2701,-1,-1,-1
84,5,711.65,459.97,107.79,221.18,0.7029,-1,-1,-1
84,15,487.98,448.58,50.71,131.28,0.3266,-1,-1,-1
84,16,505.98,451.28,95.55,293.00,0.4674,-1,-1,-1
85,2,632.66,443.57,86.72,288.15,0.5715,-1,-1,-1
85,3,559.72,439.72,89.27,344.94,0.4762,-1,-1,-1
85,10,1262.98,438.99,39.85,105.87,0.3927,-1,-1,-1
85,12,1078.89,455.38,52.50,140.98,0.3136,-1,-1,-1
85,5,716.58,458.75,104.48,223.62,0.7241,-1,-1,-1
85,15,487.16,448.15,52.63,133.37,0.3930,-1,-1,-1
85,16,509.86,451.80,93.31,299.05,0.4019,-1,-1,-1
86,2,632.61,444.10,91.46,288.50,0.5458,-1,-1,-1
86,3,557.04,444.09,92.34,341.93,0.3533,-1,-1,-1
86,10,1263.41,440.01,39.39,104.57,0.4202,-1,-1,-1
86,12,1081.78,457.80,49.08,138.47,0.2332,-1,-1,-1
86,5,719.29,457.27,102.15,225.31,0.7347,-1,-1,-1
86,15,488.17,448.93,52.47,134.87,0.4016,-1,-1,-1
86,16,514.84,452.30,91.79,304.05,0.4529,-1,-1,-1
87,2,634.32,443.80,90.26,288.60,0.5315,-1,-1,-1
87,3,554.74,445.16,100.21,341.13,0.3822,-1,-1,-1
87,10,1262.87,434.38,39.52,109.76,0.4074,-1,-1,-1
87,5,720.36,456.38,101.71,225.44,0.7201,-1,-1,-1
87,15,488.19,450.56,51.08,134.13,0.3496,-1,-1,-1
87,16,515.22,452.54,93.44,307.62,0.4481,-1,-1,-1
88,2,635.98,446.10,93.09,286.63,0.5833,-1,-1,-1
88,3,556.13,442.63,96.03,341.94,0.4500,-1,-1,-1
88,10,1262.74,431.41,40.04,112.71,0.4244,-1,-1,-1
88,5,723.17,454.34,99.36,227.70,0.6861,-1,-1,-1
88,15,487.34,450.50,57.42,138.79,0.2512,-1,-1,-1
88,16,514.63,451.50,94.67,308.26,0.4862,-1,-1,-1
89,2,638.41,448.73,93.68,284.53,0.5885,-1,-1,-1
89,3,578.48,447.64,81.06,301.66,0.4556,-1,-1,-1
89,10,1262.58,431.11,40.60,113.34,0.4328,-1,-1,-1
89,5,724.58,452.09,99.02,230.17,0.7354,-1,-1,-1
89,15,486.13,450.72,54.94,136.84,0.2743,-1,-1,-1
89,16,511.47,450.64,95.78,307.26,0.5519,-1,-1,-1
90,2,641.68,446.61,90.64,286.21,0.6021,-1,-1,-1
90,3,589.40,448.63,73.99,286.65,0.4333,-1,-1,-1
90,10,1262.18,434.49,40.90,109.76,0.4306,-1,-1,-1
90,5,728.09,451.72,96.24,230.69,0.7265,-1,-1,-1
90,15,486.57,449.67,58.17,166.16,0.2490,-1,-1,-1
90,16,514.41,449.33,95.75,306.33,0.5641,-1,-1,-1
91,2,643.63,443.25,91.74,290.71,0.6818,-1,-1,-1
91,3,585.94,447.21,78.92,284.28,0.5625,-1,-1,-1
91,10,1261.69,436.91,39.09,108.52,0.3937,-1,-1,-1
91,5,731.61,453.39,93.22,229.06,0.6915,-1,-1,-1
91,15,486.98,450.79,54.41,149.66,0.2200,-1,-1,-1
91,16,513.41,449.18,97.24,301.07,0.6323,-1,-1,-1
91,12,1074.83,462.74,56.39,132.81,0.3909,-1,-1,-1
92,2,642.78,439.50,94.52,294.95,0.6772,-1,-1,-1
92,3,585.17,446.07,80.33,284.39,0.4986,-1,-1,-1
92,10,1260.68,436.56,39.65,109.05,0.4559,-1,-1,-1
92,5,732.83,453.98,93.17,228.19,0.6877,-1,-1,-1
92,15,487.15,450.75,53.14,141.79,0.2130,-1,-1,-1
92,16,512.06,448.23,98.51,302.00,0.6139,-1,-1,-1
92,12,1075.89,458.99,55.31,135.54,0.3437,-1,-1,-1
93,2,641.81,438.66,96.53,296.10,0.6732,-1,-1,-1
93,3,585.87,445.94,79.70,284.23,0.4924,-1,-1,-1
93,10,1260.35,436.02,39.80,109.64,0.4622,-1,-1,-1
93,5,735.28,456.53,91.96,225.26,0.7077,-1,-1,-1
93,15,488.04,450.87,50.79,139.26,0.1827,-1,-1,-1
93,16,511.96,447.86,99.03,302.67,0.6228,-1,-1,-1
93,12,1076.43,458.70,55.14,136.16,0.4069,-1,-1,-1
94,2,643.49,439.44,95.08,297.31,0.7240,-1,-1,-1
94,3,590.45,446.39,74.50,285.24,0.4788,-1,-1,-1
94,10,1260.26,436.89,39.98,108.88,0.4622,-1,-1,-1
94,5,737.89,454.87,91.31,226.87,0.7049,-1,-1,-1
94,16,515.32,448.41,95.42,302.75,0.5703,-1,-1,-1
94,12,1076.00,462.71,54.67,132.23,0.3347,-1,-1,-1
95,2,643.29,439.91,97.43,297.97,0.7415,-1,-1,-1
95,3,589.17,446.58,76.00,281.85,0.4524,-1,-1,-1
95,10,1258.71,435.87,41.68,110.22,0.5239,-1,-1,-1
95,5,740.10,452.98,90.16,229.71,0.6683,-1,-1,-1
95,16,513.28,448.22,96.85,302.34,0.5603,-1,-1,-1
95,12,1075.29,467.01,54.42,127.78,0.1938,-1,-1,-1
96,2,642.66,440.88,98.30,297.44,0.7596,-1,-1,-1
96,3,588.54,446.61,77.15,279.19,0.4057,-1,-1,-1
96,10,1258.14,435.13,41.73,111.27,0.4774,-1,-1,-1
96,5,744.08,454.46,87.67,228.69,0.6826,-1,-1,-1
96,16,510.50,447.07,97.90,303.73,0.5007,-1,-1,-1
97,2,644.28,441.36,98.08,296.86,0.7521,-1,-1,-1
97,3,587.42,446.50,77.80,279.62,0.3897,-1,-1,-1
97,10,1257.99,433.45,41.38,112.69,0.4493,-1,-1,-1
97,5,747.15,455.75,87.61,229.18,0.6977,-1,-1,-1
97,16,509.26,446.56,98.97,303.67,0.5037,-1,-1,-1
98,2,646.00,442.29,98.76,296.17,0.7793,-1,-1,-1
98,3,564.82,442.59,101.43,331.44,0.5216,-1,-1,-1
98,10,1257.54,436.66,42.00,109.79,0.5484,-1,-1,-1
98,5,751.02,457.41,87.42,228.60,0.7154,-1,-1,-1
98,16,506.55,446.48,100.47,304.63,0.5050,-1,-1,-1
99,2,647.24,442.62,99.40,295.87,0.7607,-1,-1,-1
99,3,563.48,442.93,103.04,348.17,0.5672,-1,-1,-1
99,10,1257.78,439.35,41.10,107.16,0.5309,-1,-1,-1
99,5,751.55,456.65,89.06,229.69,0.7762,-1,-1,-1
99,16,502.26,444.69,104.97,305.10,0.5339,-1,-1,-1
100,2,648.29,442.13,100.99,296.90,0.6841,-1,-1,-1
100,3,568.17,443.74,99.47,353.19,0.5903,-1,-1,-1
100,10,1257.89,441.11,40.51,105.64,0.5534,-1,-1,-1
100,5,753.66,454.50,87.01,231.75,0.7639,-1,-1,-1
100,16,498.53,441.26,105.29,304.30,0.5652,-1,-1,-1
101,2,648.40,442.50,104.20,296.88,0.7111,-1,-1,-1
101,3,563.00,442.51,106.14,358.94,0.6097,-1,-1,-1
101,10,1257.80,441.72,39.76,105.01,0.5541,-1,-1,-1
101,5,755.11,455.58,85.40,232.17,0.7582,-1,-1,-1
101,16,496.55,442.26,108.54,305.27,0.5475,-1,-1,-1
102,2,650.09,441.89,103.35,294.44,0.7174,-1,-1,-1
102,3,564.47,443.55,104.99,359.91,0.6218,-1,-1,-1
102,10,1256.91,441.00,37.79,105.92,0.5568,-1,-1,-1
102,5,754.81,456.57,87.61,231.10,0.7435,-1,-1,-1
102,16,497.21,441.15,104.29,305.50,0.5787,-1,-1,-1
103,2,650.95,440.88,105.62,294.55,0.7069,-1,-1,-1
103,3,565.56,443.99,105.84,360.18,0.5751,-1,-1,-1
103,10,1257.88,442.73,37.28,104.01,0.4838,-1,-1,-1
103,5,754.51,457.06,87.58,228.74,0.7244,-1,-1,-1
103,16,498.21,443.30,101.28,302.54,0.5507,-1,-1,-1
104,2,653.57,440.52,105.54,295.64,0.7208,-1,-1,-1
104,3,552.39,440.56,120.32,363.72,0.6640,-1,-1,-1
104,10,1256.79,442.54,36.66,104.80,0.4855,-1,-1,-1
104,5,755.40,457.77,87.37,229.45,0.7322,-1,-1,-1
104,16,498.82,444.71,106.07,305.47,0.3814,-1,-1,-1
105,2,655.39,439.97,105.74,297.30,0.7537,-1,-1,-1
105,3,541.18,437.73,132.75,365.34,0.7284,-1,-1,-1
105,10,1256.70,442.86,36.63,104.58,0.4585,-1,-1,-1
105,5,758.61,459.31,85.63,231.74,0.7587,-1,-1,-1
105,16,500.68,445.93,105.99,306.33,0.2081,-1,-1,-1
106,2,656.89,441.24,105.93,295.39,0.7512,-1,-1,-1
106,3,535.50,438.05,139.81,365.15,0.6723,-1,-1,-1
106,10,1255.57,442.40,38.17,105.76,0.4395,-1,-1,-1
106,5,760.07,459.04,85.41,233.70,0.7376,-1,-1,-1
106,16,500.93,444.21,106.24,308.43,0.2753,-1,-1,-1
107,2,658.19,441.22,108.78,295.27,0.7626,-1,-1,-1
107,3,533.57,438.39,144.14,364.23,0.6666,-1,-1,-1
107,10,1255.83,444.74,34.20,101.88,0.3547,-1,-1,-1
107,5,761.84,459.57,85.11,235.26,0.7346,-1,-1,-1
107,16,501.71,446.46,107.00,306.61,0.2601,-1,-1,-1
108,2,659.95,439.28,107.11,296.30,0.7572,-1,-1,-1
108,3,536.50,437.23,143.52,367.25,0.6899,-1,-1,-1
108,10,1257.29,445.14,35.85,102.97,0.2840,-1,-1,-1
108,5,761.23,455.86,87.32,242.04,0.7148,-1,-1,-1
108,16,502.19,447.62,107.68,306.78,0.2168,-1,-1,-1
109,2,660.83,438.54,108.36,298.21,0.7366,-1,-1,-1
109,3,538.82,437.04,144.63,368.54,0.6967,-1,-1,-1
109,10,1256.01,447.57,32.46,99.29,0.2315,-1,-1,-1
109,5,762.06,455.27,87.66,243.54,0.6722,-1,-1,-1
109,16,503.85,460.33,93.65,289.80,0.2208,-1,-1,-1
110,2,662.17,437.91,105.46,301.04,0.7532,-1,-1,-1
110,3,539.83,437.74,145.70,368.50,0.6862,-1,-1,-1
110,10,1250.75,444.74,33.90,101.27,0.2950,-1,-1,-1
110,5,761.22,456.73,88.97,242.59,0.7083,-1,-1,-1
110,16,504.51,459.83,88.90,288.99,0.2872,-1,-1,-1
111,2,662.87,437.86,106.63,305.17,0.7665,-1,-1,-1
111,3,539.97,440.03,148.60,367.84,0.6626,-1,-1,-1
111,10,1247.78,441.18,34.18,104.46,0.4356,-1,-1,-1
111,5,761.01,455.84,88.90,243.18,0.7140,-1,-1,-1
111,16,503.85,451.64,90.39,295.97,0.3629,-1,-1,-1
112,2,665.53,437.88,105.34,306.70,0.7776,-1,-1,-1
112,3,540.23,437.61,148.09,369.23,0.6825,-1,-1,-1
112,10,1244.97,439.99,36.33,106.00,0.4792,-1,-1,-1
112,5,761.47,452.87,88.33,246.80,0.7237,-1,-1,-1
112,16,505.56,450.24,86.41,297.08,0.2020,-1,-1,-1
113,2,666.89,437.85,105.93,311.94,0.7861,-1,-1,-1
113,3,546.38,436.10,141.60,370.87,0.6971,-1,-1,-1
113,10,1244.46,440.42,35.98,105.67,0.4763,-1,-1,-1
113,5,763.37,451.71,87.11,247.80,0.7149,-1,-1,-1
113,12,1075.90,441.76,56.94,155.39,0.3540,-1,-1,-1
114,2,668.68,438.89,103.57,314.73,0.7899,-1,-1,-1
114,3,540.14,434.62,148.84,372.18,0.6818,-1,-1,-1
114,10,1243.33,440.81,36.37,104.65,0.5742,-1,-1,-1
114,5,764.64,453.21,87.55,245.71,0.7036,-1,-1,-1
114,12,1077.44,440.69,56.14,155.83,0.3854,-1,-1,-1
115,2,670.00,438.90,101.56,314.39,0.7875,-1,-1,-1
115,3,556.98,435.57,132.50,371.39,0.6534,-1,-1,-1
115,10,1242.11,440.86,36.77,103.23,0.5541,-1,-1,-1
115,5,766.54,454.39,88.62,244.52,0.6932,-1,-1,-1
115,12,1080.51,439.63,54.87,155.84,0.3435,-1,-1,-1
116,2,672.37,438.88,98.24,312.45,0.7857,-1,-1,-1
116,3,559.23,435.29,130.28,372.77,0.6313,-1,-1,-1
116,10,1240.71,441.21,37.37,102.37,0.5972,-1,-1,-1
116,5,767.53,451.96,88.80,247.36,0.6744,-1,-1,-1
116,12,1082.51,441.18,53.21,154.24,0.4031,-1,-1,-1
117,2,672.79,439.89,98.46,312.00,0.7958,-1,-1,-1
117,3,549.92,434.48,139.21,373.50,0.6800,-1,-1,-1
117,10,1241.12,441.41,36.01,101.05,0.5701,-1,-1,-1
117,5,770.23,452.20,86.84,246.67,0.6476,-1,-1,-1
117,12,1082.69,442.35,52.72,152.15,0.4225,-1,-1,-1
118,2,674.66,440.13,94.95,313.79,0.7997,-1,-1,-1
118,3,543.04,435.14,145.78,377.33,0.6853,-1,-1,-1
118,10,1240.88,442.22,35.88,99.82,0.5430,-1,-1,-1
118,5,770.01,454.35,83.44,244.88,0.6585,-1,-1,-1
118,12,1082.52,440.67,53.55,154.59,0.4556,-1,-1,-1
119,2,675.27,440.61,94.51,317.96,0.8143,-1,-1,-1
119,3,528.56,439.37,161.86,379.46,0.7318,-1,-1,-1
119,10,1239.55,442.87,36.70,97.92,0.5295,-1,-1,-1
119,5,769.19,452.49,88.79,245.56,0.7132,-1,-1,-1
119,12,1083.04,442.97,53.16,151.77,0.4187,-1,-1,-1
120,2,677.25,441.33,94.30,319.50,0.8120,-1,-1,-1
120,3,523.97,442.52,167.68,379.04,0.7667,-1,-1,-1
120,10,1237.96,442.95,37.33,100.03,0.5373,-1,-1,-1
120,5,770.18,451.95,92.06,246.92,0.7127,-1,-1,-1
120,12,1082.71,444.16,52.86,150.67,0.3528,-1,-1,-1
121,2,678.58,441.27,93.80,320.72,0.8155,-1,-1,-1
121,3,521.01,444.57,173.23,379.00,0.7728,-1,-1,-1
121,10,1238.46,443.19,35.03,100.97,0.4973,-1,-1,-1
121,5,769.00,453.44,98.16,245.86,0.6843,-1,-1,-1
121,12,1082.92,445.32,52.65,149.85,0.3514,-1,-1,-1
122,2,680.54,440.41,95.30,320.81,0.8006,-1,-1,-1
122,3,521.88,445.89,175.05,380.60,0.8126,-1,-1,-1
122,10,1236.89,445.45,34.32,99.87,0.4611,-1,-1,-1
122,5,773.69,452.71,102.73,248.14,0.5892,-1,-1,-1
122,12,1083.89,448.96,51.58,146.03,0.3728,-1,-1,-1
123,2,683.05,439.51,93.88,322.82,0.8125,-1,-1,-1
123,3,524.49,443.73,175.05,386.23,0.8009,-1,-1,-1
123,10,1236.04,450.51,34.98,96.20,0.5365,-1,-1,-1
123,5,773.97,456.65,107.94,244.99,0.7212,-1,-1,-1
123,12,1084.53,448.51,50.73,146.35,0.3631,-1,-1,-1
124,2,684.77,438.55,92.94,325.19,0.8053,-1,-1,-1
124,3,526.46,442.67,175.01,391.57,0.6875,-1,-1,-1
124,10,1235.38,453.78,35.45,93.41,0.5574,-1,-1,-1
124,5,774.77,456.98,109.94,245.43,0.7238,-1,-1,-1
124,12,1085.79,449.05,49.45,145.00,0.3520,-1,-1,-1
125,2,685.28,437.76,92.36,327.10,0.8167,-1,-1,-1
125,3,526.46,442.23,177.01,392.03,0.7676,-1,-1,-1
125,10,1233.52,454.63,36.22,93.91,0.5471,-1,-1,-1
125,5,778.60,459.53,108.77,244.09,0.7428,-1,-1,-1
125,12,1083.51,453.75,49.97,140.22,0.3691,-1,-1,-1
126,2,685.55,437.73,94.23,327.39,0.8112,-1,-1,-1
126,3,544.54,442.17,156.50,391.61,0.6419,-1,-1,-1
126,10,1230.42,453.40,38.25,95.94,0.5454,-1,-1,-1
126,5,780.27,457.77,105.73,246.34,0.7284,-1,-1,-1
126,12,1082.43,456.59,49.00,137.55,0.3075,-1,-1,-1
127,2,684.81,437.98,96.65,328.21,0.8122,-1,-1,-1
127,3,548.70,440.88,152.59,392.64,0.6710,-1,-1,-1
127,10,1227.44,452.47,40.77,97.80,0.5223,-1,-1,-1
127,5,782.17,456.95,102.86,248.17,0.7183,-1,-1,-1
127,12,1081.16,458.25,49.83,136.17,0.3098,-1,-1,-1
128,2,684.81,437.71,101.08,329.01,0.8133,-1,-1,-1
128,3,556.52,440.74,147.85,392.31,0.6725,-1,-1,-1
128,10,1225.32,454.27,42.42,98.17,0.5051,-1,-1,-1
128,5,783.31,461.49,100.92,243.29,0.6857,-1,-1,-1
128,12,1079.73,459.18,52.42,135.56,0.3465,-1,-1,-1
129,2,683.51,437.71,103.44,328.83,0.8330,-1,-1,-1
129,3,557.84,441.44,149.63,391.34,0.6803,-1,-1,-1
129,10,1223.19,461.75,44.09,92.45,0.4227,-1,-1,-1
129,5,785.39,459.98,101.69,244.21,0.6778,-1,-1,-1
129,12,1082.69,458.49,51.47,136.93,0.3203,-1,-1,-1
130,2,682.38,437.50,105.14,328.99,0.8317,-1,-1,-1
130,3,551.73,441.95,158.00,390.39,0.6637,-1,-1,-1
130,10,1222.76,456.54,43.30,97.92,0.4338,-1,-1,-1
130,5,787.01,459.41,101.09,244.96,0.7441,-1,-1,-1
130,12,1081.21,460.63,52.40,134.61,0.3689,-1,-1,-1
131,2,682.16,437.05,104.87,330.39,0.8232,-1,-1,-1
131,3,566.35,440.66,144.95,391.27,0.5512,-1,-1,-1
131,10,1222.50,462.39,44.55,92.76,0.3964,-1,-1,-1
131,5,789.88,459.02,100.57,246.74,0.7647,-1,-1,-1
131,12,1084.24,458.69,51.29,136.69,0.3087,-1,-1,-1
132,2,683.63,436.16,102.99,331.46,0.8129,-1,-1,-1
132,3,570.77,440.33,144.71,390.45,0.5694,-1,-1,-1
132,10,1222.92,465.24,44.09,89.52,0.2664,-1,-1,-1
132,5,792.16,457.22,100.61,248.91,0.7883,-1,-1,-1
132,12,1084.88,457.64,52.82,137.84,0.2265,-1,-1,-1
133,2,684.19,435.71,102.33,331.84,0.8012,-1,-1,-1
133,3,584.12,438.83,132.92,391.52,0.6247,-1,-1,-1
133,10,1222.05,465.31,44.72,89.96,0.2895,-1,-1,-1
133,5,793.42,457.93,99.81,248.63,0.7895,-1,-1,-1
133,12,1083.26,459.13,51.18,136.34,0.2500,-1,-1,-1
133,15,491.08,461.06,41.30,109.41,0.3528,-1,-1,-1
134,2,685.19,434.52,102.97,333.03,0.7910,-1,-1,-1
134,3,584.11,439.54,135.27,390.75,0.6259,-1,-1,-1
134,10,1220.12,462.34,45.80,93.08,0.3006,-1,-1,-1
134,5,794.99,454.86,101.02,251.12,0.7735,-1,-1,-1
134,12,1081.84,455.85,53.41,139.75,0.2157,-1,-1,-1
134,15,491.06,457.55,41.72,112.69,0.3043,-1,-1,-1
135,2,685.39,433.08,104.24,333.25,0.7844,-1,-1,-1
135,3,580.74,439.92,140.37,391.42,0.6394,-1,-1,-1
135,5,793.45,451.87,103.32,254.68,0.7168,-1,-1,-1
135,12,1080.73,453.40,54.57,142.58,0.2057,-1,-1,-1
135,15,489.28,460.32,42.07,109.70,0.3707,-1,-1,-1
136,2,685.70,433.06,104.96,332.46,0.7734,-1,-1,-1
136,3,575.97,439.46,146.12,395.65,0.6527,-1,-1,-1
136,5,794.49,450.96,101.23,256.21,0.7076,-1,-1,-1
136,12,1088.04,448.92,53.64,146.33,0.2686,-1,-1,-1
136,15,489.83,457.73,41.02,112.51,0.3797,-1,-1,-1
137,2,691.83,433.60,103.04,329.98,0.7814,-1,-1,-1
137,3,586.19,437.37,135.63,408.55,0.6708,-1,-1,-1
137,5,796.81,452.41,98.39,255.65,0.7601,-1,-1,-1
137,12,1083.19,451.54,53.79,143.78,0.2134,-1,-1,-1
137,15,490.29,459.80,40.20,109.98,0.3784,-1,-1,-1
138,2,691.31,433.91,106.16,330.63,0.7636,-1,-1,-1
138,3,588.38,437.00,134.37,417.78,0.6511,-1,-1,-1
138,5,801.30,451.22,95.04,258.70,0.7549,-1,-1,-1
138,12,1079.22,455.90,53.41,139.82,0.1936,-1,-1,-1
138,15,490.23,459.93,40.29,109.76,0.3530,-1,-1,-1
139,2,693.45,433.50,106.87,331.99,0.7559,-1,-1,-1
139,3,575.60,438.51,148.02,417.80,0.6135,-1,-1,-1
139,5,806.21,450.03,92.41,261.29,0.7275,-1,-1,-1
139,12,1080.74,456.69,50.02,138.29,0.2188,-1,-1,-1
139,15,491.89,459.74,39.31,110.68,0.4721,-1,-1,-1
140,2,692.98,433.95,111.20,331.81,0.7593,-1,-1,-1
140,3,569.63,438.36,154.84,417.78,0.5620,-1,-1,-1
140,5,811.58,451.59,82.80,262.88,0.7000,-1,-1,-1
140,12,1082.29,456.73,47.73,138.33,0.2337,-1,-1,-1
140,15,492.12,460.20,38.73,111.24,0.4324,-1,-1,-1
140,10,1216.74,450.72,35.17,102.60,0.3415,-1,-1,-1
141,2,692.59,433.14,114.67,334.03,0.7573,-1,-1,-1
141,3,563.33,438.40,160.72,419.07,0.5597,-1,-1,-1
141,5,815.37,451.61,82.40,262.42,0.6511,-1,-1,-1
141,12,1083.15,454.68,48.58,140.13,0.2526,-1,-1,-1
141,15,491.74,459.55,39.55,112.01,0.3643,-1,-1,-1
141,10,1214.00,448.77,36.64,104.76,0.4122,-1,-1,-1
142,2,693.09,433.36,122.49,332.49,0.7613,-1,-1,-1
142,3,557.44,438.68,166.43,415.48,0.5181,-1,-1,-1
142,5,816.52,448.29,86.09,267.81,0.6415,-1,-1,-1
142,12,1082.12,456.13,48.50,138.87,0.2698,-1,-1,-1
142,15,491.09,460.60,39.29,111.02,0.3090,-1,-1,-1
142,10,1211.54,447.97,36.94,104.94,0.4059,-1,-1,-1
143,2,694.49,435.38,127.45,330.73,0.7710,-1,-1,-1
143,3,571.73,435.58,150.82,427.25,0.5330,-1,-1,-1
143,5,818.11,447.61,85.68,268.04,0.6269,-1,-1,-1
143,12,1080.85,454.60,49.96,140.45,0.3194,-1,-1,-1
143,15,485.05,464.07,41.98,106.94,0.2278,-1,-1,-1
143,10,1210.18,445.67,36.33,106.98,0.3843,-1,-1,-1
144,2,694.01,436.29,135.28,331.47,0.7510,-1,-1,-1
144,3,550.02,437.00,173.57,433.37,0.5173,-1,-1,-1
144,5,820.60,448.37,84.82,265.60,0.5453,-1,-1,-1
144,12,1080.44,460.26,49.79,134.90,0.3112,-1,-1,-1
144,15,478.08,463.52,46.87,109.85,0.3225,-1,-1,-1
144,10,1208.01,444.06,35.21,109.32,0.3251,-1,-1,-1
145,2,694.00,437.87,141.24,330.71,0.7514,-1,-1,-1
145,3,543.35,437.09,180.06,439.52,0.6340,-1,-1,-1
145,5,823.44,453.27,82.79,258.83,0.5678,-1,-1,-1
145,12,1080.56,460.87,49.01,134.26,0.2613,-1,-1,-1
145,15,476.63,468.57,48.24,105.52,0.3479,-1,-1,-1
145,10,1206.76,443.13,34.27,110.25,0.3654,-1,-1,-1
146,2,696.26,438.27,142.29,331.16,0.7429,-1,-1,-1
146,3,540.62,438.40,182.28,444.18,0.7286,-1,-1,-1
146,5,826.05,454.29,81.77,256.51,0.6558,-1,-1,-1
146,12,1079.91,463.00,49.28,132.50,0.3145,-1,-1,-1
146,15,475.97,471.89,47.94,102.11,0.3684,-1,-1,-1
146,10,1206.55,443.30,33.43,108.19,0.4388,-1,-1,-1
146,18,877.74,434.05,79.61,247.41,0.3559,-1,-1,-1
147,2,699.76,437.93,139.77,333.61,0.7976,-1,-1,-1
147,3,540.12,439.89,181.68,448.06,0.7201,-1,-1,-1
147,5,827.68,456.87,81.47,253.47,0.6121,-1,-1,-1
147,12,1080.85,461.24,49.40,133.80,0.3541,-1,-1,-1
147,15,474.98,469.96,47.91,103.42,0.3378,-1,-1,-1
147,10,1203.92,446.27,34.92,103.34,0.4763,-1,-1,-1
147,18,879.08,432.75,80.79,248.41,0.4333,-1,-1,-1
148,2,701.93,437.70,137.94,333.52,0.7743,-1,-1,-1
148,3,539.18,440.52,182.46,451.70,0.7249,-1,-1,-1
148,5,828.46,456.90,83.26,254.11,0.6525,-1,-1,-1
148,12,1081.75,458.99,49.50,135.73,0.3648,-1,-1,-1
148,15,474.65,470.83,47.28,102.75,0.3713,-1,-1,-1
148,10,1203.05,446.34,35.05,104.44,0.4496,-1,-1,-1
148,18,881.94,432.04,80.88,247.55,0.3679,-1,-1,-1
149,2,705.70,437.55,134.47,336.10,0.8075,-1,-1,-1
149,3,541.72,439.30,176.44,455.24,0.7300,-1,-1,-1
149,5,830.35,456.44,83.49,253.42,0.6590,-1,-1,-1
149,12,1080.03,459.59,49.21,135.44,0.3017,-1,-1,-1
149,15,474.17,469.90,46.77,103.09,0.2925,-1,-1,-1
149,10,1200.38,447.58,37.58,102.06,0.4539,-1,-1,-1
149,18,884.91,437.98,84.63,241.49,0.5620,-1,-1,-1
150,2,709.25,436.53,130.56,338.17,0.8110,-1,-1,-1
150,3,543.97,437.54,174.47,458.38,0.7687,-1,-1,-1
150,5,831.64,452.82,84.90,257.13,0.6493,-1,-1,-1
150,12,1079.80,459.01,49.64,135.42,0.3427,-1,-1,-1
150,15,472.28,470.78,44.39,102.10,0.3355,-1,-1,-1
150,10,1197.50,449.57,40.17,99.36,0.4429,-1,-1,-1
150,18,888.49,440.03,80.55,239.06,0.6119,-1,-1,-1
151,2,713.08,436.56,128.30,339.71,0.7998,-1,-1,-1
151,3,543.55,438.18,172.03,458.02,0.7587,-1,-1,-1
151,5,831.15,449.88,88.06,261.62,0.6708,-1,-1,-1
151,12,1079.68,457.01,50.74,137.00,0.3184,-1,-1,-1
151,15,470.98,472.05,43.73,101.04,0.3660,-1,-1,-1
151,10,1196.74,450.72,40.26,98.50,0.4642,-1,-1,-1
151,18,890.46,439.04,83.19,238.93,0.6621,-1,-1,-1
152,2,714.85,436.15,121.41,339.77,0.8058,-1,-1,-1
152,3,543.69,438.28,174.59,458.93,0.7524,-1,-1,-1
152,5,830.90,446.23,89.09,270.11,0.7107,-1,-1,-1
152,12,1079.88,456.53,51.11,137.17,0.2947,-1,-1,-1
152,15,470.59,473.04,44.03,99.08,0.1857,-1,-1,-1
152,10,1195.45,451.00,40.81,98.28,0.4823,-1,-1,-1
152,18,891.20,438.48,82.00,240.19,0.4472,-1,-1,-1
153,2,715.50,435.40,122.85,341.32,0.8439,-1,-1,-1
153,3,539.79,437.71,167.88,458.27,0.7396,-1,-1,-1
153,5,831.37,445.44,89.19,271.39,0.7250,-1,-1,-1
153,12,1079.07,453.23,51.63,140.59,0.3177,-1,-1,-1
153,15,469.20,473.19,44.77,98.06,0.1948,-1,-1,-1
153,10,1194.11,451.34,39.94,96.85,0.4861,-1,-1,-1
153,18,892.02,437.36,81.98,172.12,0.2310,-1,-1,-1
154,2,717.29,435.46,122.55,341.11,0.8570,-1,-1,-1
154,3,537.60,433.70,164.87,461.91,0.7488,-1,-1,-1
154,5,832.48,448.60,87.43,274.35,0.6950,-1,-1,-1
154,12,1077.22,453.60,52.38,139.78,0.2062,-1,-1,-1
154,15,467.40,475.73,45.00,94.85,0.1716,-1,-1,-1
154,10,1193.46,451.52,38.61,96.17,0.5308,-1,-1,-1
154,18,894.20,436.56,76.82,223.56,0.5449,-1,-1,-1
155,2,719.26,436.20,123.16,340.69,0.8590,-1,-1,-1
155,3,533.06,433.56,167.84,462.88,0.7408,-1,-1,-1
155,5,833.49,448.22,87.10,278.14,0.6802,-1,-1,-1
155,12,1076.66,455.94,52.09,137.41,0.2681,-1,-1,-1
155,15,466.20,476.94,44.52,94.33,0.2753,-1,-1,-1
155,10,1192.41,452.01,38.14,96.15,0.5440,-1,-1,-1
155,18,896.83,436.52,74.87,237.23,0.6244,-1,-1,-1
156,2,721.85,434.40,121.70,341.94,0.8376,-1,-1,-1
156,3,531.47,434.10,165.81,462.49,0.7565,-1,-1,-1
156,5,834.33,445.69,88.45,282.47,0.6889,-1,-1,-1
156,12,1077.13,457.06,51.32,136.19,0.2944,-1,-1,-1
156,15,465.32,476.54,43.53,93.96,0.2778,-1,-1,-1
156,10,1191.44,450.24,37.10,96.99,0.5352,-1,-1,-1
156,18,899.28,436.92,71.52,245.65,0.5884,-1,-1,-1
157,2,723.07,433.68,125.36,342.21,0.8118,-1,-1,-1
157,3,529.52,434.43,166.08,462.87,0.7260,-1,-1,-1
157,5,837.32,444.79,87.95,282.76,0.6968,-1,-1,-1
157,12,1076.85,458.15,51.89,135.30,0.2783,-1,-1,-1
157,15,465.54,474.94,42.35,95.76,0.2348,-1,-1,-1
157,10,1190.81,452.44,34.78,94.99,0.4865,-1,-1,-1
157,18,902.54,437.31,71.09,250.06,0.4404,-1,-1,-1
157,20,660.63,439.38,85.49,340.81,0.4339,-1,-1,-1
158,2,725.89,433.22,128.43,341.62,0.7642,-1,-1,-1
158,3,529.85,432.49,168.00,464.89,0.7491,-1,-1,-1
158,5,841.13,444.64,90.14,284.21,0.7169,-1,-1,-1
158,12,1077.01,458.58,52.64,135.37,0.2951,-1,-1,-1
158,15,465.34,474.65,41.42,94.34,0.2611,-1,-1,-1
158,10,1191.12,456.78,31.55,90.52,0.3835,-1,-1,-1
158,18,905.76,438.64,70.09,180.60,0.4428,-1,-1,-1
158,20,664.16,438.42,82.36,343.21,0.5347,-1,-1,-1
159,2,730.83,434.67,128.88,339.61,0.7618,-1,-1,-1
159,3,524.53,431.65,174.40,464.99,0.7792,-1,-1,-1
159,5,843.83,444.81,87.63,285.51,0.7388,-1,-1,-1
159,12,1078.34,458.47,50.62,135.28,0.3046,-1,-1,-1
159,15,465.15,472.09,40.72,95.46,0.2073,-1,-1,-1
159,10,1190.83,456.72,30.53,89.79,0.2544,-1,-1,-1
159,18,902.37,441.34,83.66,226.79,0.4185,-1,-1,-1
159,20,667.15,437.47,82.46,345.09,0.5180,-1,-1,-1
160,2,736.77,431.84,122.07,343.04,0.7585,-1,-1,-1
160,3,525.86,432.14,171.70,462.99,0.7845,-1,-1,-1
160,5,845.62,446.62,86.10,282.89,0.7416,-1,-1,-1
160,12,1077.93,458.55,50.24,135.25,0.2992,-1,-1,-1
160,15,464.93,471.65,40.33,96.89,0.2208,-1,-1,-1
160,10,1190.46,456.18,30.57,89.60,0.1510,-1,-1,-1
160,18,909.95,440.14,74.91,174.89,0.3849,-1,-1,-1
160,20,668.86,437.56,81.76,345.84,0.5328,-1,-1,-1
161,2,740.72,430.38,118.88,344.90,0.7790,-1,-1,-1
161,3,526.80,433.83,170.71,459.52,0.7808,-1,-1,-1
161,5,847.44,447.48,86.65,281.88,0.7504,-1,-1,-1
161,12,1077.89,459.10,49.91,134.20,0.3063,-1,-1,-1
161,15,464.91,470.85,38.29,96.55,0.1986,-1,-1,-1
161,10,1189.58,456.48,30.99,88.41,0.1517,-1,-1,-1
161,18,916.09,440.18,71.10,151.16,0.3999,-1,-1,-1
161,20,668.99,439.43,82.77,347.22,0.6254,-1,-1,-1
162,2,743.96,429.72,116.85,347.74,0.7775,-1,-1,-1
162,3,525.70,433.15,176.41,460.09,0.7729,-1,-1,-1
162,5,848.92,448.68,88.39,282.09,0.7439,-1,-1,-1
162,12,1077.96,459.59,49.32,133.71,0.2255,-1,-1,-1
162,15,464.26,472.74,37.07,92.97,0.1571,-1,-1,-1
162,10,1189.32,455.22,30.08,88.61,0.2635,-1,-1,-1
162,18,917.87,441.30,77.02,142.54,0.3188,-1,-1,-1
162,20,669.94,440.43,82.34,349.95,0.6212,-1,-1,-1
163,2,746.23,431.00,115.95,347.70,0.7901,-1,-1,-1
163,3,527.00,432.75,178.77,461.78,0.8000,-1,-1,-1
163,5,851.32,449.47,91.26,282.18,0.7395,-1,-1,-1
163,12,1078.78,460.17,48.32,132.93,0.2129,-1,-1,-1
163,10,1188.98,447.66,30.14,97.36,0.4376,-1,-1,-1
163,18,921.15,440.13,79.68,223.41,0.5745,-1,-1,-1
163,20,670.99,440.61,81.33,358.06,0.5953,-1,-1,-1
164,2,748.88,431.46,115.88,350.32,0.7863,-1,-1,-1
164,3,527.09,431.71,183.19,465.55,0.7893,-1,-1,-1
164,5,852.69,449.82,98.15,283.20,0.7083,-1,-1,-1
164,12,1079.82,461.18,47.69,131.65,0.2829,-1,-1,-1
164,10,1187.49,444.56,31.04,100.34,0.5074,-1,-1,-1
164,18,922.73,440.03,82.15,245.62,0.5587,-1,-1,-1
164,20,671.72,439.46,83.33,362.12,0.5996,-1,-1,-1
164,22,1137.96,438.00,45.98,108.17,0.3958,-1,-1,-1
165,2,749.87,430.78,116.08,352.30,0.7891,-1,-1,-1
165,3,528.08,431.29,187.21,468.27,0.8057,-1,-1,-1
165,5,854.96,450.59,107.67,282.71,0.6620,-1,-1,-1
165,12,1079.73,461.10,48.57,131.92,0.2437,-1,-1,-1
165,10,1186.80,451.88,30.70,93.27,0.3327,-1,-1,-1
165,18,922.33,439.17,85.42,258.52,0.5202,-1,-1,-1
165,20,672.58,440.83,87.84,352.58,0.6941,-1,-1,-1
165,22,1143.41,442.62,39.84,102.38,0.2554,-1,-1,-1
166,2,751.24,430.68,116.05,355.56,0.7907,-1,-1,-1
166,3,528.38,431.42,190.27,470.53,0.7934,-1,-1,-1
166,5,856.60,452.90,108.76,283.93,0.6402,-1,-1,-1
166,12,1079.65,458.53,49.37,134.83,0.2466,-1,-1,-1
166,10,1186.46,455.43,31.10,90.04,0.2950,-1,-1,-1
166,18,926.18,436.71,82.51,260.71,0.5088,-1,-1,-1
166,20,673.36,441.68,90.77,351.55,0.7230,-1,-1,-1
166,22,1145.09,443.44,40.14,101.51,0.2398,-1,-1,-1
167,2,751.55,431.04,116.20,356.42,0.7967,-1,-1,-1
167,3,529.69,432.22,194.49,471.35,0.8013,-1,-1,-1
167,5,859.40,451.09,120.68,283.64,0.7056,-1,-1,-1
167,12,1079.32,457.31,50.08,136.55,0.2491,-1,-1,-1
167,10,1186.29,457.70,31.64,88.95,0.2272,-1,-1,-1
167,18,930.90,436.31,78.33,257.07,0.5912,-1,-1,-1
167,20,674.22,441.92,91.24,351.78,0.7099,-1,-1,-1
167,22,1146.04,443.52,39.91,102.30,0.2481,-1,-1,-1
168,2,752.78,432.11,116.18,356.93,0.7931,-1,-1,-1
168,3,530.92,433.64,205.74,469.25,0.8079,-1,-1,-1
168,5,861.81,448.16,126.57,285.96,0.7509,-1,-1,-1
168,12,1078.97,457.61,50.11,135.97,0.2530,-1,-1,-1
168,10,1186.69,456.15,29.48,89.76,0.1904,-1,-1,-1
168,18,936.41,435.00,74.56,252.07,0.5952,-1,-1,-1
168,20,674.60,442.38,91.15,353.57,0.7276,-1,-1,-1
168,22,1146.05,442.02,44.12,103.15,0.3478,-1,-1,-1
169,2,753.59,433.84,115.26,356.19,0.7998,-1,-1,-1
169,3,531.64,430.29,218.33,471.25,0.8084,-1,-1,-1
169,5,864.13,447.02,124.01,288.26,0.7803,-1,-1,-1
169,12,1078.84,456.50,49.95,137.49,0.2569,-1,-1,-1
169,10,1186.88,457.61,28.44,88.28,0.1682,-1,-1,-1
169,18,941.42,434.39,70.48,246.13,0.5911,-1,-1,-1
169,20,675.74,442.60,90.66,354.82,0.7356,-1,-1,-1
169,22,1147.13,441.28,44.36,103.71,0.3554,-1,-1,-1
170,2,755.82,434.80,114.46,356.07,0.7811,-1,-1,-1
170,3,531.94,429.64,229.73,471.39,0.8299,-1,-1,-1
170,5,868.06,446.43,120.80,289.95,0.7985,-1,-1,-1
170,12,1078.50,456.21,50.37,137.60,0.2529,-1,-1,-1
170,10,1186.70,455.33,29.84,90.30,0.1738,-1,-1,-1
170,18,943.98,434.12,69.92,240.93,0.6175,-1,-1,-1
170,20,677.48,442.46,88.89,356.08,0.7286,-1,-1,-1
170,22,1147.60,442.22,44.62,102.90,0.4361,-1,-1,-1
171,2,757.61,435.38,113.05,350.87,0.7893,-1,-1,-1
171,3,533.75,430.00,237.81,471.15,0.8573,-1,-1,-1
171,5,870.57,446.51,118.62,291.28,0.7918,-1,-1,-1
171,12,1079.26,454.75,49.77,138.65,0.2227,-1,-1,-1
171,10,1187.22,455.16,29.70,90.17,0.1923,-1,-1,-1
171,18,946.40,435.28,71.07,247.15,0.6677,-1,-1,-1
171,20,678.13,442.36,89.68,359.61,0.7302,-1,-1,-1
171,22,1146.91,444.16,46.13,101.10,0.4404,-1,-1,-1
172,2,759.97,436.19,115.61,347.64,0.8123,-1,-1,-1
172,3,535.73,432.35,240.55,470.57,0.8474,-1,-1,-1
172,5,871.19,447.03,118.44,291.43,0.7948,-1,-1,-1
172,12,1079.74,454.35,49.56,139.56,0.2850,-1,-1,-1
172,10,1188.09,458.90,29.50,86.65,0.1645,-1,-1,-1
172,18,950.23,435.32,73.32,251.91,0.6847,-1,-1,-1
172,20,679.85,444.26,86.46,358.14,0.7009,-1,-1,-1
172,22,1147.23,445.40,44.27,100.46,0.4060,-1,-1,-1
173,2,761.79,437.15,117.08,345.51,0.8188,-1,-1,-1
173,3,537.61,432.42,236.50,470.22,0.8567,-1,-1,-1
173,5,872.91,445.57,117.76,293.34,0.7876,-1,-1,-1
173,12,1083.88,454.65,46.31,140.17,0.3415,-1,-1,-1
173,18,952.14,434.70,75.36,258.13,0.6620,-1,-1,-1
173,20,681.21,446.09,88.33,352.66,0.6246,-1,-1,-1
173,22,1147.54,446.31,42.00,100.10,0.3462,-1,-1,-1
174,2,762.58,438.77,119.75,347.72,0.8228,-1,-1,-1
174,3,541.55,432.64,233.18,471.66,0.8521,-1,-1,-1
174,5,874.77,444.97,118.42,294.01,0.7877,-1,-1,-1
174,12,1084.54,455.13,46.42,140.32,0.4163,-1,-1,-1
174,18,954.28,435.30,74.92,260.49,0.6314,-1,-1,-1
174,20,685.56,449.56,85.44,349.72,0.4762,-1,-1,-1
174,22,1148.53,448.31,40.69,98.60,0.2839,-1,-1,-1
175,2,766.36,439.67,117.98,349.70,0.8433,-1,-1,-1
175,3,548.39,433.50,227.83,471.61,0.8354,-1,-1,-1
175,5,876.41,444.30,117.44,294.58,0.7925,-1,-1,-1
175,12,1084.85,455.86,45.85,139.91,0.3236,-1,-1,-1
175,18,957.24,435.23,75.77,262.27,0.6017,-1,-1,-1
175,20,693.69,463.98,80.44,338.27,0.2065,-1,-1,-1
175,22,1150.50,451.93,50.41,95.58,0.4234,-1,-1,-1
176,2,768.03,441.18,116.15,354.26,0.8304,-1,-1,-1
176,3,556.55,433.14,219.41,474.17,0.7968,-1,-1,-1
176,5,877.95,443.85,115.71,294.75,0.7983,-1,-1,-1
176,12,1082.68,455.55,47.81,139.97,0.3483,-1,-1,-1
176,18,960.22,434.75,79.70,261.54,0.5878,-1,-1,-1
176,22,1152.95,455.17,52.14,91.44,0.4380,-1,-1,-1
177,2,768.43,441.31,117.57,355.29,0.8227,-1,-1,-1
177,3,558.65,435.68,216.35,473.11,0.7981,-1,-1,-1
177,5,880.29,445.49,115.16,293.07,0.7897,-1,-1,-1
177,12,1083.55,454.88,46.82,140.34,0.2486,-1,-1,-1
177,18,962.48,434.44,83.25,262.72,0.5193,-1,-1,-1
177,22,1155.18,451.91,51.33,96.07,0.3970,-1,-1,-1
178,2,772.43,440.88,113.48,356.12,0.8095,-1,-1,-1
178,3,561.43,434.22,214.37,474.56,0.8391,-1,-1,-1
178,5,885.76,446.91,110.84,290.88,0.7655,-1,-1,-1
178,12,1080.80,452.55,49.42,142.56,0.2773,-1,-1,-1
178,18,963.52,433.32,90.07,265.99,0.4591,-1,-1,-1
178,22,1155.26,448.59,47.81,98.49,0.4752,-1,-1,-1
179,2,774.52,439.83,113.48,355.71,0.7900,-1,-1,-1
179,3,568.90,433.11,207.57,477.00,0.8620,-1,-1,-1
179,5,890.36,446.03,106.91,291.93,0.7733,-1,-1,-1
179,12,1078.37,453.78,50.32,140.87,0.2656,-1,-1,-1
179,18,964.83,434.30,93.57,265.71,0.5236,-1,-1,-1
179,22,1157.10,450.77,45.81,96.80,0.4627,-1,-1,-1
180,2,777.09,438.62,116.92,357.32,0.7647,-1,-1,-1
180,3,575.82,431.08,200.98,479.00,0.8399,-1,-1,-1
180,5,895.47,445.37,101.49,292.81,0.7770,-1,-1,-1
180,12,1078.57,453.08,50.34,141.44,0.3250,-1,-1,-1
180,18,968.67,434.22,101.65,263.94,0.4872,-1,-1,-1
180,22,1157.89,450.31,42.00,97.65,0.4490,-1,-1,-1
180,23,465.26,464.12,38.81,111.69,0.4749,-1,-1,-1
181,2,778.92,437.04,116.21,358.30,0.7562,-1,-1,-1
181,3,581.54,426.24,197.07,484.64,0.8644,-1,-1,-1
181,5,901.48,444.02,97.34,295.09,0.7275,-1,-1,-1
181,12,1078.51,447.59,51.47,148.55,0.3512,-1,-1,-1
181,18,971.38,436.07,94.89,264.53,0.6199,-1,-1,-1
181,22,1157.59,447.92,39.83,99.06,0.4797,-1,-1,-1
181,23,466.55,467.03,37.34,107.69,0.3700,-1,-1,-1
181,24,571.38,449.12,58.85,110.72,0.4072,-1,-1,-1
182,2,781.01,435.82,116.36,362.59,0.7531,-1,-1,-1
182,3,583.96,424.52,197.61,486.29,0.8652,-1,-1,-1
182,5,910.19,445.21,91.33,296.38,0.7128,-1,-1,-1
182,12,1080.51,445.41,50.44,151.65,0.3734,-1,-1,-1
182,18,976.23,435.28,91.03,268.28,0.6129,-1,-1,-1
182,22,1157.75,447.09,38.30,99.71,0.5441,-1,-1,-1
182,23,467.09,470.92,37.30,103.54,0.4216,-1,-1,-1
182,24,571.09,445.17,59.08,119.63,0.4494,-1,-1,-1
183,2,783.19,434.82,117.55,366.18,0.7696,-1,-1,-1
183,3,587.29,424.39,195.41,486.54,0.8582,-1,-1,-1
183,5,916.09,443.64,89.94,297.83,0.7463,-1,-1,-1
183,12,1081.97,444.75,49.32,152.44,0.3265,-1,-1,-1
183,18,980.01,436.44,88.24,263.99,0.6248,-1,-1,-1
183,22,1158.36,448.59,36.38,98.18,0.5408,-1,-1,-1
183,23,466.77,472.46,38.51,102.67,0.3819,-1,-1,-1
183,24,570.57,446.92,60.11,129.67,0.4807,-1,-1,-1
184,2,784.41,434.05,118.35,367.80,0.7830,-1,-1,-1
184,3,591.16,425.19,192.51,485.38,0.8523,-1,-1,-1
184,5,922.90,441.94,87.11,299.30,0.7692,-1,-1,-1
184,12,1082.46,442.62,50.03,154.37,0.3376,-1,-1,-1
184,18,983.02,439.25,86.54,251.67,0.6324,-1,-1,-1
184,22,1156.24,450.31,39.04,97.96,0.6058,-1,-1,-1
184,23,466.36,472.84,38.76,102.21,0.4029,-1,-1,-1
184,24,571.23,444.39,59.78,145.45,0.4363,-1,-1,-1
185,2,786.12,434.31,118.36,369.05,0.7815,-1,-1,-1
185,3,597.86,426.86,187.29,483.52,0.8411,-1,-1,-1
185,5,926.28,441.53,86.03,302.15,0.7594,-1,-1,-1
185,12,1082.20,439.14,50.65,158.03,0.3231,-1,-1,-1
185,18,986.13,440.57,85.40,252.84,0.6331,-1,-1,-1
185,22,1156.04,451.44,39.45,95.87,0.5553,-1,-1,-1
185,23,466.44,474.77,40.09,100.87,0.4628,-1,-1,-1
185,24,571.03,444.36,61.28,156.79,0.4476,-1,-1,-1
186,2,787.12,434.73,116.29,368.40,0.8026,-1,-1,-1
186,3,602.94,426.24,184.49,484.05,0.8439,-1,-1,-1
186,5,929.16,443.88,85.19,304.85,0.7449,-1,-1,-1
186,12,1079.31,442.20,51.31,153.92,0.2456,-1,-1,-1
186,18,988.94,442.10,84.60,246.39,0.5735,-1,-1,-1
186,22,1154.49,449.05,43.46,97.74,0.5950,-1,-1,-1
186,23,467.04,477.37,40.99,98.39,0.4712,-1,-1,-1
186,24,571.37,439.30,58.39,172.77,0.4867,-1,-1,-1
187,2,789.85,435.04,114.63,368.36,0.8029,-1,-1,-1
187,3,608.53,427.57,179.41,484.03,0.8414,-1,-1,-1
187,5,930.19,444.74,88.45,307.13,0.7316,-1,-1,-1
187,12,1077.35,442.17,52.61,153.93,0.2562,-1,-1,-1
187,18,994.27,442.52,82.87,250.04,0.6259,-1,-1,-1
187,22,1155.01,450.05,44.37,96.27,0.5454,-1,-1,-1
187,23,467.12,477.76,41.33,97.95,0.4649,-1,-1,-1
187,24,572.10,435.22,57.06,177.98,0.4805,-1,-1,-1
188,2,792.28,434.68,114.27,366.01,0.8120,-1,-1,-1
188,3,610.56,426.81,179.53,491.94,0.8356,-1,-1,-1
188,5,932.59,442.74,91.36,309.76,0.6868,-1,-1,-1
188,12,1086.94,441.32,44.92,154.39,0.2254,-1,-1,-1
188,18,997.82,443.86,80.28,250.17,0.5068,-1,-1,-1
188,22,1155.93,451.49,43.36,95.96,0.5015,-1,-1,-1
188,23,467.43,478.32,39.01,96.94,0.3661,-1,-1,-1
188,24,571.29,434.07,59.60,182.82,0.4445,-1,-1,-1
189,2,794.65,433.57,112.71,367.49,0.8098,-1,-1,-1
189,3,612.62,426.21,178.48,501.26,0.7961,-1,-1,-1
189,5,934.10,442.06,101.44,311.60,0.7795,-1,-1,-1
189,12,1091.33,441.70,41.37,154.03,0.2087,-1,-1,-1
189,18,1004.06,439.97,81.63,261.59,0.5323,-1,-1,-1
189,22,1156.42,448.17,42.95,99.44,0.4806,-1,-1,-1
189,23,466.74,477.53,39.77,98.41,0.4104,-1,-1,-1
189,24,570.23,433.10,59.38,183.52,0.5286,-1,-1,-1
190,2,796.93,432.74,116.46,371.20,0.8025,-1,-1,-1
190,3,616.38,426.21,180.64,509.06,0.7024,-1,-1,-1
190,5,936.94,442.55,107.19,310.80,0.7576,-1,-1,-1
190,12,1084.55,442.59,46.24,154.14,0.2756,-1,-1,-1
190,18,1009.16,440.36,80.03,266.19,0.4662,-1,-1,-1
190,22,1153.90,448.86,45.11,99.32,0.4186,-1,-1,-1
190,23,467.62,477.35,38.27,98.39,0.3894,-1,-1,-1
190,24,569.89,436.83,61.47,178.10,0.5401,-1,-1,-1
191,2,799.07,432.54,116.01,371.60,0.7812,-1,-1,-1
191,3,620.32,425.97,179.08,515.23,0.7481,-1,-1,-1
191,5,940.83,443.18,112.99,311.00,0.7603,-1,-1,-1
191,12,1083.92,441.78,46.72,155.86,0.2239,-1,-1,-1
191,18,1012.11,437.26,78.25,272.08,0.3276,-1,-1,-1
191,22,1152.93,446.75,47.80,101.45,0.4996,-1,-1,-1
191,23,466.24,477.48,36.81,97.99,0.3551,-1,-1,-1
191,24,569.06,443.49,60.91,173.48,0.5806,-1,-1,-1
192,2,800.87,430.19,115.54,377.73,0.7870,-1,-1,-1
192,3,624.69,426.21,177.03,523.67,0.7263,-1,-1,-1
192,5,943.58,447.17,114.28,306.72,0.7592,-1,-1,-1
192,12,1086.44,441.90,44.12,156.39,0.2349,-1,-1,-1
192,18,1012.19,436.15,82.65,276.85,0.2948,-1,-1,-1
192,22,1151.14,447.08,49.58,101.68,0.4783,-1,-1,-1
192,23,465.15,477.30,36.48,97.32,0.3431,-1,-1,-1
192,24,568.40,443.03,63.40,174.11,0.5895,-1,-1,-1
193,2,803.05,427.29,113.39,380.26,0.7855,-1,-1,-1
193,3,630.40,426.73,170.39,527.41,0.7651,-1,-1,-1
193,5,945.39,444.17,115.36,310.08,0.7559,-1,-1,-1
193,18,1015.14,437.11,89.08,268.56,0.5394,-1,-1,-1
193,22,1149.77,443.76,50.09,105.11,0.4478,-1,-1,-1
193,23,463.99,477.78,38.32,97.51,0.3078,-1,-1,-1
193,24,569.55,442.71,62.92,174.45,0.6289,-1,-1,-1
194,2,804.73,425.43,117.14,383.16,0.7886,-1,-1,-1
194,3,632.99,425.85,177.02,536.47,0.7599,-1,-1,-1
194,5,947.23,443.75,111.26,310.71,0.7483,-1,-1,-1
194,18,1016.72,434.91,94.03,274.92,0.6467,-1,-1,-1
194,22,1148.33,446.86,47.25,101.76,0.3699,-1,-1,-1
194,23,461.73,476.46,37.42,99.39,0.3314,-1,-1,-1
194,24,570.14,442.50,62.85,175.62,0.6699,-1,-1,-1
195,2,805.74,424.30,123.49,383.35,0.7890,-1,-1,-1
195,3,636.57,423.50,177.68,540.74,0.7843,-1,-1,-1
195,5,946.99,446.80,115.03,309.54,0.7596,-1,-1,-1
195,18,1020.51,433.67,95.53,277.87,0.6927,-1,-1,-1
195,22,1147.52,445.07,43.32,103.30,0.4056,-1,-1,-1
195,23,459.27,474.57,43.61,100.55,0.2971,-1,-1,-1
195,24,569.81,441.77,63.82,176.40,0.6823,-1,-1,-1
196,2,807.41,425.41,132.03,381.51,0.8252,-1,-1,-1
196,3,642.63,423.97,173.57,539.18,0.8009,-1,-1,-1
196,5,947.72,448.43,115.61,308.77,0.7278,-1,-1,-1
196,18,1025.05,432.54,96.46,280.12,0.6813,-1,-1,-1
196,22,1146.52,441.88,43.01,106.14,0.4137,-1,-1,-1
196,23,457.03,473.59,45.25,101.67,0.3468,-1,-1,-1
196,24,569.83,442.42,64.93,175.78,0.6704,-1,-1,-1
196,25,512.62,439.77,38.72,121.73,0.4387,-1,-1,-1
197,2,809.76,426.92,143.39,380.04,0.8147,-1,-1,-1
197,3,646.34,422.45,166.96,548.54,0.8227,-1,-1,-1
197,5,951.08,447.58,112.79,309.89,0.7521,-1,-1,-1
197,18,1029.75,431.73,96.16,281.59,0.4690,-1,-1,-1
197,22,1146.04,443.28,42.84,104.57,0.3622,-1,-1,-1
197,23,455.82,471.69,44.74,103.57,0.3353,-1,-1,-1
197,24,569.61,441.40,66.37,176.00,0.6706,-1,-1,-1
197,25,512.88,439.86,38.64,121.29,0.4482,-1,-1,-1
198,2,813.18,430.92,149.62,376.45,0.8301,-1,-1,-1
198,3,649.62,422.74,164.68,544.58,0.8328,-1,-1,-1
198,5,957.10,447.50,107.55,311.08,0.7684,-1,-1,-1
198,18,1035.67,432.82,93.45,281.18,0.6464,-1,-1,-1
198,22,1146.27,441.52,42.72,106.31,0.3867,-1,-1,-1
198,23,457.62,471.54,39.92,103.36,0.3184,-1,-1,-1
198,24,570.23,441.70,66.67,175.67,0.6824,-1,-1,-1
198,25,515.27,443.63,36.93,118.60,0.3386,-1,-1,-1
199,2,816.08,432.72,156.31,375.66,0.8460,-1,-1,-1
199,3,649.54,423.23,169.84,541.65,0.8391,-1,-1,-1
199,5,964.01,447.89,104.91,312.59,0.7579,-1,-1,-1
199,18,1040.13,435.88,93.00,280.25,0.6363,-1,-1,-1
199,22,1145.10,443.15,40.93,105.33,0.3755,-1,-1,-1
199,23,457.07,472.03,38.80,103.27,0.2779,-1,-1,-1
199,24,571.46,443.29,65.05,173.49,0.6887,-1,-1,-1
199,25,514.86,447.27,37.10,115.49,0.3014,-1,-1,-1
200,2,817.48,434.95,159.10,374.71,0.8428,-1,-1,-1
200,3,651.77,422.60,171.58,541.33,0.8591,-1,-1,-1
200,5,969.53,448.51,103.43,312.12,0.7222,-1,-1,-1
200,18,1042.67,434.42,93.57,284.05,0.6063,-1,-1,-1
200,22,1145.20,442.36,37.33,106.50,0.3226,-1,-1,-1
200,23,456.34,469.49,37.05,100.90,0.2897,-1,-1,-1
200,24,571.80,445.57,64.81,171.71,0.6775,-1,-1,-1
200,25,512.69,445.27,38.02,116.76,0.3383,-1,-1,-1
201,2,820.09,436.87,159.22,373.88,0.8391,-1,-1,-1
201,3,656.81,422.88,173.00,539.66,0.8444,-1,-1,-1
201,5,977.46,450.80,94.96,310.24,0.7077,-1,-1,-1
201,18,1047.17,435.44,92.75,287.33,0.6136,-1,-1,-1
201,22,1143.16,440.79,36.63,108.40,0.3225,-1,-1,-1
201,23,454.63,468.07,37.67,105.40,0.2767,-1,-1,-1
201,24,573.21,444.79,63.94,170.80,0.6635,-1,-1,-1
201,25,510.82,441.67,39.44,120.14,0.2781,-1,-1,-1
202,2,822.14,437.61,156.80,374.74,0.8452,-1,-1,-1
202,3,658.51,421.78,177.26,542.12,0.8547,-1,-1,-1
202,5,985.11,449.94,90.47,312.41,0.7739,-1,-1,-1
202,18,1050.20,436.05,94.68,284.11,0.6834,-1,-1,-1
202,22,1142.06,438.95,35.33,109.51,0.3478,-1,-1,-1
202,23,453.89,471.28,36.24,100.84,0.2490,-1,-1,-1
202,24,573.19,446.44,65.68,168.84,0.6781,-1,-1,-1
202,25,511.85,439.51,38.58,121.78,0.2164,-1,-1,-1
203,2,823.90,437.91,153.66,375.62,0.8436,-1,-1,-1
203,3,665.72,424.73,175.62,547.38,0.8227,-1,-1,-1
203,5,988.66,449.72,91.87,313.82,0.7719,-1,-1,-1
203,18,1053.80,434.91,95.10,283.78,0.6937,-1,-1,-1
203,22,1142.99,437.42,33.04,110.26,0.2440,-1,-1,-1
203,23,451.79,473.58,40.55,100.01,0.2247,-1,-1,-1
203,24,573.55,444.56,67.46,170.82,0.7084,-1,-1,-1
203,25,509.57,439.53,40.41,122.55,0.3396,-1,-1,-1
204,2,824.87,437.60,152.20,376.01,0.8425,-1,-1,-1
204,3,664.97,424.17,179.53,555.61,0.8434,-1,-1,-1
204,5,992.08,449.47,91.95,315.83,0.7722,-1,-1,-1
204,18,1059.53,434.75,90.75,283.62,0.6991,-1,-1,-1
204,22,1145.10,438.86,30.89,107.64,0.1518,-1,-1,-1
204,23,451.43,473.14,41.98,101.62,0.2988,-1,-1,-1
204,24,575.75,448.16,66.05,167.52,0.7258,-1,-1,-1
204,25,510.14,446.04,38.84,116.07,0.1523,-1,-1,-1
205,2,825.83,435.09,151.64,378.33,0.8318,-1,-1,-1
205,3,668.85,424.06,176.95,564.99,0.8478,-1,-1,-1
205,5,995.11,448.16,93.02,317.02,0.7865,-1,-1,-1
205,18,1063.56,438.01,88.43,279.08,0.7154,-1,-1,-1
205,23,450.79,474.07,42.67,101.16,0.3198,-1,-1,-1
205,24,575.65,447.00,66.20,169.51,0.7470,-1,-1,-1
205,25,509.80,444.57,39.03,117.68,0.2066,-1,-1,-1
206,2,829.51,435.40,149.80,377.68,0.8326,-1,-1,-1
206,3,673.57,423.21,173.96,569.71,0.8387,-1,-1,-1
206,5,999.78,447.80,92.58,317.51,0.7749,-1,-1,-1
206,18,1066.29,436.87,87.07,281.35,0.6803,-1,-1,-1
206,23,450.70,475.01,42.50,98.42,0.2296,-1,-1,-1
206,24,575.91,447.02,66.77,170.44,0.7255,-1,-1,-1
206,25,510.25,442.50,39.23,119.99,0.2855,-1,-1,-1
207,2,831.27,435.48,149.54,377.16,0.8275,-1,-1,-1
207,3,676.36,420.61,173.33,573.78,0.8416,-1,-1,-1
207,5,1005.49,448.52,94.18,315.17,0.7192,-1,-1,-1
207,18,1073.00,435.61,81.20,284.22,0.6519,-1,-1,-1
207,23,450.54,473.23,40.47,97.35,0.2639,-1,-1,-1
207,24,579.09,452.91,64.67,164.48,0.7391,-1,-1,-1
207,25,510.31,447.65,39.37,113.95,0.2338,-1,-1,-1
208,2,833.24,434.87,148.57,379.06,0.8233,-1,-1,-1
208,3,679.32,420.24,172.40,574.07,0.8344,-1,-1,-1
208,5,1009.22,450.13,92.88,311.92,0.6924,-1,-1,-1
208,18,1076.83,434.07,77.24,297.88,0.5926,-1,-1,-1
208,23,448.61,470.73,40.67,101.55,0.2039,-1,-1,-1
208,24,580.94,454.30,63.61,163.37,0.7302,-1,-1,-1
208,25,510.36,445.79,40.03,115.71,0.3970,-1,-1,-1
208,26,1187.39,447.74,40.36,102.76,0.4095,-1,-1,-1
209,2,835.82,434.58,146.72,380.24,0.8074,-1,-1,-1
209,3,683.28,416.95,171.28,577.73,0.8192,-1,-1,-1
209,5,1011.87,446.65,123.25,316.06,0.6001,-1,-1,-1
209,18,1082.64,433.68,77.04,288.17,0.6136,-1,-1,-1
209,23,447.72,471.13,40.99,101.92,0.1577,-1,-1,-1
209,24,582.24,456.74,65.44,161.01,0.7432,-1,-1,-1
209,25,510.69,444.62,40.53,117.08,0.4149,-1,-1,-1
209,26,1188.70,448.43,40.26,103.01,0.4841,-1,-1,-1
210,2,839.61,429.91,147.73,384.50,0.8141,-1,-1,-1
210,3,686.03,415.82,171.53,578.70,0.7952,-1,-1,-1
210,5,1016.29,444.60,141.08,318.59,0.8152,-1,-1,-1
210,18,1087.01,433.71,77.46,255.21,0.2007,-1,-1,-1
210,23,445.41,473.83,41.35,99.36,0.1794,-1,-1,-1
210,24,584.08,457.28,66.59,160.07,0.7274,-1,-1,-1
210,25,510.76,443.07,40.48,118.04,0.4130,-1,-1,-1
210,26,1189.97,445.97,40.01,106.14,0.4820,-1,-1,-1
211,2,845.57,430.18,148.80,385.86,0.7886,-1,-1,-1
211,3,686.30,418.56,174.06,576.42,0.8111,-1,-1,-1
211,5,1019.47,443.70,152.73,319.76,0.8011,-1,-1,-1
211,18,1089.61,433.51,77.60,253.28,0.2130,-1,-1,-1
211,24,584.86,453.57,69.67,163.52,0.7427,-1,-1,-1
211,25,510.71,441.76,40.26,119.32,0.4342,-1,-1,-1
211,26,1191.87,445.14,38.89,107.50,0.4640,-1,-1,-1
212,2,851.56,430.49,147.52,386.08,0.7878,-1,-1,-1
212,3,688.17,416.41,173.59,578.41,0.8251,-1,-1,-1
212,5,1021.17,444.68,160.76,319.69,0.7905,-1,-1,-1
212,18,1095.67,430.78,79.40,250.85,0.3556,-1,-1,-1
212,24,587.15,451.91,68.58,164.49,0.7130,-1,-1,-1
212,25,510.89,440.65,40.69,120.02,0.4643,-1,-1,-1
212,26,1193.24,446.46,38.61,105.94,0.5083,-1,-1,-1
213,2,860.46,430.57,141.47,386.70,0.8086,-1,-1,-1
213,3,688.71,414.52,176.32,579.75,0.8219,-1,-1,-1
213,5,1021.59,446.94,164.43,319.08,0.8071,-1,-1,-1
213,18,1099.82,432.83,79.28,264.82,0.5039,-1,-1,-1
213,24,588.13,452.25,68.27,164.58,0.7386,-1,-1,-1
213,25,510.79,439.47,41.36,121.07,0.4536,-1,-1,-1
213,26,1194.50,446.83,38.02,104.05,0.3672,-1,-1,-1
214,2,869.12,429.67,137.82,385.95,0.8162,-1,-1,-1
214,3,690.13,413.69,175.96,580.05,0.8242,-1,-1,-1
214,5,1021.35,448.01,166.11,319.31,0.7731,-1,-1,-1
214,18,1104.94,431.54,78.56,274.11,0.5422,-1,-1,-1
214,24,589.25,451.39,67.62,166.41,0.7261,-1,-1,-1
214,25,510.51,439.15,42.33,121.00,0.4719,-1,-1,-1
214,26,1195.30,445.59,39.97,104.07,0.3774,-1,-1,-1
215,2,877.38,429.18,130.51,387.10,0.8102,-1,-1,-1
215,3,692.92,412.09,176.10,582.15,0.8178,-1,-1,-1
215,5,1021.52,447.15,164.03,321.07,0.8160,-1,-1,-1
215,18,1111.66,427.75,77.27,286.30,0.5562,-1,-1,-1
215,24,591.01,453.94,66.96,163.64,0.6826,-1,-1,-1
215,25,510.67,438.01,42.01,121.40,0.4792,-1,-1,-1
215,26,1197.19,441.99,40.89,108.59,0.3525,-1,-1,-1
216,2,882.21,427.78,126.59,388.63,0.8191,-1,-1,-1
216,3,695.25,414.02,176.36,580.04,0.7932,-1,-1,-1
216,5,1022.05,446.39,167.05,323.41,0.8255,-1,-1,-1
216,18,1120.17,429.46,71.11,288.58,0.4633,-1,-1,-1
216,24,593.87,455.54,65.58,165.56,0.6858,-1,-1,-1
216,25,510.26,437.91,42.88,121.26,0.4925,-1,-1,-1
216,26,1198.85,440.26,41.17,111.33,0.4078,-1,-1,-1
217,2,884.59,428.38,125.18,390.87,0.8149,-1,-1,-1
217,3,695.00,413.43,180.62,580.12,0.7478,-1,-1,-1
217,5,1023.95,446.46,166.52,323.27,0.7896,-1,-1,-1
217,18,1126.42,430.65,64.22,226.88,0.3321,-1,-1,-1
217,24,595.21,457.08,65.65,165.59,0.7141,-1,-1,-1
217,25,509.89,437.99,43.25,120.97,0.4859,-1,-1,-1
217,26,1199.65,437.87,42.03,113.73,0.4762,-1,-1,-1
218,2,887.71,427.47,124.73,395.27,0.8202,-1,-1,-1
218,3,697.96,411.31,184.20,582.74,0.7670,-1,-1,-1
218,5,1027.61,442.69,163.76,327.46,0.7870,-1,-1,-1
218,18,1134.44,434.19,57.44,197.75,0.2385,-1,-1,-1
218,24,597.59,457.73,64.80,165.31,0.6988,-1,-1,-1
218,25,509.35,438.90,42.76,120.27,0.5043,-1,-1,-1
218,26,1201.30,440.02,42.97,111.83,0.4348,-1,-1,-1
219,2,890.26,426.04,126.56,400.15,0.8410,-1,-1,-1
219,3,701.30,411.10,186.54,582.79,0.7602,-1,-1,-1
219,5,1035.49,438.83,155.62,331.05,0.7947,-1,-1,-1
219,24,596.45,460.25,65.50,165.39,0.6768,-1,-1,-1
219,25,509.08,439.03,42.86,119.96,0.5116,-1,-1,-1
219,26,1202.06,439.40,43.50,112.27,0.4275,-1,-1,-1
220,2,892.59,425.91,126.97,405.20,0.8422,-1,-1,-1
220,3,708.87,410.00,191.08,583.29,0.8120,-1,-1,-1
220,5,1044.34,438.75,147.50,330.86,0.8068,-1,-1,-1
220,24,596.92,461.34,65.41,165.05,0.7006,-1,-1,-1
220,25,508.72,438.65,43.14,120.21,0.5424,-1,-1,-1
220,26,1206.09,444.24,41.04,106.88,0.3042,-1,-1,-1
221,2,895.71,424.96,128.14,407.97,0.8385,-1,-1,-1
221,3,714.54,410.28,205.60,583.82,0.8603,-1,-1,-1
221,5,1052.74,438.48,140.00,331.06,0.8091,-1,-1,-1
221,24,598.22,460.91,63.05,163.94,0.7231,-1,-1,-1
221,25,508.87,439.17,42.81,120.34,0.5020,-1,-1,-1
221,26,1207.38,451.39,42.10,99.25,0.1571,-1,-1,-1
221,18,1149.66,436.51,66.80,281.67,0.5501,-1,-1,-1
222,2,897.14,424.82,130.03,409.32,0.8378,-1,-1,-1
222,3,716.91,410.41,219.35,584.06,0.8615,-1,-1,-1
222,5,1064.71,439.31,128.40,330.30,0.8169,-1,-1,-1
222,24,600.30,461.20,60.14,163.41,0.7399,-1,-1,-1
222,25,508.86,439.09,42.53,120.87,0.4928,-1,-1,-1
222,18,1154.75,433.58,75.62,294.81,0.5994,-1,-1,-1
223,2,899.99,426.41,129.96,411.00,0.8240,-1,-1,-1
223,3,717.70,407.52,239.38,587.40,0.8502,-1,-1,-1
223,5,1077.79,439.29,115.47,331.04,0.7980,-1,-1,-1
223,24,601.45,459.14,58.76,166.92,0.6913,-1,-1,-1
223,25,507.69,439.46,44.63,121.00,0.4914,-1,-1,-1
223,18,1166.18,430.12,70.31,303.29,0.2283,-1,-1,-1
224,2,901.67,427.32,128.53,412.80,0.8211,-1,-1,-1
224,3,721.28,406.74,256.09,587.13,0.8502,-1,-1,-1
224,5,1093.24,440.63,108.23,333.05,0.7631,-1,-1,-1
224,24,603.37,459.45,57.04,165.62,0.6901,-1,-1,-1
224,25,507.17,439.94,45.94,120.78,0.5187,-1,-1,-1
224,18,1174.55,435.79,64.19,298.43,0.1637,-1,-1,-1
225,2,903.39,428.01,128.81,414.38,0.8179,-1,-1,-1
225,3,724.65,408.63,267.37,586.82,0.8307,-1,-1,-1
225,5,1102.70,440.06,98.44,335.73,0.7243,-1,-1,-1
225,24,603.73,460.60,58.22,166.49,0.6749,-1,-1,-1
225,25,507.84,440.11,45.44,120.66,0.4951,-1,-1,-1
225,18,1172.24,429.12,64.03,309.48,0.3159,-1,-1,-1
226,2,904.90,428.54,132.32,415.48,0.8178,-1,-1,-1
226,3,727.57,405.29,279.81,590.86,0.8565,-1,-1,-1
226,5,1109.14,437.95,94.80,340.38,0.6920,-1,-1,-1
226,24,604.50,461.93,57.58,167.18,0.6738,-1,-1,-1
226,25,507.39,439.85,45.79,120.95,0.5071,-1,-1,-1
226,18,1175.12,430.13,64.07,309.69,0.5217,-1,-1,-1
227,2,906.35,428.43,135.65,416.68,0.8113,-1,-1,-1
227,3,729.94,404.91,289.92,590.52,0.8732,-1,-1,-1
227,5,1114.77,438.10,96.74,342.37,0.7435,-1,-1,-1
227,24,606.48,460.04,55.72,168.08,0.6644,-1,-1,-1
227,25,506.78,438.88,46.04,121.92,0.4673,-1,-1,-1
227,18,1178.80,428.00,67.62,313.70,0.5514,-1,-1,-1
228,2,907.36,426.27,138.33,418.58,0.7915,-1,-1,-1
228,3,734.17,406.81,293.31,588.48,0.8739,-1,-1,-1
228,5,1118.11,438.49,99.27,348.32,0.7537,-1,-1,-1
228,24,607.55,460.60,54.35,167.11,0.6631,-1,-1,-1
228,25,506.05,439.00,46.23,122.20,0.4945,-1,-1,-1
228,18,1184.38,428.06,69.14,312.14,0.4421,-1,-1,-1
229,2,907.45,426.48,139.76,418.56,0.7789,-1,-1,-1
229,3,738.57,407.82,297.70,587.78,0.8632,-1,-1,-1
229,5,1119.33,440.49,100.99,348.48,0.7589,-1,-1,-1
229,24,608.46,457.45,55.32,173.10,0.6668,-1,-1,-1
229,25,506.35,438.73,46.33,122.75,0.4472,-1,-1,-1
229,18,1189.41,421.63,73.74,235.99,0.5812,-1,-1,-1
229,23,425.69,477.36,44.12,101.05,0.3819,-1,-1,-1
230,2,908.26,425.94,143.42,417.91,0.7786,-1,-1,-1
230,3,744.34,410.63,295.20,584.52,0.8319,-1,-1,-1
230,5,1120.77,441.94,107.32,349.12,0.7170,-1,-1,-1
230,24,610.72,457.60,56.13,174.66,0.6643,-1,-1,-1
230,25,506.50,439.98,45.58,121.26,0.4374,-1,-1,-1
230,18,1194.08,418.20,74.34,203.69,0.5676,-1,-1,-1
230,23,425.54,478.14,45.69,99.86,0.4628,-1,-1,-1
231,2,910.83,425.52,138.69,417.61,0.7763,-1,-1,-1
231,3,750.55,411.13,289.97,585.24,0.8496,-1,-1,-1
231,5,1126.06,440.66,120.36,350.64,0.7976,-1,-1,-1
231,24,610.92,461.39,58.91,170.60,0.6848,-1,-1,-1
231,25,507.55,439.90,44.60,121.33,0.4874,-1,-1,-1
231,18,1199.04,417.78,73.62,191.45,0.5550,-1,-1,-1
231,23,425.34,477.56,45.46,100.57,0.4682,-1,-1,-1
232,2,913.34,425.10,134.02,419.06,0.7988,-1,-1,-1
232,3,759.23,410.15,282.64,586.25,0.8217,-1,-1,-1
232,5,1132.28,440.36,127.69,351.55,0.7952,-1,-1,-1
232,24,611.40,457.03,60.10,174.53,0.6766,-1,-1,-1
232,25,507.91,440.54,43.85,120.91,0.5421,-1,-1,-1
232,18,1203.98,417.78,71.33,185.08,0.4753,-1,-1,-1
232,23,425.37,477.76,45.93,100.20,0.4852,-1,-1,-1
233,2,918.91,424.84,128.96,421.99,0.7579,-1,-1,-1
233,3,766.44,411.55,276.62,585.12,0.8233,-1,-1,-1
233,5,1134.35,442.01,132.22,351.61,0.8318,-1,-1,-1
233,24,611.58,454.74,62.56,176.55,0.6710,-1,-1,-1
233,25,508.55,440.53,42.08,120.65,0.5220,-1,-1,-1
233,18,1208.59,424.11,69.57,178.43,0.3822,-1,-1,-1
233,23,425.50,477.81,43.73,99.48,0.4405,-1,-1,-1
234,2,922.97,424.56,126.10,424.99,0.7376,-1,-1,-1
234,3,775.06,415.59,269.96,581.92,0.7897,-1,-1,-1
234,5,1135.27,444.09,133.88,353.00,0.8437,-1,-1,-1
234,24,612.64,456.07,63.90,173.58,0.6645,-1,-1,-1
234,25,508.56,440.31,41.99,120.80,0.5276,-1,-1,-1
234,18,1212.52,423.52,69.26,180.31,0.3029,-1,-1,-1
234,23,424.99,477.01,42.07,99.86,0.4593,-1,-1,-1
234,12,1062.41,436.57,63.34,154.84,0.3796,-1,-1,-1
235,2,924.83,423.87,125.35,430.65,0.6974,-1,-1,-1
235,3,786.25,417.86,259.00,579.47,0.8167,-1,-1,-1
235,5,1135.27,444.75,137.03,355.70,0.8151,-1,-1,-1
235,24,615.55,454.77,61.26,175.45,0.6717,-1,-1,-1
235,25,508.66,440.52,40.90,120.50,0.5103,-1,-1,-1
235,18,1216.25,427.69,68.71,176.61,0.4323,-1,-1,-1
235,23,424.73,476.69,40.72,99.23,0.4735,-1,-1,-1
235,28,734.95,427.25,156.25,435.50,0.5509,-1,-1,-1
236,2,932.47,423.35,117.87,430.20,0.6904,-1,-1,-1
236,3,790.22,413.14,254.84,584.29,0.8125,-1,-1,-1
236,5,1135.68,444.42,138.60,358.04,0.8210,-1,-1,-1
236,24,619.52,456.46,57.57,173.96,0.6882,-1,-1,-1
236,25,508.48,440.30,40.29,120.36,0.4783,-1,-1,-1
236,18,1221.20,429.81,67.24,176.67,0.4838,-1,-1,-1
236,23,424.72,475.13,39.22,100.10,0.4677,-1,-1,-1
236,28,743.04,430.62,142.96,433.99,0.5302,-1,-1,-1
237,2,938.75,423.08,116.23,422.52,0.5455,-1,-1,-1
237,3,792.68,415.60,251.13,582.06,0.8146,-1,-1,-1
237,5,1137.54,442.71,139.39,360.77,0.8088,-1,-1,-1
237,24,621.50,455.18,55.78,175.15,0.6503,-1,-1,-1
237,25,509.08,440.07,39.96,119.64,0.4451,-1,-1,-1
237,18,1229.36,429.78,65.28,179.50,0.4662,-1,-1,-1
237,23,424.18,472.67,39.30,100.59,0.2566,-1,-1,-1
237,28,754.21,432.96,130.61,431.08,0.5871,-1,-1,-1
238,2,943.11,422.03,116.22,411.63,0.5798,-1,-1,-1
238,3,791.50,411.82,251.95,585.73,0.8137,-1,-1,-1
238,5,1140.75,438.99,138.11,364.99,0.7702,-1,-1,-1
238,24,623.99,458.06,52.07,175.20,0.6746,-1,-1,-1
238,25,509.57,441.32,39.49,117.12,0.3344,-1,-1,-1
238,18,1233.41,429.51,71.24,181.14,0.4723,-1,-1,-1
238,23,424.05,473.09,39.29,100.24,0.2813,-1,-1,-1
238,28,758.98,436.44,124.73,428.78,0.4338,-1,-1,-1
239,2,948.72,423.02,113.73,375.32,0.4366,-1,-1,-1
239,3,793.15,408.97,249.06,589.09,0.8386,-1,-1,-1
239,5,1147.09,437.92,132.37,366.80,0.7497,-1,-1,-1
239,24,625.89,460.16,52.52,174.22,0.6683,-1,-1,-1
239,25,509.52,441.56,39.51,116.68,0.3983,-1,-1,-1
239,18,1238.52,432.46,75.26,272.72,0.4488,-1,-1,-1
239,23,423.79,474.51,38.42,98.71,0.2391,-1,-1,-1
239,28,726.31,438.65,150.43,427.56,0.5462,-1,-1,-1
240,2,954.27,424.39,114.51,402.57,0.6242,-1,-1,-1
240,3,796.39,410.85,245.58,587.69,0.8480,-1,-1,-1
240,5,1158.41,437.46,122.10,370.50,0.7143,-1,-1,-1
240,24,627.62,460.59,51.65,172.98,0.5957,-1,-1,-1
240,25,509.26,441.34,39.69,117.29,0.4041,-1,-1,-1
240,18,1244.08,432.37,72.70,305.90,0.5409,-1,-1,-1
240,23,422.13,474.92,37.78,98.17,0.1996,-1,-1,-1
240,28,718.57,438.76,159.82,429.37,0.6310,-1,-1,-1
241,2,959.80,425.14,110.48,411.96,0.6739,-1,-1,-1
241,3,807.37,414.46,235.75,585.13,0.8194,-1,-1,-1
241,5,1169.79,437.78,113.07,371.24,0.7353,-1,-1,-1
241,24,628.96,458.20,55.06,174.38,0.5836,-1,-1,-1
241,25,509.06,441.81,39.68,116.93,0.4083,-1,-1,-1
241,18,1250.89,431.10,67.53,322.38,0.5443,-1,-1,-1
241,28,719.28,438.10,161.98,429.14,0.6227,-1,-1,-1
242,2,959.66,425.64,113.06,412.00,0.5611,-1,-1,-1
242,3,820.18,420.69,221.97,581.57,0.8238,-1,-1,-1
242,5,1179.46,437.44,110.61,368.73,0.6820,-1,-1,-1
242,24,629.18,459.09,57.01,171.80,0.5866,-1,-1,-1
242,25,508.69,443.81,39.63,115.21,0.3895,-1,-1,-1
242,18,1255.24,429.78,64.85,337.18,0.2638,-1,-1,-1
242,28,743.17,437.93,140.29,432.90,0.6463,-1,-1,-1
243,2,972.49,427.09,101.38,409.52,0.4635,-1,-1,-1
243,3,828.35,409.01,214.51,595.35,0.8007,-1,-1,-1
243,5,1187.92,435.93,108.02,368.87,0.6392,-1,-1,-1
243,24,630.35,460.80,59.62,169.09,0.5669,-1,-1,-1
243,25,508.24,448.25,39.97,110.74,0.3385,-1,-1,-1
243,18,1257.04,427.23,64.42,351.88,0.1966,-1,-1,-1
243,28,737.45,437.67,149.24,432.63,0.6694,-1,-1,-1
244,2,979.86,424.06,96.92,415.03,0.4877,-1,-1,-1
244,3,838.85,399.71,205.68,607.80,0.7917,-1,-1,-1
244,5,1197.61,434.09,111.73,370.05,0.7685,-1,-1,-1
244,24,631.35,461.90,63.84,168.93,0.5954,-1,-1,-1
244,25,507.76,447.89,40.52,111.34,0.3742,-1,-1,-1
244,18,1264.69,423.88,61.68,268.39,0.1559,-1,-1,-1
244,28,734.88,436.82,152.81,432.80,0.6902,-1,-1,-1
245,2,984.19,421.37,94.93,418.77,0.2537,-1,-1,-1
245,3,847.31,400.11,201.72,613.45,0.7378,-1,-1,-1
245,5,1204.56,432.35,115.15,372.00,0.7981,-1,-1,-1
245,24,631.72,462.79,65.37,168.69,0.5918,-1,-1,-1
245,25,507.17,446.99,41.23,111.91,0.3852,-1,-1,-1
245,18,1270.32,419.14,62.81,237.81,0.2652,-1,-1,-1
245,28,734.73,437.62,156.77,434.11,0.6433,-1,-1,-1
246,2,986.07,422.65,101.07,420.73,0.2658,-1,-1,-1
246,3,855.69,407.92,197.50,615.60,0.7831,-1,-1,-1
246,5,1209.21,431.50,113.30,371.61,0.7650,-1,-1,-1
246,24,632.60,461.72,64.90,169.26,0.5927,-1,-1,-1
246,25,507.40,443.19,41.36,115.81,0.3775,-1,-1,-1
246,18,1277.32,420.38,61.00,223.62,0.4109,-1,-1,-1
246,28,734.80,439.00,162.57,433.90,0.5699,-1,-1,-1
247,2,990.30,426.96,107.27,419.61,0.2785,-1,-1,-1
247,3,865.65,416.63,189.93,615.34,0.7729,-1,-1,-1
247,5,1212.57,430.66,117.98,370.61,0.7319,-1,-1,-1
247,24,632.50,459.24,68.03,172.24,0.5076,-1,-1,-1
247,25,505.31,441.87,43.46,117.28,0.4361,-1,-1,-1
247,18,1283.80,426.38,55.61,207.01,0.2145,-1,-1,-1
247,28,758.49,437.37,145.72,438.43,0.5573,-1,-1,-1
248,2,993.32,437.88,117.03,411.54,0.2507,-1,-1,-1
248,3,876.25,419.10,185.87,618.90,0.7380,-1,-1,-1
248,5,1216.37,430.97,130.03,371.31,0.8021,-1,-1,-1
248,24,636.49,460.57,62.55,171.42,0.5891,-1,-1,-1
248,25,504.24,440.75,44.62,118.45,0.3947,-1,-1,-1
248,18,1289.89,427.14,53.46,213.65,0.1559,-1,-1,-1
248,28,768.02,435.33,139.62,441.89,0.5748,-1,-1,-1
248,12,1070.57,437.85,65.83,154.26,0.3624,-1,-1,-1
249,2,995.49,434.34,115.61,415.12,0.2461,-1,-1,-1
249,3,884.65,421.91,182.07,620.89,0.7137,-1,-1,-1
249,5,1219.27,431.00,145.84,371.81,0.7013,-1,-1,-1
249,24,637.35,455.09,62.00,177.68,0.5776,-1,-1,-1
249,25,504.79,442.48,44.51,116.97,0.4015,-1,-1,-1
249,18,1295.84,423.73,52.54,222.55,0.2650,-1,-1,-1
249,28,776.95,432.45,141.07,445.33,0.7507,-1,-1,-1
249,12,1069.79,440.81,61.74,153.46,0.2696,-1,-1,-1
250,2,994.03,431.49,119.06,418.35,0.2062,-1,-1,-1
250,3,891.30,423.07,208.33,617.90,0.7195,-1,-1,-1
250,5,1221.10,431.75,165.09,372.50,0.7416,-1,-1,-1
250,24,641.86,451.51,64.61,182.01,0.6455,-1,-1,-1
250,25,506.92,443.72,42.79,115.79,0.3405,-1,-1,-1
250,18,1302.69,432.53,50.99,214.31,0.1673,-1,-1,-1
250,28,780.04,429.12,145.34,449.06,0.7527,-1,-1,-1
251,3,901.05,414.33,213.78,629.61,0.7892,-1,-1,-1
251,5,1220.41,430.42,183.32,374.39,0.8486,-1,-1,-1
251,24,646.58,450.09,66.69,182.29,0.6701,-1,-1,-1
251,25,507.45,445.18,42.81,114.74,0.3456,-1,-1,-1
251,28,784.08,428.76,142.45,449.76,0.7636,-1,-1,-1
252,3,909.17,407.04,216.47,634.95,0.8474,-1,-1,-1
252,5,1220.15,428.01,196.74,377.76,0.8413,-1,-1,-1
252,24,649.42,448.27,67.40,183.76,0.7187,-1,-1,-1
252,25,507.41,443.74,43.60,116.55,0.3639,-1,-1,-1
252,28,785.43,429.20,143.06,450.41,0.7428,-1,-1,-1
252,29,1848.14,519.22,71.39,261.58,0.4944,-1,-1,-1
252,23,410.71,472.27,44.04,99.95,0.3845,-1,-1,-1
253,3,917.34,405.03,212.99,636.91,0.8428,-1,-1,-1
253,5,1220.38,427.31,203.62,379.80,0.8541,-1,-1,-1
253,24,651.81,447.02,66.48,185.31,0.6941,-1,-1,-1
253,25,508.03,444.02,43.45,116.73,0.3319,-1,-1,-1
253,28,788.90,431.22,138.52,446.90,0.7411,-1,-1,-1
253,29,1848.11,486.59,71.46,292.35,0.5932,-1,-1,-1
253,23,410.24,471.29,44.67,100.64,0.3768,-1,-1,-1
254,3,922.65,407.58,206.88,634.10,0.8355,-1,-1,-1
254,5,1219.96,424.91,204.57,383.99,0.8596,-1,-1,-1
254,24,654.85,447.59,63.95,184.53,0.7195,-1,-1,-1
254,25,508.48,445.76,42.95,115.30,0.3841,-1,-1,-1
254,28,788.37,432.49,138.81,445.38,0.7460,-1,-1,-1
254,29,1841.50,410.84,77.96,368.95,0.5198,-1,-1,-1
254,23,410.66,468.79,42.44,103.25,0.3536,-1,-1,-1
254,30,730.99,484.76,45.64,112.44,0.3838,-1,-1,-1
255,3,926.87,406.34,197.79,634.66,0.8328,-1,-1,-1
255,5,1219.95,426.41,209.48,384.64,0.8622,-1,-1,-1
255,24,656.87,448.54,64.07,183.99,0.6829,-1,-1,-1
255,25,510.80,446.03,40.92,114.85,0.3662,-1,-1,-1
255,28,796.77,431.27,135.35,446.08,0.7033,-1,-1,-1
255,29,1820.74,382.44,98.63,397.19,0.7463,-1,-1,-1
255,23,410.17,470.19,41.20,102.94,0.3805,-1,-1,-1
255,30,731.04,483.80,46.01,113.64,0.3563,-1,-1,-1
256,3,930.11,407.46,195.95,632.87,0.8420,-1,-1,-1
256,5,1223.19,427.39,210.20,385.77,0.8678,-1,-1,-1
256,24,658.15,449.57,67.32,183.90,0.7108,-1,-1,-1
256,25,510.56,442.33,41.95,118.92,0.4505,-1,-1,-1
256,28,804.53,431.98,130.83,448.51,0.7444,-1,-1,-1
256,29,1808.27,377.79,110.98,401.97,0.7643,-1,-1,-1
256,23,408.63,473.34,41.54,100.71,0.3764,-1,-1,-1
256,30,730.51,483.48,45.19,114.95,0.3397,-1,-1,-1
257,3,932.19,407.48,190.83,633.89,0.8271,-1,-1,-1
257,5,1227.55,428.26,209.52,385.95,0.8662,-1,-1,-1
257,24,658.54,451.37,70.21,183.07,0.7092,-1,-1,-1
257,25,510.20,440.85,42.32,120.22,0.4333,-1,-1,-1
257,28,809.48,433.11,128.66,456.90,0.7057,-1,-1,-1
257,29,1807.10,378.52,112.17,401.87,0.7881,-1,-1,-1
257,23,407.58,474.17,42.15,100.86,0.3683,-1,-1,-1
257,30,730.58,483.96,44.51,114.06,0.3062,-1,-1,-1
257,22,1101.45,435.39,49.81,121.26,0.3595,-1,-1,-1
258,3,936.09,400.96,186.39,640.34,0.8025,-1,-1,-1
258,5,1237.23,427.65,201.73,386.02,0.8649,-1,-1,-1
258,24,659.58,449.03,71.78,189.08,0.7454,-1,-1,-1
258,25,510.22,445.10,42.65,115.29,0.2763,-1,-1,-1
258,28,799.83,433.15,139.58,468.29,0.6283,-1,-1,-1
258,29,1803.76,382.17,115.01,397.47,0.7382,-1,-1,-1
258,23,406.66,473.37,43.01,99.58,0.2301,-1,-1,-1
258,30,732.85,485.55,43.12,114.96,0.2519,-1,-1,-1
258,22,1100.76,434.44,51.62,122.11,0.3992,-1,-1,-1
259,3,936.78,396.54,183.12,645.65,0.7604,-1,-1,-1
259,5,1247.67,427.33,191.63,385.94,0.8002,-1,-1,-1
259,24,660.13,449.76,73.12,188.56,0.7308,-1,-1,-1
259,25,509.36,443.27,43.17,116.95,0.2414,-1,-1,-1
259,28,807.31,432.43,131.77,472.80,0.6534,-1,-1,-1
259,29,1786.88,387.16,131.59,390.18,0.7977,-1,-1,-1
259,23,405.82,474.08,43.70,99.02,0.2673,-1,-1,-1
259,30,733.65,487.24,43.96,111.98,0.2255,-1,-1,-1
259,22,1100.88,433.03,52.65,123.31,0.3997,-1,-1,-1
260,3,938.67,395.74,178.23,645.35,0.7713,-1,-1,-1
260,5,1258.79,426.37,181.52,386.87,0.7873,-1,-1,-1
260,24,662.33,451.30,71.60,186.40,0.7031,-1,-1,-1
260,25,507.76,446.06,44.14,114.12,0.2546,-1,-1,-1
260,28,811.89,432.51,128.95,476.97,0.5795,-1,-1,-1
260,29,1759.85,391.22,158.79,385.65,0.7758,-1,-1,-1
260,23,404.64,473.06,44.50,101.57,0.3155,-1,-1,-1
260,30,735.12,489.35,43.17,109.39,0.2705,-1,-1,-1
260,22,1100.89,433.61,54.75,121.30,0.2856,-1,-1,-1
261,3,940.58,398.23,176.23,643.11,0.7813,-1,-1,-1
261,5,1273.52,426.26,166.69,387.17,0.7393,-1,-1,-1
261,24,663.54,450.98,70.97,188.28,0.7253,-1,-1,-1
261,25,506.22,444.42,45.37,116.05,0.3153,-1,-1,-1
261,28,790.46,439.34,146.96,475.18,0.5590,-1,-1,-1
261,29,1725.54,391.03,193.30,386.97,0.7868,-1,-1,-1
261,23,403.21,471.04,45.81,102.54,0.2708,-1,-1,-1
261,30,735.13,491.93,44.05,107.65,0.2662,-1,-1,-1
261,22,1102.95,435.94,55.21,118.31,0.2111,-1,-1,-1
262,3,941.08,396.54,175.02,645.20,0.7996,-1,-1,-1
262,5,1298.02,424.84,144.65,390.36,0.7774,-1,-1,-1
262,24,664.26,450.65,70.61,189.38,0.6886,-1,-1,-1
262,25,505.38,440.76,46.09,119.67,0.4137,-1,-1,-1
262,28,809.14,435.80,134.57,479.69,0.6395,-1,-1,-1
262,29,1694.60,401.61,223.19,377.30,0.8119,-1,-1,-1
262,23,401.33,470.73,47.82,99.40,0.3278,-1,-1,-1
262,30,733.00,489.67,46.66,111.56,0.2444,-1,-1,-1
262,22,1103.18,435.62,56.29,120.02,0.3306,-1,-1,-1
263,3,943.40,395.99,174.92,645.71,0.8203,-1,-1,-1
263,5,1312.71,424.49,137.88,391.48,0.7904,-1,-1,-1
263,24,664.61,452.09,71.97,187.35,0.6496,-1,-1,-1
263,25,503.72,439.33,47.37,121.25,0.4044,-1,-1,-1
263,28,817.83,434.55,128.29,481.89,0.6636,-1,-1,-1
263,29,1673.90,413.40,243.85,365.09,0.8340,-1,-1,-1
263,23,400.81,470.62,48.65,97.40,0.3304,-1,-1,-1
263,30,729.99,487.58,49.33,114.68,0.2524,-1,-1,-1
263,22,1105.14,437.13,54.77,118.53,0.3359,-1,-1,-1
264,3,945.54,397.99,178.58,643.19,0.8214,-1,-1,-1
264,5,1328.52,421.68,129.11,395.90,0.8135,-1,-1,-1
264,24,666.05,452.38,73.13,187.03,0.6318,-1,-1,-1
264,25,504.20,439.36,47.46,121.10,0.4164,-1,-1,-1
264,28,822.68,433.82,122.09,482.36,0.6326,-1,-1,-1
264,29,1661.95,419.41,254.32,359.08,0.8501,-1,-1,-1
264,23,401.70,468.96,46.22,98.90,0.3452,-1,-1,-1
264,30,728.90,490.16,50.44,112.94,0.2553,-1,-1,-1
264,22,1106.97,438.67,53.14,114.35,0.2282,-1,-1,-1
264,31,1297.02,431.97,42.76,118.50,0.3466,-1,-1,-1
265,3,947.06,400.49,181.35,641.28,0.8286,-1,-1,-1
265,5,1340.09,421.64,121.61,398.03,0.8056,-1,-1,-1
265,24,668.73,452.17,73.27,187.14,0.6310,-1,-1,-1
265,25,504.52,438.82,47.57,121.59,0.4098,-1,-1,-1
265,28,825.06,433.29,120.50,483.72,0.5961,-1,-1,-1
265,29,1655.77,422.86,253.83,354.82,0.8361,-1,-1,-1
265,23,400.99,468.08,47.99,101.45,0.3568,-1,-1,-1
265,30,731.82,495.48,47.37,106.28,0.1983,-1,-1,-1
265,22,1109.19,438.19,51.69,117.68,0.3252,-1,-1,-1
265,31,1298.22,434.21,45.64,114.49,0.3179,-1,-1,-1
266,3,949.09,402.06,177.99,639.82,0.8176,-1,-1,-1
266,5,1347.56,421.85,121.23,403.09,0.8191,-1,-1,-1
266,24,673.12,453.44,71.49,185.51,0.5932,-1,-1,-1
266,25,504.91,438.57,47.58,121.87,0.4103,-1,-1,-1
266,28,826.02,432.23,119.97,485.42,0.6312,-1,-1,-1
266,29,1652.45,415.18,245.77,360.38,0.8504,-1,-1,-1
266,23,401.35,467.37,47.89,104.97,0.3040,-1,-1,-1
266,30,734.90,501.06,43.53,99.49,0.1503,-1,-1,-1
266,22,1110.09,438.03,51.97,119.74,0.4100,-1,-1,-1
267,3,950.72,402.31,175.97,639.49,0.8105,-1,-1,-1
267,5,1353.35,419.65,120.81,411.36,0.8200,-1,-1,-1
267,24,674.98,453.89,71.13,184.00,0.6217,-1,-1,-1
267,25,504.95,438.72,47.62,121.61,0.4299,-1,-1,-1
267,28,826.00,429.49,119.64,489.82,0.7040,-1,-1,-1
267,29,1650.76,415.85,232.03,353.37,0.8301,-1,-1,-1
267,23,400.39,465.11,49.43,108.25,0.3752,-1,-1,-1
267,22,1113.52,438.52,49.08,119.14,0.3498,-1,-1,-1
268,3,951.49,403.32,172.76,638.80,0.8181,-1,-1,-1
268,5,1356.50,422.25,133.57,410.16,0.8308,-1,-1,-1
268,24,677.00,454.06,69.42,183.23,0.6812,-1,-1,-1
268,25,505.60,437.87,46.96,123.13,0.4167,-1,-1,-1
268,28,825.36,429.62,123.58,489.40,0.5944,-1,-1,-1
268,29,1651.69,414.48,206.41,345.66,0.8203,-1,-1,-1
268,23,397.72,463.68,51.73,110.48,0.3046,-1,-1,-1
268,22,1121.52,445.69,39.86,111.73,0.2914,-1,-1,-1
269,3,951.86,403.48,175.87,639.08,0.8197,-1,-1,-1
269,5,1360.68,423.39,152.42,412.89,0.8577,-1,-1,-1
269,24,678.82,453.58,67.85,183.07,0.6685,-1,-1,-1
269,25,505.26,436.50,47.21,124.57,0.4428,-1,-1,-1
269,28,823.84,428.86,125.38,491.67,0.5655,-1,-1,-1
269,29,1651.87,415.32,182.31,341.42,0.8104,-1,-1,-1
269,23,394.64,462.41,53.44,110.48,0.3000,-1,-1,-1
269,22,1122.00,444.70,39.84,111.82,0.3666,-1,-1,-1
270,3,953.10,404.21,173.50,638.80,0.8080,-1,-1,-1
270,5,1363.89,423.86,169.34,414.74,0.8497,-1,-1,-1
270,24,681.37,452.63,66.42,185.49,0.7001,-1,-1,-1
270,25,505.56,436.06,47.00,125.05,0.4098,-1,-1,-1
270,28,825.80,427.27,131.78,493.93,0.5993,-1,-1,-1
270,29,1652.83,410.92,151.86,343.16,0.8016,-1,-1,-1
270,23,391.48,461.12,56.48,111.10,0.1938,-1,-1,-1
270,22,1121.21,441.89,40.87,113.17,0.2587,-1,-1,-1
271,3,955.51,404.91,168.14,638.58,0.7718,-1,-1,-1
271,5,1364.45,423.60,187.43,415.26,0.8314,-1,-1,-1
271,24,684.83,449.36,65.38,190.76,0.6164,-1,-1,-1
271,25,506.76,437.03,46.96,123.98,0.3788,-1,-1,-1
271,28,826.63,426.44,135.51,495.36,0.6081,-1,-1,-1
271,29,1653.49,412.98,121.13,340.22,0.7668,-1,-1,-1
271,23,391.29,459.51,56.62,113.48,0.2412,-1,-1,-1
271,22,1122.63,439.96,38.60,114.79,0.1953,-1,-1,-1
272,3,959.35,404.28,161.30,639.01,0.8079,-1,-1,-1
272,5,1364.58,425.11,196.76,415.80,0.8647,-1,-1,-1
272,24,687.44,446.76,66.43,195.82,0.6511,-1,-1,-1
272,25,507.15,439.62,47.64,121.38,0.3853,-1,-1,-1
272,28,829.01,426.47,134.37,494.99,0.6616,-1,-1,-1
272,29,1643.70,414.32,101.17,337.30,0.7026,-1,-1,-1
272,23,392.78,460.85,56.45,113.39,0.3110,-1,-1,-1
273,3,962.84,403.48,158.77,639.79,0.8124,-1,-1,-1
273,5,1365.21,426.77,201.22,418.94,0.8805,-1,-1,-1
273,24,688.57,444.35,67.23,200.04,0.6535,-1,-1,-1
273,25,508.01,447.23,46.70,113.48,0.2802,-1,-1,-1
273,28,830.67,424.72,133.59,496.08,0.6606,-1,-1,-1
273,29,1637.24,424.42,87.03,327.71,0.7105,-1,-1,-1
273,23,392.78,462.83,54.69,110.88,0.3631,-1,-1,-1
274,3,964.74,403.29,155.82,640.18,0.8157,-1,-1,-1
274,5,1366.82,425.95,204.98,425.70,0.8753,-1,-1,-1
274,24,689.07,447.92,67.46,194.28,0.5845,-1,-1,-1
274,25,508.41,447.69,46.34,112.69,0.2934,-1,-1,-1
274,28,832.08,424.52,133.91,495.63,0.6799,-1,-1,-1
274,29,1624.44,433.89,92.59,316.63,0.7957,-1,-1,-1
274,23,393.39,465.98,53.06,107.28,0.3269,-1,-1,-1
275,3,966.31,404.22,153.64,639.60,0.7984,-1,-1,-1
275,5,1370.43,424.77,204.98,429.51,0.8780,-1,-1,-1
275,24,691.78,448.70,71.67,194.10,0.5692,-1,-1,-1
275,25,509.36,448.86,45.96,111.83,0.2951,-1,-1,-1
275,28,832.66,422.99,134.35,496.35,0.7007,-1,-1,-1
275,29,1596.30,437.28,118.60,313.67,0.7849,-1,-1,-1
275,23,392.72,465.24,54.97,108.10,0.3166,-1,-1,-1
276,3,967.81,402.24,154.22,641.48,0.8143,-1,-1,-1
276,5,1375.52,425.14,199.98,430.15,0.8330,-1,-1,-1
276,24,696.79,449.04,68.52,193.00,0.5451,-1,-1,-1
276,25,508.78,452.62,45.91,107.35,0.2128,-1,-1,-1
276,28,831.38,423.28,132.47,495.88,0.7018,-1,-1,-1
276,29,1573.47,437.90,138.58,314.85,0.8034,-1,-1,-1
276,23,391.59,464.87,57.66,108.56,0.2718,-1,-1,-1
276,32,1070.74,423.29,102.22,228.68,0.4050,-1,-1,-1
276,31,1304.67,427.86,57.00,123.08,0.4028,-1,-1,-1
277,3,970.73,403.18,155.18,640.95,0.8282,-1,-1,-1
277,5,1379.63,425.39,196.24,430.40,0.8148,-1,-1,-1
277,24,696.10,451.80,66.32,192.25,0.4538,-1,-1,-1
277,25,508.34,453.47,45.81,106.16,0.1937,-1,-1,-1
277,28,828.89,423.38,131.68,496.00,0.6846,-1,-1,-1
277,29,1554.47,424.68,156.53,328.46,0.8514,-1,-1,-1
277,23,390.06,467.88,59.74,105.43,0.1772,-1,-1,-1
277,32,1076.02,426.01,97.86,226.45,0.3678,-1,-1,-1
277,31,1304.83,429.41,58.98,121.02,0.2544,-1,-1,-1
278,3,971.11,402.01,158.17,642.68,0.8238,-1,-1,-1
278,5,1387.15,425.71,205.11,428.04,0.8073,-1,-1,-1
278,24,703.13,451.70,68.24,193.27,0.4963,-1,-1,-1
278,25,506.99,456.14,45.34,102.83,0.2722,-1,-1,-1
278,28,830.15,423.09,130.57,496.09,0.7096,-1,-1,-1
278,29,1537.98,447.45,172.74,303.50,0.8509,-1,-1,-1
278,23,389.53,467.95,60.47,105.55,0.1963,-1,-1,-1
278,32,1090.04,439.41,85.20,216.08,0.2768,-1,-1,-1
279,3,973.81,401.27,158.41,644.23,0.8244,-1,-1,-1
279,5,1427.05,429.46,164.24,421.97,0.5473,-1,-1,-1
279,24,707.52,452.18,73.79,192.89,0.4316,-1,-1,-1
279,25,504.75,457.38,44.45,101.59,0.3374,-1,-1,-1
279,28,829.12,421.35,132.06,498.09,0.7355,-1,-1,-1
279,29,1530.75,429.65,178.48,319.80,0.8377,-1,-1,-1
279,23,388.36,463.09,60.23,110.59,0.3221,-1,-1,-1
279,32,1091.66,445.52,84.87,213.43,0.2680,-1,-1,-1
280,3,975.54,401.13,162.41,643.77,0.8129,-1,-1,-1
280,5,1447.46,428.91,144.78,422.39,0.7807,-1,-1,-1
280,24,711.96,452.17,75.32,193.31,0.5385,-1,-1,-1
280,25,503.53,457.85,45.04,101.02,0.3202,-1,-1,-1
280,28,826.72,419.86,135.28,499.53,0.7231,-1,-1,-1
280,29,1542.27,443.61,162.02,302.19,0.7800,-1,-1,-1
280,23,387.39,461.82,58.24,112.97,0.3616,-1,-1,-1
280,32,1099.07,460.63,77.17,198.73,0.2537,-1,-1,-1
281,3,977.60,399.12,165.34,645.18,0.8157,-1,-1,-1
281,5,1458.14,428.62,128.35,421.85,0.7883,-1,-1,-1
281,24,714.83,454.96,76.50,191.57,0.6098,-1,-1,-1
281,25,503.27,456.71,45.32,101.70,0.3043,-1,-1,-1
281,28,826.86,419.81,141.60,499.53,0.7251,-1,-1,-1
281,29,1546.01,424.11,148.67,323.85,0.6387,-1,-1,-1
281,23,386.94,461.04,59.77,113.00,0.3631,-1,-1,-1
281,32,1101.82,460.49,73.28,199.73,0.2405,-1,-1,-1
282,3,979.10,399.84,168.32,644.21,0.7954,-1,-1,-1
282,5,1467.01,432.99,122.36,418.37,0.7364,-1,-1,-1
282,24,714.81,458.28,80.23,187.12,0.5095,-1,-1,-1
282,25,503.98,455.59,44.32,103.26,0.3268,-1,-1,-1
282,28,826.43,419.36,149.89,498.40,0.7452,-1,-1,-1
282,29,1542.95,420.43,135.66,322.80,0.5465,-1,-1,-1
282,23,385.80,462.78,54.83,111.83,0.3590,-1,-1,-1
282,32,1100.37,459.30,75.24,202.33,0.1945,-1,-1,-1
283,3,982.63,399.47,168.68,644.54,0.7816,-1,-1,-1
283,5,1472.33,432.20,136.04,420.97,0.7704,-1,-1,-1
283,24,716.58,458.75,80.37,185.86,0.6089,-1,-1,-1
283,25,503.97,455.78,43.67,103.37,0.3472,-1,-1,-1
283,28,825.73,420.28,162.86,497.69,0.7568,-1,-1,-1
283,23,385.43,463.17,52.88,112.08,0.4531,-1,-1,-1
284,3,989.40,400.66,160.79,642.53,0.7640,-1,-1,-1
284,5,1479.42,429.57,143.10,422.74,0.7980,-1,-1,-1
284,24,717.86,457.97,80.59,186.89,0.6900,-1,-1,-1
284,25,504.83,456.54,42.23,103.24,0.3523,-1,-1,-1
284,28,825.28,420.66,174.78,498.50,0.7645,-1,-1,-1
284,23,384.08,465.45,55.79,109.88,0.4321,-1,-1,-1
285,3,992.65,403.24,156.72,639.93,0.7921,-1,-1,-1
285,5,1487.58,433.92,142.22,418.60,0.7754,-1,-1,-1
285,24,717.12,456.36,82.90,188.41,0.7346,-1,-1,-1
285,25,504.55,456.63,42.26,103.44,0.3975,-1,-1,-1
285,28,825.71,425.67,182.96,496.84,0.7772,-1,-1,-1
285,23,382.10,466.77,56.31,108.41,0.4209,-1,-1,-1
285,33,1346.09,444.29,36.17,102.15,0.4817,-1,-1,-1
286,3,995.28,405.55,154.63,637.87,0.7906,-1,-1,-1
286,5,1495.52,434.45,152.48,417.85,0.8167,-1,-1,-1
286,24,716.98,454.77,86.15,190.00,0.7744,-1,-1,-1
286,25,504.48,457.17,42.15,102.95,0.3727,-1,-1,-1
286,28,825.81,425.40,189.30,498.47,0.7842,-1,-1,-1
286,23,380.73,468.16,55.12,106.80,0.3750,-1,-1,-1
286,33,1348.78,443.04,35.94,103.02,0.4338,-1,-1,-1
286,18,1472.86,442.67,57.14,194.45,0.4091,-1,-1,-1
287,3,995.66,406.35,155.60,637.25,0.7840,-1,-1,-1
287,5,1499.29,431.46,175.02,421.12,0.8300,-1,-1,-1
287,24,718.55,454.91,85.64,189.29,0.7629,-1,-1,-1
287,25,504.45,457.33,41.90,103.14,0.3372,-1,-1,-1
287,28,828.28,422.44,192.21,500.06,0.8053,-1,-1,-1
287,23,380.28,469.50,51.81,104.83,0.3048,-1,-1,-1
287,33,1350.79,443.72,35.08,104.31,0.4859,-1,-1,-1
287,18,1477.93,442.21,58.90,193.71,0.5658,-1,-1,-1
288,3,997.30,406.59,154.41,637.58,0.7844,-1,-1,-1
288,5,1503.23,429.99,199.99,426.05,0.8566,-1,-1,-1
288,24,721.41,449.44,83.26,193.75,0.7400,-1,-1,-1
288,25,504.69,456.64,41.49,104.16,0.3753,-1,-1,-1
288,28,830.07,421.45,193.29,500.63,0.8141,-1,-1,-1
288,23,380.77,470.56,48.78,104.03,0.3562,-1,-1,-1
288,33,1351.28,443.78,38.86,103.32,0.2482,-1,-1,-1
288,18,1484.49,437.51,60.29,207.12,0.2326,-1,-1,-1
289,3,999.33,407.81,152.98,636.01,0.7846,-1,-1,-1
289,5,1505.71,435.32,219.45,423.34,0.8818,-1,-1,-1
289,24,725.49,447.26,81.33,196.45,0.6600,-1,-1,-1
289,25,505.95,456.32,40.36,104.45,0.3567,-1,-1,-1
289,28,834.35,422.92,190.14,497.99,0.8087,-1,-1,-1
289,23,380.82,471.83,47.82,102.48,0.2896,-1,-1,-1
289,33,1353.35,442.54,41.39,105.06,0.3067,-1,-1,-1
289,29,1476.48,414.66,107.39,309.44,0.3415,-1,-1,-1
290,3,1002.32,405.89,151.44,637.97,0.8122,-1,-1,-1
290,5,1505.70,436.17,235.78,427.87,0.8746,-1,-1,-1
290,24,729.84,448.15,80.21,195.65,0.6348,-1,-1,-1
290,25,506.35,456.45,39.12,102.79,0.3473,-1,-1,-1
290,28,839.12,419.10,185.27,501.89,0.8087,-1,-1,-1
290,23,379.29,473.83,46.65,98.73,0.2483,-1,-1,-1
290,33,1356.14,440.45,42.94,106.91,0.2761,-1,-1,-1
290,29,1440.86,414.82,132.30,309.11,0.4379,-1,-1,-1
291,3,1003.76,404.01,153.26,639.16,0.7854,-1,-1,-1
291,5,1504.02,434.76,249.97,433.29,0.8359,-1,-1,-1
291,24,733.37,452.60,78.78,192.55,0.6253,-1,-1,-1
291,25,506.01,456.97,39.25,102.00,0.2589,-1,-1,-1
291,28,835.17,420.49,189.73,501.14,0.8188,-1,-1,-1
291,23,380.28,473.96,46.85,98.88,0.1508,-1,-1,-1
291,33,1357.76,441.53,45.22,106.04,0.3002,-1,-1,-1
291,29,1419.56,421.42,146.33,297.69,0.6330,-1,-1,-1
291,34,677.71,483.10,52.63,121.26,0.3437,-1,-1,-1
292,3,1003.46,403.74,155.01,638.86,0.7559,-1,-1,-1
292,5,1502.45,435.43,256.14,436.90,0.8561,-1,-1,-1
292,24,741.31,452.42,70.92,193.23,0.6023,-1,-1,-1
292,25,505.67,456.52,39.81,103.09,0.2618,-1,-1,-1
292,28,835.09,422.02,190.32,498.52,0.8118,-1,-1,-1
292,23,380.49,473.44,48.63,99.48,0.1512,-1,-1,-1
292,33,1358.77,442.33,45.22,104.18,0.1926,-1,-1,-1
292,29,1403.17,426.80,154.84,308.55,0.3366,-1,-1,-1
292,34,680.01,482.53,51.28,122.57,0.2979,-1,-1,-1
293,3,1006.32,404.33,155.13,638.06,0.8018,-1,-1,-1
293,5,1502.12,436.53,261.73,441.13,0.8687,-1,-1,-1
293,24,744.80,450.25,68.92,196.41,0.6661,-1,-1,-1
293,25,505.11,455.09,40.15,104.39,0.3589,-1,-1,-1
293,28,839.12,418.66,185.76,502.36,0.8222,-1,-1,-1
293,23,379.28,472.30,48.80,100.54,0.1778,-1,-1,-1
293,29,1397.18,429.02,140.24,288.62,0.7030,-1,-1,-1
293,34,681.32,487.02,48.72,118.60,0.2651,-1,-1,-1
294,3,1008.09,403.07,154.85,640.37,0.8147,-1,-1,-1
294,5,1502.64,435.82,266.57,444.91,0.8659,-1,-1,-1
294,24,747.52,451.51,64.78,195.09,0.6555,-1,-1,-1
294,25,504.92,457.05,40.27,101.80,0.3392,-1,-1,-1
294,28,842.21,415.56,183.06,505.67,0.8319,-1,-1,-1
294,23,378.50,471.07,48.78,102.17,0.1833,-1,-1,-1
294,29,1394.42,429.67,139.15,282.33,0.7578,-1,-1,-1
294,34,681.68,485.16,49.77,120.89,0.3569,-1,-1,-1
294,18,1529.41,437.54,69.40,218.32,0.4483,-1,-1,-1
295,3,1009.68,402.94,152.29,640.59,0.8107,-1,-1,-1
295,5,1502.52,432.10,268.59,447.96,0.8549,-1,-1,-1
295,24,747.99,451.67,69.07,196.24,0.6381,-1,-1,-1
295,25,504.49,458.26,40.01,100.02,0.2812,-1,-1,-1
295,28,845.17,413.43,180.51,507.37,0.8266,-1,-1,-1
295,23,378.39,470.56,49.12,103.32,0.1867,-1,-1,-1
295,29,1390.17,429.39,148.17,280.79,0.7586,-1,-1,-1
295,34,683.33,486.89,47.56,118.81,0.2557,-1,-1,-1
295,18,1537.58,433.39,69.77,219.75,0.4274,-1,-1,-1
296,3,1009.49,403.58,154.68,639.42,0.8181,-1,-1,-1
296,5,1511.33,430.05,258.70,450.27,0.8341,-1,-1,-1
296,24,750.69,449.99,73.96,196.79,0.6588,-1,-1,-1
296,25,504.76,459.71,39.58,98.33,0.2662,-1,-1,-1
296,28,848.67,412.71,177.39,508.48,0.8371,-1,-1,-1
296,23,377.82,469.11,49.18,105.18,0.2044,-1,-1,-1
296,29,1391.31,428.16,144.79,281.34,0.7695,-1,-1,-1
296,34,681.60,490.60,50.54,116.02,0.2996,-1,-1,-1
296,18,1544.50,431.60,75.80,220.90,0.3587,-1,-1,-1
296,22,1156.34,436.60,46.63,114.71,0.3714,-1,-1,-1
297,3,1011.14,404.59,154.90,637.77,0.8148,-1,-1,-1
297,5,1527.18,429.95,240.46,449.97,0.7896,-1,-1,-1
297,24,757.19,448.47,71.49,199.23,0.7291,-1,-1,-1
297,25,505.70,458.44,38.95,100.12,0.2770,-1,-1,-1
297,28,852.78,409.89,173.22,511.49,0.8351,-1,-1,-1
297,23,378.04,469.39,47.77,105.37,0.2291,-1,-1,-1
297,29,1394.98,432.38,137.75,277.34,0.7835,-1,-1,-1
297,34,680.40,491.98,50.98,114.62,0.3197,-1,-1,-1
297,18,1553.13,438.03,77.66,215.88,0.4015,-1,-1,-1
297,22,1157.67,436.75,46.92,115.59,0.3649,-1,-1,-1
298,3,1010.78,405.58,157.29,636.30,0.8085,-1,-1,-1
298,5,1540.74,430.78,227.22,447.39,0.7480,-1,-1,-1
298,24,757.71,447.58,71.89,199.99,0.7160,-1,-1,-1
298,25,506.29,456.29,39.26,103.07,0.3013,-1,-1,-1
298,28,855.25,410.07,170.82,512.57,0.8059,-1,-1,-1
298,23,378.30,467.97,47.29,106.97,0.2841,-1,-1,-1
298,29,1395.02,438.51,126.98,269.51,0.7831,-1,-1,-1
298,34,679.82,493.29,51.80,112.67,0.2636,-1,-1,-1
298,18,1562.81,432.45,77.71,216.61,0.3785,-1,-1,-1
298,22,1158.03,436.50,48.05,116.65,0.4039,-1,-1,-1
299,3,1010.76,405.17,160.43,635.47,0.8109,-1,-1,-1
299,5,1554.79,425.79,219.95,454.15,0.7704,-1,-1,-1
299,24,762.10,450.46,71.01,199.12,0.7051,-1,-1,-1
299,25,506.84,456.87,38.14,102.87,0.2106,-1,-1,-1
299,28,865.56,413.56,160.65,512.67,0.7734,-1,-1,-1
299,23,378.68,469.48,45.40,104.82,0.2902,-1,-1,-1
299,29,1394.01,447.25,112.82,259.88,0.7395,-1,-1,-1
299,34,681.66,489.69,47.85,115.22,0.3251,-1,-1,-1
299,18,1571.57,424.60,86.40,224.31,0.3314,-1,-1,-1
299,22,1157.90,437.11,49.35,116.02,0.2425,-1,-1,-1
300,3,1012.04,405.31,161.99,632.27,0.8217,-1,-1,-1
300,5,1574.54,423.32,196.21,457.02,0.6957,-1,-1,-1
300,24,765.16,450.85,70.67,199.01,0.7140,-1,-1,-1
300,25,506.08,456.80,38.84,102.84,0.3018,-1,-1,-1
300,28,875.54,417.50,148.99,513.50,0.7726,-1,-1,-1
300,23,378.91,469.72,44.60,104.20,0.3174,-1,-1,-1
300,29,1385.72,430.36,102.78,276.25,0.7879,-1,-1,-1
300,34,682.98,494.32,46.50,110.85,0.3331,-1,-1,-1
300,18,1579.75,425.14,83.86,223.81,0.4263,-1,-1,-1
300,22,1160.64,439.17,47.78,113.99,0.2243,-1,-1,-1
301,3,1011.00,404.98,161.37,629.71,0.8168,-1,-1,-1
301,5,1604.82,422.05,181.35,457.40,0.7293,-1,-1,-1
301,24,769.38,449.96,68.28,199.82,0.7477,-1,-1,-1
301,25,506.20,457.86,37.70,101.69,0.3102,-1,-1,-1
301,28,884.18,418.73,139.04,520.48,0.7647,-1,-1,-1
301,23,378.88,468.51,44.46,105.39,0.3906,-1,-1,-1
301,29,1381.01,442.66,88.80,263.48,0.8121,-1,-1,-1
301,34,681.80,491.91,49.79,114.79,0.2729,-1,-1,-1
301,18,1584.35,425.54,87.27,222.82,0.3795,-1,-1,-1
301,22,1160.59,440.20,49.78,112.29,0.2096,-1,-1,-1
302,3,1008.58,405.88,164.34,625.44,0.8145,-1,-1,-1
302,5,1628.15,417.09,164.24,463.33,0.7633,-1,-1,-1
302,24,770.92,454.13,71.22,196.74,0.7885,-1,-1,-1
302,25,506.64,459.48,36.40,99.59,0.3998,-1,-1,-1
302,28,889.15,419.16,134.24,527.18,0.7536,-1,-1,-1
302,23,379.39,468.69,43.92,104.70,0.4012,-1,-1,-1
302,29,1371.96,451.00,85.63,255.84,0.8321,-1,-1,-1
302,34,681.68,492.47,50.12,114.37,0.2408,-1,-1,-1
302,18,1589.35,422.51,93.65,227.29,0.3660,-1,-1,-1
302,22,1161.18,438.32,53.96,116.25,0.2751,-1,-1,-1
303,3,1011.08,405.12,163.19,622.39,0.8101,-1,-1,-1
303,5,1646.63,411.16,152.13,475.70,0.7716,-1,-1,-1
303,24,771.96,454.17,71.92,197.74,0.7769,-1,-1,-1
303,25,506.32,459.48,36.41,100.13,0.4124,-1,-1,-1
303,28,879.31,420.55,144.63,528.56,0.7568,-1,-1,-1
303,23,378.93,466.69,44.30,106.78,0.4223,-1,-1,-1
303,29,1359.85,430.70,88.17,275.24,0.7919,-1,-1,-1
303,34,681.75,492.38,50.40,114.47,0.2347,-1,-1,-1
303,18,1595.10,419.62,93.99,229.46,0.3906,-1,-1,-1
303,22,1163.29,438.38,53.87,114.45,0.2624,-1,-1,-1
303,36,0.13,655.54,116.64,202.92,0.6846,-1,-1,-1
304,3,1012.40,404.29,168.56,622.56,0.8101,-1,-1,-1
304,5,1660.52,410.12,153.24,486.21,0.7762,-1,-1,-1
304,24,773.91,454.00,74.60,198.72,0.7695,-1,-1,-1
304,25,505.62,459.16,37.59,101.30,0.4884,-1,-1,-1
304,28,871.49,420.28,153.51,530.88,0.7955,-1,-1,-1
304,23,378.56,466.55,44.49,106.90,0.3867,-1,-1,-1
304,29,1345.99,423.87,95.23,281.84,0.7747,-1,-1,-1
304,34,681.80,489.96,51.20,117.24,0.2555,-1,-1,-1
304,18,1603.08,419.31,93.13,230.30,0.3350,-1,-1,-1
304,22,1173.49,438.84,45.47,112.31,0.3282,-1,-1,-1
304,36,0.06,579.42,118.61,278.87,0.7206,-1,-1,-1
305,3,1012.59,404.23,179.53,620.61,0.7973,-1,-1,-1
305,5,1670.15,412.68,150.61,491.68,0.7422,-1,-1,-1
305,24,774.95,451.41,76.04,203.10,0.7744,-1,-1,-1
305,25,505.56,457.96,37.39,102.62,0.4560,-1,-1,-1
305,28,873.32,420.74,151.79,531.11,0.7792,-1,-1,-1
305,23,377.80,466.33,45.26,107.27,0.3846,-1,-1,-1
305,29,1336.51,424.44,100.42,281.03,0.7663,-1,-1,-1
305,34,685.76,477.77,48.38,127.15,0.2185,-1,-1,-1
305,18,1611.47,411.81,93.60,238.82,0.3237,-1,-1,-1
305,22,1181.32,439.35,39.98,110.37,0.3833,-1,-1,-1
305,36,0.32,512.01,117.87,346.42,0.6240,-1,-1,-1
306,3,1014.32,404.77,191.71,616.94,0.8194,-1,-1,-1
306,5,1674.18,415.67,167.10,495.16,0.8636,-1,-1,-1
306,24,776.63,448.49,76.24,206.72,0.7658,-1,-1,-1
306,25,504.51,457.59,39.14,103.31,0.4754,-1,-1,-1
306,28,874.80,420.36,151.16,532.02,0.7989,-1,-1,-1
306,23,377.41,466.04,46.04,107.89,0.3832,-1,-1,-1
306,29,1321.96,434.50,113.72,268.91,0.8031,-1,-1,-1
306,34,684.29,480.28,49.04,124.02,0.2343,-1,-1,-1
306,18,1615.65,411.74,102.83,322.10,0.3465,-1,-1,-1
306,22,1183.60,441.12,40.63,108.18,0.5469,-1,-1,-1
306,36,0.19,470.31,121.82,389.49,0.7373,-1,-1,-1
307,3,1016.18,402.84,200.87,617.10,0.8296,-1,-1,-1
307,5,1679.03,414.03,199.31,501.37,0.8522,-1,-1,-1
307,24,779.44,450.79,74.15,203.71,0.7216,-1,-1,-1
307,25,504.09,460.19,38.72,100.80,0.4177,-1,-1,-1
307,28,873.45,419.92,153.08,532.40,0.8149,-1,-1,-1
307,23,378.34,466.47,45.27,107.39,0.3606,-1,-1,-1
307,29,1311.14,445.51,124.30,255.69,0.8040,-1,-1,-1
307,34,684.35,486.39,48.91,119.28,0.2355,-1,-1,-1
307,18,1616.39,409.43,114.08,372.35,0.5692,-1,-1,-1
307,22,1185.32,442.29,40.72,106.32,0.5619,-1,-1,-1
307,36,0.38,419.37,122.84,441.54,0.7493,-1,-1,-1
308,3,1016.61,401.78,210.99,616.05,0.8432,-1,-1,-1
308,5,1680.47,416.78,224.38,500.43,0.8352,-1,-1,-1
308,24,782.14,449.83,72.37,203.93,0.7511,-1,-1,-1
308,25,502.83,461.79,40.10,99.36,0.4128,-1,-1,-1
308,28,874.31,420.31,152.73,532.09,0.8196,-1,-1,-1
308,23,377.96,466.75,46.48,107.15,0.3472,-1,-1,-1
308,29,1301.30,436.81,132.64,263.42,0.8116,-1,-1,-1
308,34,685.87,490.07,47.37,115.73,0.2547,-1,-1,-1
308,18,1611.79,404.43,126.87,396.54,0.6373,-1,-1,-1
308,22,1186.87,442.50,42.67,105.80,0.4958,-1,-1,-1
308,36,0.50,394.27,123.59,466.71,0.7872,-1,-1,-1
309,3,1016.95,400.00,220.45,616.15,0.8481,-1,-1,-1
309,5,1680.13,417.53,235.82,503.18,0.8585,-1,-1,-1
309,24,788.72,447.68,68.59,206.92,0.7214,-1,-1,-1
309,25,501.39,461.47,41.52,99.58,0.4338,-1,-1,-1
309,28,873.36,421.09,153.42,530.70,0.8315,-1,-1,-1
309,23,378.12,465.64,46.10,107.99,0.3290,-1,-1,-1
309,29,1293.87,433.33,137.77,267.28,0.8019,-1,-1,-1
309,34,684.07,491.79,48.51,112.87,0.2236,-1,-1,-1
309,18,1612.54,404.93,134.55,404.99,0.5927,-1,-1,-1
309,22,1189.43,443.42,40.74,104.31,0.4220,-1,-1,-1
309,36,0.49,381.62,123.92,479.54,0.8111,-1,-1,-1
309,37,731.99,477.80,49.30,118.87,0.3716,-1,-1,-1
310,3,1017.42,399.84,228.02,615.12,0.8571,-1,-1,-1
310,5,1677.51,417.74,245.54,509.51,0.8810,-1,-1,-1
310,24,793.87,445.52,65.30,209.49,0.7221,-1,-1,-1
310,25,499.66,460.51,42.84,100.62,0.4625,-1,-1,-1
310,28,874.25,421.62,151.99,530.08,0.8079,-1,-1,-1
310,23,376.99,464.58,45.56,108.38,0.2792,-1,-1,-1
310,29,1288.11,430.34,139.18,269.46,0.7632,-1,-1,-1
310,34,689.13,479.39,45.50,123.78,0.1686,-1,-1,-1
310,18,1617.14,407.00,139.21,406.89,0.5089,-1,-1,-1
310,22,1190.76,444.89,41.24,103.05,0.4920,-1,-1,-1
310,36,0.41,377.32,124.11,483.76,0.8049,-1,-1,-1
310,37,732.54,479.88,49.58,117.91,0.3744,-1,-1,-1
311,3,1016.76,401.56,232.14,613.12,0.8585,-1,-1,-1
311,5,1674.97,418.89,250.97,514.33,0.8749,-1,-1,-1
311,24,798.10,444.71,64.11,211.00,0.7321,-1,-1,-1
311,25,499.01,457.35,44.57,103.52,0.4797,-1,-1,-1
311,28,873.68,421.04,152.72,530.60,0.8187,-1,-1,-1
311,23,376.00,465.72,45.93,107.34,0.2409,-1,-1,-1
311,29,1285.58,431.45,131.83,264.96,0.7594,-1,-1,-1
311,34,691.79,476.09,43.28,126.22,0.1903,-1,-1,-1
311,18,1638.13,407.79,125.67,411.51,0.4777,-1,-1,-1
311,22,1190.98,446.26,41.42,101.29,0.5116,-1,-1,-1
311,36,0.17,375.00,121.72,483.78,0.8184,-1,-1,-1
311,37,732.66,479.76,50.99,118.88,0.4492,-1,-1,-1
312,3,1019.15,403.11,230.66,611.50,0.8612,-1,-1,-1
312,5,1675.27,419.76,251.46,515.97,0.8618,-1,-1,-1
312,24,800.02,446.85,66.04,209.46,0.7323,-1,-1,-1
312,25,498.57,455.83,45.29,105.34,0.4224,-1,-1,-1
312,28,872.02,420.57,154.96,531.52,0.8328,-1,-1,-1
312,23,375.52,463.00,47.04,109.64,0.2192,-1,-1,-1
312,29,1278.80,430.44,122.75,261.40,0.7648,-1,-1,-1
312,34,691.98,473.29,43.03,128.40,0.1675,-1,-1,-1
312,18,1627.79,409.80,144.05,411.80,0.5099,-1,-1,-1
312,22,1191.93,443.88,40.91,104.97,0.4678,-1,-1,-1
312,36,0.14,374.10,125.59,485.51,0.8304,-1,-1,-1
312,37,732.45,480.05,52.35,118.74,0.4641,-1,-1,-1
313,3,1020.11,402.78,230.57,611.78,0.8614,-1,-1,-1
313,5,1679.50,421.27,246.77,516.29,0.8692,-1,-1,-1
313,24,800.96,445.68,72.98,211.24,0.7277,-1,-1,-1
313,25,498.35,457.29,45.24,104.26,0.3891,-1,-1,-1
313,28,870.83,419.87,156.65,532.44,0.8132,-1,-1,-1
313,23,375.59,460.66,46.86,112.66,0.2311,-1,-1,-1
313,29,1273.24,431.66,113.23,257.74,0.7863,-1,-1,-1
313,34,693.05,472.84,42.14,127.08,0.1742,-1,-1,-1
313,18,1623.92,411.56,159.74,407.44,0.4775,-1,-1,-1
313,22,1192.08,441.51,42.81,108.66,0.4887,-1,-1,-1
313,36,1.07,375.37,136.27,484.99,0.8573,-1,-1,-1
313,37,732.74,479.13,52.17,118.88,0.4909,-1,-1,-1
314,3,1021.95,402.42,228.20,611.39,0.8651,-1,-1,-1
314,5,1687.71,419.71,237.60,518.59,0.8700,-1,-1,-1
314,24,802.55,445.44,75.35,211.69,0.7231,-1,-1,-1
314,25,497.33,456.24,46.26,105.57,0.4152,-1,-1,-1
314,28,869.76,419.23,158.60,533.20,0.8203,-1,-1,-1
314,23,375.84,463.91,46.95,109.53,0.2096,-1,-1,-1
314,29,1273.49,428.39,97.63,259.86,0.8068,-1,-1,-1
314,34,692.12,476.99,43.69,124.00,0.1740,-1,-1,-1
314,18,1625.87,413.77,166.40,402.51,0.3582,-1,-1,-1
314,22,1192.56,439.64,44.21,111.35,0.5540,-1,-1,-1
314,36,5.83,378.05,148.95,480.53,0.8540,-1,-1,-1
314,37,733.44,481.55,50.48,116.25,0.4094,-1,-1,-1
315,3,1027.13,400.33,222.93,614.16,0.8599,-1,-1,-1
315,5,1748.74,421.21,176.02,517.86,0.7136,-1,-1,-1
315,24,805.27,443.85,77.14,213.77,0.7223,-1,-1,-1
315,25,497.44,454.66,45.45,106.54,0.4378,-1,-1,-1
315,28,868.60,417.71,161.14,534.58,0.8149,-1,-1,-1
315,23,376.96,463.17,45.58,110.62,0.3023,-1,-1,-1
315,29,1272.14,427.06,86.15,259.96,0.7804,-1,-1,-1
315,34,685.92,489.72,45.92,113.60,0.1680,-1,-1,-1
315,18,1629.29,417.15,201.79,448.43,0.4209,-1,-1,-1
315,22,1193.80,435.95,43.40,114.93,0.5380,-1,-1,-1
315,36,13.35,382.72,173.23,477.80,0.8670,-1,-1,-1
315,37,732.41,481.03,50.56,116.77,0.3640,-1,-1,-1
316,3,1032.59,401.10,215.93,612.43,0.8603,-1,-1,-1
316,5,1781.43,418.14,141.59,519.27,0.7919,-1,-1,-1
316,24,806.13,444.02,79.05,214.83,0.6919,-1,-1,-1
316,25,497.78,453.47,44.60,107.80,0.4588,-1,-1,-1
316,28,867.45,416.27,161.37,535.97,0.8045,-1,-1,-1
316,23,377.78,462.98,44.64,110.66,0.2971,-1,-1,-1
316,29,1270.97,427.63,75.86,260.94,0.7538,-1,-1,-1
316,34,689.74,483.89,43.97,117.73,0.1613,-1,-1,-1
316,18,1637.50,415.00,212.49,469.91,0.6291,-1,-1,-1
316,22,1195.16,435.87,44.72,115.05,0.6062,-1,-1,-1
316,36,17.30,390.52,205.12,471.47,0.8803,-1,-1,-1
316,37,731.38,481.26,51.15,116.08,0.3193,-1,-1,-1
317,3,1035.96,400.18,212.25,613.63,0.8567,-1,-1,-1
317,5,1799.04,416.43,123.42,518.91,0.7092,-1,-1,-1
317,24,807.66,443.67,72.40,216.51,0.6837,-1,-1,-1
317,25,497.94,451.88,43.52,109.55,0.4669,-1,-1,-1
317,28,866.08,417.09,164.89,534.66,0.8187,-1,-1,-1
317,23,378.22,463.49,44.78,111.14,0.3882,-1,-1,-1
317,29,1265.40,423.48,74.65,263.30,0.7735,-1,-1,-1
317,34,693.08,482.62,41.51,116.91,0.1648,-1,-1,-1
317,18,1646.16,410.81,206.89,475.90,0.5941,-1,-1,-1
317,22,1196.46,436.81,44.17,114.16,0.5815,-1,-1,-1
317,36,18.52,392.50,235.25,469.81,0.8818,-1,-1,-1
317,37,731.65,481.81,50.78,115.59,0.3404,-1,-1,-1
318,3,1039.07,399.97,209.62,613.15,0.8525,-1,-1,-1
318,5,1790.87,419.72,130.06,524.24,0.6357,-1,-1,-1
318,24,808.70,443.60,70.36,216.72,0.6696,-1,-1,-1
318,25,497.49,452.71,42.70,108.54,0.4915,-1,-1,-1
318,28,867.35,417.03,165.18,534.84,0.8161,-1,-1,-1
318,23,377.68,463.19,45.49,111.00,0.3312,-1,-1,-1
318,29,1258.12,427.14,77.76,259.08,0.7975,-1,-1,-1
318,34,694.80,481.20,40.02,117.35,0.1520,-1,-1,-1
318,18,1673.36,409.26,176.22,448.85,0.3688,-1,-1,-1
318,22,1198.71,437.20,44.74,112.67,0.5600,-1,-1,-1
318,36,18.43,393.69,262.29,469.48,0.9009,-1,-1,-1
318,37,730.99,481.68,51.10,115.56,0.3315,-1,-1,-1
319,3,1041.34,400.24,207.39,611.99,0.8537,-1,-1,-1
319,5,1809.82,416.85,111.02,525.60,0.6742,-1,-1,-1
319,24,813.37,444.30,70.49,215.13,0.6717,-1,-1,-1
319,25,496.86,453.54,41.77,107.83,0.4818,-1,-1,-1
319,28,866.66,416.37,166.48,535.54,0.8183,-1,-1,-1
319,23,377.48,462.87,46.00,111.38,0.3379,-1,-1,-1
319,29,1246.54,427.42,87.76,259.19,0.7735,-1,-1,-1
319,18,1705.87,403.74,147.30,448.70,0.4392,-1,-1,-1
319,22,1200.82,438.68,44.73,110.32,0.5845,-1,-1,-1
319,36,18.63,393.69,278.53,469.96,0.8974,-1,-1,-1
319,37,730.16,482.04,51.40,114.73,0.2261,-1,-1,-1
320,3,1044.83,401.14,203.28,610.80,0.8578,-1,-1,-1
320,5,1828.39,417.56,92.12,523.94,0.7308,-1,-1,-1
320,24,816.11,444.95,72.13,214.49,0.6273,-1,-1,-1
320,25,496.53,451.17,41.18,110.00,0.4495,-1,-1,-1
320,28,865.90,416.47,168.73,534.90,0.8256,-1,-1,-1
320,23,377.33,463.90,46.38,110.02,0.2697,-1,-1,-1
320,29,1233.91,433.55,100.36,254.22,0.7423,-1,-1,-1
320,18,1707.93,399.23,150.04,458.02,0.5101,-1,-1,-1
320,22,1202.86,440.36,44.29,108.29,0.4238,-1,-1,-1
320,36,20.43,396.09,288.24,466.45,0.8933,-1,-1,-1
320,37,735.04,485.74,45.32,110.79,0.2582,-1,-1,-1
320,33,1437.63,434.61,41.17,114.59,0.4440,-1,-1,-1
321,3,1047.51,400.80,200.37,611.13,0.8622,-1,-1,-1
321,5,1844.19,425.33,76.00,516.35,0.7350,-1,-1,-1
321,24,818.74,447.23,69.91,211.87,0.6442,-1,-1,-1
321,25,495.60,448.92,40.53,112.14,0.4154,-1,-1,-1
321,28,867.37,417.02,166.48,534.35,0.8209,-1,-1,-1
321,23,377.78,464.00,45.56,109.89,0.2797,-1,-1,-1
321,29,1231.61,434.87,103.05,252.22,0.7712,-1,-1,-1
321,18,1716.12,400.05,147.90,449.42,0.5452,-1,-1,-1
321,22,1206.05,442.40,42.32,99.31,0.3211,-1,-1,-1
321,36,22.15,397.35,293.01,464.29,0.8873,-1,-1,-1
321,37,734.99,486.69,45.40,110.08,0.2862,-1,-1,-1
321,33,1438.53,435.08,42.97,114.45,0.5418,-1,-1,-1
322,3,1049.09,403.11,198.24,609.43,0.8586,-1,-1,-1
322,5,1856.31,427.33,63.54,513.59,0.6969,-1,-1,-1
322,24,820.24,448.42,70.92,210.94,0.6700,-1,-1,-1
322,25,493.85,446.82,41.72,114.46,0.4480,-1,-1,-1
322,28,868.15,416.77,164.43,534.61,0.8247,-1,-1,-1
322,23,377.03,463.04,46.36,111.08,0.3772,-1,-1,-1
322,29,1229.21,440.79,105.56,245.14,0.7586,-1,-1,-1
322,18,1728.97,395.64,143.94,451.93,0.5514,-1,-1,-1
322,36,24.63,399.28,298.24,456.33,0.8863,-1,-1,-1
322,37,735.59,486.69,44.71,110.17,0.2857,-1,-1,-1
322,33,1438.14,434.69,45.13,114.72,0.5467,-1,-1,-1
323,3,1051.15,402.51,195.55,609.54,0.8645,-1,-1,-1
323,5,1861.66,453.94,58.00,488.22,0.6179,-1,-1,-1
323,24,821.13,451.67,73.19,207.50,0.6409,-1,-1,-1
323,25,492.94,446.13,42.55,114.93,0.4653,-1,-1,-1
323,28,869.78,415.89,165.06,535.48,0.8173,-1,-1,-1
323,23,376.69,462.99,46.52,111.37,0.4021,-1,-1,-1
323,29,1228.44,441.26,103.16,243.48,0.7669,-1,-1,-1
323,18,1737.90,393.22,143.12,452.47,0.6870,-1,-1,-1
323,36,25.96,402.01,302.36,450.56,0.8895,-1,-1,-1
323,37,735.93,487.64,44.50,108.74,0.1842,-1,-1,-1
323,33,1437.95,437.16,49.31,111.75,0.4973,-1,-1,-1
324,3,1054.46,400.51,192.20,611.65,0.8561,-1,-1,-1
324,5,1862.74,450.52,56.82,493.35,0.5791,-1,-1,-1
324,24,821.67,455.60,74.21,203.13,0.6244,-1,-1,-1
324,25,492.09,446.31,42.93,114.75,0.4752,-1,-1,-1
324,28,871.69,415.95,164.62,535.53,0.8081,-1,-1,-1
324,23,376.70,463.75,46.23,110.74,0.4078,-1,-1,-1
324,29,1222.59,439.17,103.88,245.69,0.7490,-1,-1,-1
324,18,1748.53,392.51,141.84,454.81,0.6029,-1,-1,-1
324,36,31.06,403.64,299.86,444.87,0.8971,-1,-1,-1
324,37,736.73,487.34,43.59,108.38,0.2607,-1,-1,-1
324,33,1440.03,439.83,51.21,109.04,0.5524,-1,-1,-1
325,3,1056.53,398.81,190.82,613.33,0.8534,-1,-1,-1
325,5,1865.04,416.54,54.52,525.73,0.5330,-1,-1,-1
325,24,825.53,447.23,76.00,213.81,0.4455,-1,-1,-1
325,25,491.84,446.48,42.40,115.46,0.4747,-1,-1,-1
325,28,873.72,415.53,163.22,535.82,0.8056,-1,-1,-1
325,23,376.32,464.06,47.16,110.59,0.4271,-1,-1,-1
325,29,1217.78,442.89,102.88,241.47,0.6809,-1,-1,-1
325,18,1758.24,391.64,152.60,467.52,0.5504,-1,-1,-1
325,36,39.64,403.36,292.55,443.90,0.9014,-1,-1,-1
325,37,735.10,487.59,45.20,108.85,0.2415,-1,-1,-1
325,33,1443.89,439.68,51.24,108.61,0.5733,-1,-1,-1
326,3,1057.67,398.50,190.49,613.95,0.8584,-1,-1,-1
326,5,1863.16,410.37,56.25,532.86,0.3080,-1,-1,-1
326,24,828.26,442.36,79.90,220.48,0.3754,-1,-1,-1
326,25,490.64,445.63,43.63,116.25,0.4508,-1,-1,-1
326,28,875.27,415.69,162.22,535.86,0.7935,-1,-1,-1
326,23,376.66,465.29,46.97,109.81,0.4040,-1,-1,-1
326,29,1212.34,451.88,98.87,229.56,0.5428,-1,-1,-1
326,18,1765.10,393.16,154.61,493.87,0.6153,-1,-1,-1
326,36,54.09,403.63,278.07,440.63,0.8902,-1,-1,-1
326,37,732.62,486.61,49.14,110.68,0.2553,-1,-1,-1
326,33,1446.60,441.12,50.54,107.41,0.5908,-1,-1,-1
327,3,1058.27,396.51,190.21,616.59,0.8637,-1,-1,-1
327,5,1862.16,401.41,57.32,539.24,0.1848,-1,-1,-1
327,24,841.27,442.95,67.81,166.05,0.3477,-1,-1,-1
327,25,489.80,445.25,43.56,116.33,0.5025,-1,-1,-1
327,28,878.60,416.64,158.85,534.87,0.7848,-1,-1,-1
327,23,376.38,466.30,47.72,108.68,0.4006,-1,-1,-1
327,29,1207.02,439.31,74.76,202.77,0.4022,-1,-1,-1
327,18,1770.32,392.16,152.55,525.68,0.7191,-1,-1,-1
327,36,76.77,402.07,254.59,438.35,0.8739,-1,-1,-1
327,37,733.29,485.84,48.98,111.40,0.2875,-1,-1,-1
327,33,1448.24,441.52,52.57,106.87,0.5942,-1,-1,-1
328,3,1058.25,395.97,191.44,617.52,0.8601,-1,-1,-1
328,24,852.41,444.56,59.00,137.64,0.3221,-1,-1,-1
328,25,489.67,448.80,42.05,112.82,0.3995,-1,-1,-1
328,28,879.73,415.93,157.71,535.81,0.7555,-1,-1,-1
328,23,377.10,466.89,47.54,108.58,0.4555,-1,-1,-1
328,29,1202.16,442.82,78.92,218.88,0.3387,-1,-1,-1
328,18,1771.81,389.03,151.80,545.63,0.7893,-1,-1,-1
328,36,98.14,394.15,233.03,439.15,0.8825,-1,-1,-1
328,37,733.58,485.24,48.95,111.98,0.3388,-1,-1,-1
328,33,1452.39,442.32,48.18,105.62,0.6215,-1,-1,-1
329,3,1058.28,398.11,191.78,615.99,0.8601,-1,-1,-1
329,24,858.48,445.84,55.65,127.00,0.2290,-1,-1,-1
329,25,489.59,452.06,42.12,109.72,0.3895,-1,-1,-1
329,28,876.03,417.41,161.99,535.86,0.7762,-1,-1,-1
329,23,377.25,467.06,47.48,107.99,0.4087,-1,-1,-1
329,18,1770.25,393.20,153.42,547.08,0.8197,-1,-1,-1
329,36,120.69,392.05,208.98,435.05,0.8312,-1,-1,-1
329,37,733.50,484.66,49.23,113.14,0.3474,-1,-1,-1
329,33,1456.86,441.80,42.90,104.43,0.5398,-1,-1,-1
330,3,1058.32,396.82,191.71,617.52,0.8640,-1,-1,-1
330,24,863.27,448.56,53.04,119.87,0.1912,-1,-1,-1
330,25,488.97,452.48,42.55,109.36,0.4433,-1,-1,-1
330,28,870.86,418.96,168.81,534.16,0.8045,-1,-1,-1
330,23,377.60,466.72,47.02,107.61,0.4276,-1,-1,-1
330,18,1769.84,395.54,153.66,541.22,0.7419,-1,-1,-1
330,36,145.22,396.87,182.47,427.27,0.8069,-1,-1,-1
330,37,734.73,484.88,47.82,112.56,0.3620,-1,-1,-1
330,33,1460.28,441.37,39.73,103.60,0.4594,-1,-1,-1
331,3,1058.51,395.75,193.07,618.57,0.8648,-1,-1,-1
331,24,865.43,441.23,58.39,127.59,0.1553,-1,-1,-1
331,25,488.04,452.98,42.93,109.02,0.3927,-1,-1,-1
331,28,869.47,419.92,171.46,532.94,0.8023,-1,-1,-1
331,23,377.29,465.78,47.33,108.37,0.4196,-1,-1,-1
331,18,1769.92,392.47,153.19,490.52,0.7403,-1,-1,-1
331,36,172.24,394.13,156.13,428.96,0.7997,-1,-1,-1
331,37,734.72,483.90,47.42,113.92,0.3463,-1,-1,-1
331,33,1464.03,440.76,37.84,104.62,0.5805,-1,-1,-1
332,3,1059.16,396.36,193.63,618.76,0.8637,-1,-1,-1
332,24,867.96,439.21,55.28,130.48,0.2263,-1,-1,-1
332,25,488.64,451.41,41.77,110.78,0.4047,-1,-1,-1
332,28,870.91,420.24,173.92,532.46,0.8235,-1,-1,-1
332,23,377.68,463.55,47.25,111.87,0.4434,-1,-1,-1
332,18,1770.54,393.64,152.35,469.77,0.7846,-1,-1,-1
332,36,199.86,392.68,137.07,430.41,0.7748,-1,-1,-1
332,37,736.09,484.21,46.69,113.66,0.3069,-1,-1,-1
332,33,1467.04,440.15,39.45,106.08,0.5808,-1,-1,-1
333,3,1059.95,396.99,194.70,618.08,0.8717,-1,-1,-1
333,24,870.99,439.87,56.34,121.19,0.1603,-1,-1,-1
333,25,490.26,452.54,40.37,109.33,0.3878,-1,-1,-1
333,28,871.69,419.77,175.70,532.93,0.8293,-1,-1,-1
333,23,373.96,467.38,52.49,106.51,0.2875,-1,-1,-1
333,18,1770.56,393.88,151.99,464.04,0.7829,-1,-1,-1
333,36,217.89,390.61,132.71,432.46,0.7504,-1,-1,-1
333,37,738.10,482.35,45.59,115.96,0.3104,-1,-1,-1
333,33,1471.03,440.30,38.67,104.61,0.5666,-1,-1,-1
333,38,0.39,592.01,109.75,197.65,0.3764,-1,-1,-1
334,3,1061.02,396.68,193.59,618.45,0.8759,-1,-1,-1
334,24,872.43,438.08,57.67,114.80,0.1912,-1,-1,-1
334,25,490.96,453.13,39.44,108.63,0.3503,-1,-1,-1
334,28,872.43,420.14,176.75,532.48,0.8306,-1,-1,-1
334,23,372.70,470.05,54.04,103.60,0.2704,-1,-1,-1
334,18,1775.61,392.47,146.52,462.91,0.6601,-1,-1,-1
334,36,226.19,398.95,141.17,423.53,0.7158,-1,-1,-1
334,37,738.99,482.31,45.68,116.27,0.3446,-1,-1,-1
334,33,1472.88,440.29,37.57,105.74,0.4886,-1,-1,-1
334,38,0.51,484.49,126.56,306.81,0.6668,-1,-1,-1
335,3,1061.44,396.72,192.01,617.60,0.8784,-1,-1,-1
335,25,490.35,449.93,40.02,112.43,0.4445,-1,-1,-1
335,28,872.65,419.56,177.53,532.93,0.8365,-1,-1,-1
335,23,374.06,470.81,53.00,103.36,0.2305,-1,-1,-1
335,18,1780.91,402.89,140.82,453.81,0.6195,-1,-1,-1
335,36,206.99,414.69,177.75,407.24,0.7266,-1,-1,-1
335,37,738.93,481.48,45.55,117.85,0.3816,-1,-1,-1
335,33,1474.28,438.97,38.26,106.62,0.5402,-1,-1,-1
335,38,0.43,449.50,139.67,337.47,0.6944,-1,-1,-1
336,3,1060.69,396.62,192.43,617.51,0.8792,-1,-1,-1
336,25,489.11,447.92,40.22,113.37,0.4382,-1,-1,-1
336,28,873.13,420.45,175.65,532.05,0.8424,-1,-1,-1
336,23,376.58,468.77,49.46,105.54,0.1557,-1,-1,-1
336,18,1789.18,429.24,132.20,429.16,0.5104,-1,-1,-1
336,36,209.56,414.87,189.14,404.65,0.6271,-1,-1,-1
336,37,737.39,482.64,46.61,116.30,0.3295,-1,-1,-1
336,33,1475.61,438.12,37.42,106.70,0.5229,-1,-1,-1
336,38,0.31,429.25,147.05,358.50,0.8056,-1,-1,-1
337,3,1060.79,397.05,194.22,617.53,0.8804,-1,-1,-1
337,25,488.53,449.28,39.24,111.77,0.2601,-1,-1,-1
337,28,873.97,419.72,174.50,532.86,0.8340,-1,-1,-1
337,23,375.67,468.91,49.30,104.85,0.1634,-1,-1,-1
337,18,1803.33,436.45,117.51,421.91,0.3928,-1,-1,-1
337,36,222.53,424.54,194.67,398.02,0.7150,-1,-1,-1
337,37,735.79,482.96,47.20,117.00,0.3873,-1,-1,-1
337,33,1476.23,436.66,39.09,109.01,0.5356,-1,-1,-1
337,38,0.33,423.53,151.69,363.20,0.8233,-1,-1,-1
338,3,1061.16,397.21,195.64,617.18,0.8735,-1,-1,-1
338,25,488.55,452.39,39.14,108.68,0.1865,-1,-1,-1
338,28,874.85,418.73,175.76,534.25,0.8205,-1,-1,-1
338,18,1820.36,455.85,100.19,399.40,0.1833,-1,-1,-1
338,36,229.44,435.59,209.66,387.36,0.7955,-1,-1,-1
338,37,735.19,483.39,47.54,116.80,0.3672,-1,-1,-1
338,33,1478.93,436.16,40.58,109.50,0.5942,-1,-1,-1
338,38,0.53,428.08,152.33,357.68,0.8323,-1,-1,-1
339,3,1062.30,396.66,193.62,617.46,0.8826,-1,-1,-1
339,25,488.43,456.04,38.78,105.22,0.1852,-1,-1,-1
339,28,875.47,418.41,173.68,534.80,0.8225,-1,-1,-1
339,36,236.89,415.60,215.09,406.97,0.8186,-1,-1,-1
339,37,736.41,484.71,46.14,114.94,0.4454,-1,-1,-1
339,33,1481.54,436.90,41.63,108.85,0.5209,-1,-1,-1
339,38,0.60,429.48,153.11,355.60,0.8347,-1,-1,-1
340,3,1062.77,398.13,194.37,615.66,0.8841,-1,-1,-1
340,25,488.02,455.73,38.29,106.44,0.1897,-1,-1,-1
340,28,876.91,418.24,170.83,534.87,0.8207,-1,-1,-1
340,36,237.26,409.01,224.31,413.92,0.8486,-1,-1,-1
340,37,736.78,484.96,45.29,114.29,0.4514,-1,-1,-1
340,33,1484.12,436.78,41.13,109.34,0.4270,-1,-1,-1
340,38,0.61,429.14,151.97,356.67,0.8386,-1,-1,-1
340,41,679.90,491.68,49.30,112.50,0.3513,-1,-1,-1
341,3,1063.79,401.48,194.19,612.35,0.8853,-1,-1,-1
341,25,489.38,455.30,37.86,106.50,0.1886,-1,-1,-1
341,28,878.11,418.02,169.28,534.72,0.8211,-1,-1,-1
341,36,241.55,423.22,223.01,399.00,0.8177,-1,-1,-1
341,37,736.54,483.93,45.08,115.24,0.4489,-1,-1,-1
341,33,1485.25,434.78,44.06,111.63,0.2677,-1,-1,-1
341,38,0.42,426.02,152.64,359.08,0.8457,-1,-1,-1
341,41,679.41,491.93,49.34,111.75,0.3517,-1,-1,-1
342,3,1065.33,400.76,195.98,612.72,0.8777,-1,-1,-1
342,25,490.99,455.60,38.47,106.61,0.2255,-1,-1,-1
342,28,881.41,421.56,171.29,530.97,0.8177,-1,-1,-1
342,36,243.33,430.46,224.24,390.63,0.8159,-1,-1,-1
342,37,737.86,483.62,43.89,115.08,0.4755,-1,-1,-1
342,33,1485.45,434.53,51.80,112.65,0.2322,-1,-1,-1
342,38,0.88,429.14,153.29,355.46,0.8343,-1,-1,-1
342,41,679.26,489.93,50.20,114.05,0.3742,-1,-1,-1
343,3,1065.63,400.92,194.48,612.56,0.8819,-1,-1,-1
343,25,492.86,456.02,37.72,104.88,0.2121,-1,-1,-1
343,28,884.12,422.84,169.52,529.71,0.8163,-1,-1,-1
343,36,245.33,431.48,221.90,388.59,0.8165,-1,-1,-1
343,37,738.22,484.70,44.66,113.94,0.4108,-1,-1,-1
343,33,1487.47,434.13,55.71,113.45,0.2276,-1,-1,-1
343,38,0.68,426.01,153.18,361.94,0.7920,-1,-1,-1
343,41,677.39,489.06,53.18,113.78,0.3023,-1,-1,-1
344,3,1066.16,400.07,194.80,613.56,0.8784,-1,-1,-1
344,25,493.21,457.14,37.84,102.24,0.2277,-1,-1,-1
344,28,886.38,424.01,168.19,528.35,0.8186,-1,-1,-1
344,36,247.76,419.26,218.54,399.05,0.8110,-1,-1,-1
344,37,737.32,484.94,45.95,114.36,0.4689,-1,-1,-1
344,38,6.77,427.27,146.58,359.60,0.7776,-1,-1,-1
344,41,676.55,488.12,54.76,115.47,0.3691,-1,-1,-1
345,3,1066.46,400.78,197.51,612.29,0.8807,-1,-1,-1
345,25,493.59,452.73,38.17,107.13,0.2128,-1,-1,-1
345,28,888.89,424.23,165.53,527.68,0.8060,-1,-1,-1
345,36,250.85,411.24,214.09,405.95,0.8543,-1,-1,-1
345,37,735.31,484.09,48.46,114.70,0.3779,-1,-1,-1
345,38,11.42,426.83,143.04,360.75,0.8134,-1,-1,-1
345,41,677.85,489.19,53.94,114.82,0.3226,-1,-1,-1
346,3,1066.90,400.51,196.96,612.99,0.8777,-1,-1,-1
346,25,491.75,448.67,40.37,111.52,0.2666,-1,-1,-1
346,28,890.14,424.29,167.27,527.23,0.8131,-1,-1,-1
346,36,260.17,404.75,203.82,410.97,0.8382,-1,-1,-1
346,37,734.12,483.27,50.10,115.56,0.4083,-1,-1,-1
346,38,30.17,429.62,129.23,356.47,0.8018,-1,-1,-1
346,41,676.61,491.57,54.73,113.36,0.3188,-1,-1,-1
347,3,1067.57,402.24,198.19,611.65,0.8740,-1,-1,-1
347,25,490.39,447.72,41.56,112.41,0.2492,-1,-1,-1
347,28,891.53,424.40,168.25,526.85,0.8081,-1,-1,-1
347,36,271.22,402.83,193.12,413.62,0.8133,-1,-1,-1
347,37,733.67,483.97,50.34,115.03,0.3360,-1,-1,-1
347,38,47.59,432.76,123.16,350.55,0.8051,-1,-1,-1
347,41,673.17,489.29,57.64,117.82,0.3354,-1,-1,-1
348,3,1067.55,400.36,199.99,613.35,0.8732,-1,-1,-1
348,25,484.13,447.16,46.22,114.05,0.3004,-1,-1,-1
348,28,895.22,423.68,162.02,527.21,0.8009,-1,-1,-1
348,36,287.61,405.72,178.63,409.23,0.7897,-1,-1,-1
348,37,731.79,482.23,52.91,116.09,0.3807,-1,-1,-1
348,38,53.74,431.14,128.29,351.82,0.6843,-1,-1,-1
348,41,671.59,491.65,59.36,116.53,0.2446,-1,-1,-1
349,3,1067.52,401.70,201.14,612.27,0.8727,-1,-1,-1
349,25,476.82,443.47,50.92,118.95,0.2747,-1,-1,-1
349,28,898.32,422.66,159.55,528.46,0.8063,-1,-1,-1
349,36,298.27,401.90,163.56,405.47,0.8060,-1,-1,-1
349,37,733.44,482.80,50.05,115.80,0.2588,-1,-1,-1
349,38,47.73,430.17,143.61,352.97,0.5195,-1,-1,-1
349,41,671.62,493.17,58.67,115.45,0.2266,-1,-1,-1
350,3,1067.07,400.37,201.43,613.35,0.8741,-1,-1,-1
350,25,474.96,443.51,53.06,118.68,0.4956,-1,-1,-1
350,28,899.24,421.87,161.97,529.32,0.8088,-1,-1,-1
350,36,313.88,398.56,147.40,406.13,0.8005,-1,-1,-1
350,37,734.71,486.00,47.63,112.67,0.2057,-1,-1,-1
350,38,66.89,432.20,141.56,351.17,0.7810,-1,-1,-1
350,41,672.09,493.15,56.17,115.26,0.2053,-1,-1,-1
351,3,1066.93,399.93,199.84,613.93,0.8754,-1,-1,-1
351,25,475.56,445.46,52.07,116.46,0.4334,-1,-1,-1
351,28,899.51,421.79,163.12,528.99,0.8007,-1,-1,-1
351,36,337.81,392.26,124.59,407.70,0.7797,-1,-1,-1
351,37,735.39,485.91,47.05,112.80,0.2939,-1,-1,-1
351,38,70.17,434.07,165.88,349.18,0.8100,-1,-1,-1
351,41,672.46,492.26,54.03,115.82,0.2875,-1,-1,-1
351,42,0.57,503.21,52.52,351.15,0.5298,-1,-1,-1
352,3,1066.38,400.46,201.24,613.61,0.8788,-1,-1,-1
352,25,476.03,445.35,51.48,116.25,0.4014,-1,-1,-1
352,28,900.30,422.38,163.29,527.83,0.7984,-1,-1,-1
352,36,356.65,394.59,112.31,403.46,0.7257,-1,-1,-1
352,37,733.22,484.93,49.97,113.44,0.2781,-1,-1,-1
352,38,72.96,433.69,184.62,348.55,0.8394,-1,-1,-1
352,41,672.12,490.09,54.91,117.39,0.2822,-1,-1,-1
352,42,0.55,505.86,59.63,349.50,0.5706,-1,-1,-1
353,3,1065.71,400.30,201.14,614.00,0.8772,-1,-1,-1
353,25,473.13,445.59,50.21,116.69,0.2849,-1,-1,-1
353,28,900.78,421.66,162.04,527.66,0.8014,-1,-1,-1
353,36,369.60,408.31,109.25,390.52,0.5816,-1,-1,-1
353,37,735.88,485.80,45.93,113.05,0.3163,-1,-1,-1
353,38,78.59,432.89,198.45,349.64,0.8506,-1,-1,-1
353,41,671.15,490.21,54.08,116.87,0.2879,-1,-1,-1
353,42,0.46,507.06,70.10,349.25,0.6881,-1,-1,-1
354,3,1065.59,399.49,201.49,614.90,0.8736,-1,-1,-1
354,25,472.83,449.57,50.18,112.31,0.2012,-1,-1,-1
354,28,901.50,421.87,163.86,527.59,0.7946,-1,-1,-1
354,36,369.96,402.00,119.24,397.89,0.5875,-1,-1,-1
354,37,735.03,485.63,47.33,112.65,0.3234,-1,-1,-1
354,38,83.78,433.46,206.69,348.93,0.8236,-1,-1,-1
354,41,676.88,483.68,54.60,120.57,0.2661,-1,-1,-1
354,42,0.66,501.18,79.72,353.05,0.6866,-1,-1,-1
355,3,1066.07,400.19,199.78,613.92,0.8756,-1,-1,-1
355,25,472.38,450.51,49.41,110.55,0.1583,-1,-1,-1
355,28,901.94,421.88,164.80,526.53,0.7722,-1,-1,-1
355,36,356.44,395.13,145.47,402.11,0.5679,-1,-1,-1
355,37,735.91,485.14,45.84,112.92,0.3877,-1,-1,-1
355,38,87.19,436.23,210.34,342.22,0.8582,-1,-1,-1
355,41,678.97,482.41,54.69,120.53,0.2352,-1,-1,-1
355,42,0.69,476.31,102.31,376.86,0.7161,-1,-1,-1
356,3,1066.12,401.10,198.94,613.58,0.8682,-1,-1,-1
356,25,472.80,450.72,48.42,109.88,0.1982,-1,-1,-1
356,28,903.46,421.93,161.60,524.74,0.7561,-1,-1,-1
356,36,355.70,399.66,159.14,397.87,0.6159,-1,-1,-1
356,37,738.21,486.26,43.01,112.32,0.4019,-1,-1,-1
356,38,97.49,437.09,203.30,336.49,0.8342,-1,-1,-1
356,41,680.56,481.18,54.33,120.56,0.2594,-1,-1,-1
356,42,0.69,456.64,136.10,396.18,0.8013,-1,-1,-1
357,3,1066.23,399.96,202.62,614.85,0.8534,-1,-1,-1
357,25,470.30,445.60,50.82,115.56,0.2187,-1,-1,-1
357,28,904.58,421.75,158.71,523.15,0.7653,-1,-1,-1
357,36,360.24,403.23,178.86,395.93,0.6798,-1,-1,-1
357,37,738.33,489.60,42.03,108.89,0.2823,-1,-1,-1
357,38,110.22,436.33,192.04,332.82,0.8124,-1,-1,-1
357,41,680.33,479.51,55.24,121.61,0.3071,-1,-1,-1
357,42,0.74,450.01,166.75,406.30,0.8445,-1,-1,-1
358,3,1066.75,400.22,203.73,614.56,0.8522,-1,-1,-1
358,25,474.07,444.29,51.09,116.70,0.1817,-1,-1,-1
358,28,904.67,419.84,158.21,524.05,0.7857,-1,-1,-1
358,36,382.82,401.38,177.00,395.77,0.6522,-1,-1,-1
358,37,736.83,485.97,44.31,113.35,0.3772,-1,-1,-1
358,38,124.18,436.32,177.79,331.17,0.8113,-1,-1,-1
358,41,680.51,478.64,55.29,119.24,0.2451,-1,-1,-1
358,42,0.67,449.04,194.75,407.05,0.8561,-1,-1,-1
359,3,1067.14,399.53,204.89,615.11,0.8521,-1,-1,-1
359,25,477.08,443.52,50.91,115.82,0.2381,-1,-1,-1
359,28,906.95,419.60,155.80,523.84,0.7899,-1,-1,-1
359,36,393.19,405.17,183.39,393.27,0.8124,-1,-1,-1
359,37,736.13,484.16,45.67,115.57,0.3856,-1,-1,-1
359,38,133.57,434.82,168.10,332.33,0.8210,-1,-1,-1
359,41,679.00,479.45,56.97,114.52,0.2702,-1,-1,-1
359,42,0.44,444.38,208.54,410.66,0.8451,-1,-1,-1
359,44,1045.86,429.76,65.62,213.48,0.4376,-1,-1,-1
360,3,1067.03,400.57,206.91,614.29,0.8504,-1,-1,-1
360,28,908.54,419.93,157.58,522.99,0.7899,-1,-1,-1
360,36,399.08,409.22,189.51,388.98,0.8067,-1,-1,-1
360,37,737.11,486.35,44.74,113.62,0.3582,-1,-1,-1
360,38,143.98,435.20,158.52,328.87,0.7773,-1,-1,-1
360,41,677.84,480.79,57.69,117.37,0.2072,-1,-1,-1
360,42,0.33,443.64,218.56,410.72,0.8745,-1,-1,-1
360,44,1037.99,430.57,68.82,213.00,0.2368,-1,-1,-1
361,3,1066.95,401.76,208.76,612.94,0.8539,-1,-1,-1
361,28,909.15,419.36,158.17,520.57,0.7993,-1,-1,-1
361,36,399.31,406.69,199.49,391.39,0.8432,-1,-1,-1
361,37,736.34,484.53,45.54,115.15,0.2953,-1,-1,-1
361,38,164.69,434.79,138.27,328.63,0.7519,-1,-1,-1
361,41,687.42,466.21,49.40,119.27,0.1790,-1,-1,-1
361,42,0.14,441.74,225.59,411.60,0.8764,-1,-1,-1
362,3,1067.86,402.16,209.23,612.66,0.8602,-1,-1,-1
362,28,909.54,417.47,160.09,519.91,0.8061,-1,-1,-1
362,36,398.81,406.63,203.99,391.98,0.8476,-1,-1,-1
362,37,733.49,484.08,47.88,114.92,0.2728,-1,-1,-1
362,38,174.22,437.90,126.70,326.18,0.6724,-1,-1,-1
362,41,677.00,474.40,57.77,120.86,0.1851,-1,-1,-1
362,42,0.13,442.32,235.01,412.10,0.8541,-1,-1,-1
363,3,1068.08,401.80,209.40,612.87,0.8536,-1,-1,-1
363,28,912.53,418.88,161.14,517.56,0.8019,-1,-1,-1
363,36,395.64,409.87,209.02,388.39,0.8393,-1,-1,-1
363,37,732.60,482.79,48.23,115.83,0.3879,-1,-1,-1
363,38,182.97,437.67,116.83,327.38,0.7535,-1,-1,-1
363,41,676.47,476.99,57.85,119.62,0.1694,-1,-1,-1
363,42,0.03,443.63,237.26,409.88,0.8440,-1,-1,-1
363,33,1540.96,426.10,41.00,118.52,0.3507,-1,-1,-1
364,3,1068.28,401.58,210.69,613.14,0.8541,-1,-1,-1
364,28,914.62,414.64,160.59,520.12,0.8272,-1,-1,-1
364,36,396.61,413.85,207.77,384.52,0.8503,-1,-1,-1
364,37,732.71,482.79,48.23,116.07,0.4330,-1,-1,-1
364,38,195.70,440.66,104.25,323.67,0.7325,-1,-1,-1
364,41,677.31,477.84,57.61,117.13,0.1884,-1,-1,-1
364,42,0.20,439.78,237.13,410.95,0.8534,-1,-1,-1
364,33,1543.22,426.21,40.52,118.47,0.3541,-1,-1,-1
365,3,1068.32,402.48,210.48,611.81,0.8522,-1,-1,-1
365,28,916.59,413.15,160.18,521.12,0.8190,-1,-1,-1
365,36,396.25,413.10,207.43,384.82,0.8575,-1,-1,-1
365,37,733.35,481.74,48.02,117.61,0.4254,-1,-1,-1
365,38,203.23,438.23,101.81,326.33,0.7416,-1,-1,-1
365,41,677.57,477.43,58.41,114.99,0.1574,-1,-1,-1
365,42,1.49,439.74,239.02,411.86,0.8604,-1,-1,-1
365,33,1546.22,424.43,38.11,113.84,0.1697,-1,-1,-1
366,3,1068.33,400.54,209.81,614.15,0.8473,-1,-1,-1
366,28,919.01,412.10,159.97,522.62,0.8290,-1,-1,-1
366,36,398.06,411.88,205.34,382.46,0.8217,-1,-1,-1
366,37,733.22,481.94,46.91,116.98,0.4099,-1,-1,-1
366,38,209.07,435.97,102.12,328.26,0.7749,-1,-1,-1
366,42,3.14,440.43,238.62,409.26,0.8590,-1,-1,-1
366,33,1546.65,425.34,38.12,113.27,0.1583,-1,-1,-1
367,3,1068.51,400.98,211.74,613.94,0.8216,-1,-1,-1
367,28,921.99,410.68,157.97,524.49,0.8251,-1,-1,-1
367,36,400.19,406.95,199.60,385.07,0.8419,-1,-1,-1
367,37,732.28,481.56,46.66,117.20,0.4549,-1,-1,-1
367,38,218.34,436.05,104.99,327.90,0.7569,-1,-1,-1
367,42,21.00,440.27,220.38,400.16,0.7860,-1,-1,-1
368,3,1068.38,399.45,217.60,615.51,0.7877,-1,-1,-1
368,28,924.54,409.70,156.31,525.27,0.8195,-1,-1,-1
368,36,402.52,398.73,194.29,390.47,0.8465,-1,-1,-1
368,37,731.46,481.66,47.22,116.91,0.4666,-1,-1,-1
368,38,227.42,437.35,116.13,327.11,0.7361,-1,-1,-1
368,42,44.67,436.45,193.19,394.43,0.7831,-1,-1,-1
369,3,1069.03,400.08,221.72,614.98,0.7463,-1,-1,-1
369,28,926.13,413.43,155.53,519.95,0.8220,-1,-1,-1
369,36,407.78,396.53,186.93,392.12,0.8534,-1,-1,-1
369,37,731.38,482.20,47.46,116.31,0.4197,-1,-1,-1
369,38,234.61,435.03,131.20,329.31,0.8104,-1,-1,-1
369,42,75.65,433.11,161.70,393.11,0.7699,-1,-1,-1
370,3,1069.02,398.05,221.18,616.87,0.7954,-1,-1,-1
370,28,928.94,415.51,156.69,519.79,0.8016,-1,-1,-1
370,36,414.44,404.19,179.24,385.47,0.8353,-1,-1,-1
370,37,730.96,481.11,47.54,117.38,0.4005,-1,-1,-1
370,38,241.05,432.58,146.59,330.96,0.8302,-1,-1,-1
370,42,105.73,434.11,132.88,388.49,0.8105,-1,-1,-1
371,3,1069.61,397.89,215.15,616.72,0.7181,-1,-1,-1
371,28,932.51,415.58,155.75,520.57,0.7965,-1,-1,-1
371,36,426.57,402.15,168.73,386.80,0.8320,-1,-1,-1
371,37,730.22,481.27,48.26,117.88,0.3850,-1,-1,-1
371,38,244.21,432.01,159.55,330.88,0.8394,-1,-1,-1
371,42,128.05,438.24,122.05,382.14,0.7983,-1,-1,-1
372,3,1070.39,397.41,215.97,616.71,0.8193,-1,-1,-1
372,28,935.41,415.58,154.94,520.65,0.7961,-1,-1,-1
372,36,439.09,418.14,155.65,363.86,0.7976,-1,-1,-1
372,37,730.72,481.94,46.97,116.79,0.3727,-1,-1,-1
372,38,245.05,434.12,167.89,327.67,0.8181,-1,-1,-1
372,42,137.35,437.57,120.89,382.22,0.7601,-1,-1,-1
373,3,1070.86,397.17,218.39,617.19,0.8387,-1,-1,-1
373,28,938.03,416.18,154.58,521.01,0.7950,-1,-1,-1
373,36,457.07,406.09,145.37,370.67,0.8002,-1,-1,-1
373,37,731.60,482.48,47.04,115.26,0.3943,-1,-1,-1
373,38,253.08,435.18,164.55,321.71,0.8036,-1,-1,-1
373,42,147.10,435.04,138.52,383.50,0.8093,-1,-1,-1
373,45,0.34,491.83,46.26,316.25,0.6280,-1,-1,-1
374,3,1071.62,397.75,218.39,616.48,0.8101,-1,-1,-1
374,28,942.79,416.74,152.06,519.82,0.7883,-1,-1,-1
374,36,470.97,402.32,139.60,370.32,0.7728,-1,-1,-1
374,37,732.60,480.67,47.45,117.42,0.3958,-1,-1,-1
374,38,264.77,440.26,157.82,307.44,0.7794,-1,-1,-1
374,42,156.48,431.86,144.69,385.39,0.7270,-1,-1,-1
374,45,0.81,491.55,49.87,316.91,0.7027,-1,-1,-1
375,3,1071.53,399.26,219.24,614.49,0.7953,-1,-1,-1
375,28,942.82,414.16,152.69,521.16,0.7755,-1,-1,-1
375,36,481.69,406.67,140.46,364.39,0.7130,-1,-1,-1
375,37,733.17,480.15,47.51,118.46,0.3843,-1,-1,-1
375,38,277.09,449.11,147.13,297.89,0.7431,-1,-1,-1
375,42,160.93,432.90,167.09,383.55,0.8168,-1,-1,-1
375,45,0.63,487.34,57.86,324.45,0.6593,-1,-1,-1
376,3,1071.42,399.62,221.16,613.59,0.8090,-1,-1,-1
376,28,944.52,416.75,150.03,521.16,0.7740,-1,-1,-1
376,36,488.54,404.55,140.77,364.05,0.6940,-1,-1,-1
376,37,731.42,479.31,48.60,119.73,0.3215,-1,-1,-1
376,38,278.35,439.71,147.34,307.67,0.7426,-1,-1,-1
376,42,160.18,436.08,186.38,379.98,0.7682,-1,-1,-1
376,45,0.35,481.63,69.66,330.82,0.7805,-1,-1,-1
377,3,1071.10,400.44,224.49,613.83,0.8122,-1,-1,-1
377,28,946.19,417.31,151.96,521.19,0.7969,-1,-1,-1
377,36,490.48,400.72,143.61,367.40,0.7356,-1,-1,-1
377,37,731.22,480.84,47.86,118.70,0.3285,-1,-1,-1
377,38,283.73,441.43,144.88,306.20,0.7060,-1,-1,-1
377,42,158.54,439.10,204.06,377.29,0.7973,-1,-1,-1
377,45,0.05,451.78,95.03,358.63,0.7789,-1,-1,-1
378,3,1071.58,399.28,223.48,615.54,0.7753,-1,-1,-1
378,28,946.44,413.29,155.56,522.82,0.7803,-1,-1,-1
378,36,494.84,396.45,147.19,373.17,0.7881,-1,-1,-1
378,37,731.49,482.05,46.67,116.04,0.3464,-1,-1,-1
378,38,292.45,440.65,136.53,309.26,0.6759,-1,-1,-1
378,42,159.18,440.08,211.84,376.35,0.8194,-1,-1,-1
378,45,0.05,436.68,125.63,373.42,0.8289,-1,-1,-1
379,3,1071.22,397.27,222.26,617.06,0.8308,-1,-1,-1
379,28,946.30,411.28,156.68,523.84,0.8144,-1,-1,-1
379,36,500.61,396.74,157.66,373.75,0.7933,-1,-1,-1
379,37,731.71,482.03,45.42,116.10,0.3893,-1,-1,-1
379,38,309.58,439.49,119.03,309.45,0.6841,-1,-1,-1
379,42,159.01,441.36,216.34,374.88,0.8248,-1,-1,-1
379,45,0.06,431.08,138.48,377.39,0.8212,-1,-1,-1
380,3,1071.59,395.62,221.18,618.46,0.8255,-1,-1,-1
380,28,946.81,407.64,159.10,526.41,0.8114,-1,-1,-1
380,36,505.79,398.64,163.31,372.01,0.6395,-1,-1,-1
380,37,731.29,480.61,43.98,116.82,0.3588,-1,-1,-1
380,38,321.96,444.48,103.00,306.53,0.6356,-1,-1,-1
380,42,160.64,443.04,221.48,371.67,0.8377,-1,-1,-1
380,45,0.33,428.58,157.46,378.67,0.7754,-1,-1,-1
381,3,1072.19,393.92,217.49,620.34,0.7997,-1,-1,-1
381,28,950.94,411.26,157.28,525.49,0.7697,-1,-1,-1
381,36,516.16,405.58,149.82,365.44,0.5870,-1,-1,-1
381,37,730.74,479.67,46.45,118.69,0.3085,-1,-1,-1
381,38,324.93,442.22,98.52,309.74,0.7059,-1,-1,-1
381,42,158.60,444.15,226.58,367.24,0.8608,-1,-1,-1
381,45,0.55,434.36,171.23,372.34,0.7522,-1,-1,-1
382,3,1073.43,396.79,219.97,617.78,0.8141,-1,-1,-1
382,28,952.08,414.46,158.82,520.88,0.7523,-1,-1,-1
382,36,533.07,405.61,140.10,364.25,0.6057,-1,-1,-1
382,37,730.80,479.19,48.70,120.46,0.3577,-1,-1,-1
382,38,334.66,442.04,95.48,307.47,0.6881,-1,-1,-1
382,42,164.35,442.83,220.91,367.33,0.8295,-1,-1,-1
382,45,0.65,436.05,179.83,369.72,0.8044,-1,-1,-1
383,3,1073.55,397.29,220.33,617.53,0.8288,-1,-1,-1
383,28,954.02,416.35,157.15,521.59,0.6959,-1,-1,-1
383,36,530.18,411.38,150.34,358.52,0.6916,-1,-1,-1
383,37,730.45,477.85,51.07,121.99,0.3677,-1,-1,-1
383,38,345.18,443.78,96.96,301.91,0.5560,-1,-1,-1
383,42,181.73,442.30,203.51,367.01,0.7935,-1,-1,-1
383,45,0.43,436.31,191.10,368.78,0.8581,-1,-1,-1
383,41,690.64,463.63,44.70,125.80,0.3422,-1,-1,-1
384,3,1073.83,397.10,220.25,617.84,0.8328,-1,-1,-1
384,28,955.70,416.54,153.74,522.71,0.7106,-1,-1,-1
384,36,531.54,408.57,154.54,361.26,0.7508,-1,-1,-1
384,37,730.07,475.85,50.84,124.87,0.4519,-1,-1,-1
384,38,361.45,453.05,92.20,291.04,0.6051,-1,-1,-1
384,42,194.80,437.28,189.78,371.77,0.7939,-1,-1,-1
384,45,0.45,433.34,200.32,372.69,0.8757,-1,-1,-1
384,41,687.94,465.35,46.96,125.67,0.3556,-1,-1,-1
385,3,1074.08,397.15,219.32,617.89,0.7878,-1,-1,-1
385,28,957.88,416.55,150.66,523.72,0.7202,-1,-1,-1
385,36,535.53,408.24,154.42,361.78,0.7874,-1,-1,-1
385,37,730.27,473.17,50.13,127.83,0.5474,-1,-1,-1
385,38,365.41,443.57,95.87,299.84,0.7061,-1,-1,-1
385,42,210.62,434.18,174.01,369.80,0.8057,-1,-1,-1
385,45,0.35,434.63,210.80,371.69,0.8627,-1,-1,-1
385,41,687.26,467.26,47.15,126.47,0.3841,-1,-1,-1
386,3,1073.90,397.37,220.26,617.30,0.7052,-1,-1,-1
386,28,960.35,415.03,149.45,526.35,0.7416,-1,-1,-1
386,36,540.22,406.43,154.20,363.06,0.8330,-1,-1,-1
386,37,730.71,470.98,49.22,129.69,0.5293,-1,-1,-1
386,38,369.12,439.73,110.45,304.80,0.7073,-1,-1,-1
386,42,230.08,435.09,152.83,365.94,0.7923,-1,-1,-1
386,45,0.22,433.09,213.91,374.39,0.8361,-1,-1,-1
386,41,689.77,468.04,43.88,126.30,0.3454,-1,-1,-1
387,3,1073.61,397.55,220.47,616.83,0.7754,-1,-1,-1
387,28,960.37,416.33,148.39,524.47,0.7224,-1,-1,-1
387,36,542.94,407.06,151.63,360.74,0.8457,-1,-1,-1
387,37,731.07,470.77,48.68,129.81,0.5305,-1,-1,-1
387,38,369.94,438.54,134.44,307.62,0.8057,-1,-1,-1
387,42,253.63,431.47,128.44,367.34,0.5763,-1,-1,-1
387,45,1.62,432.79,212.38,373.33,0.8367,-1,-1,-1
387,41,691.00,472.26,42.66,119.80,0.3116,-1,-1,-1
388,3,1061.74,397.15,243.51,617.90,0.7369,-1,-1,-1
388,28,960.90,417.44,145.33,523.12,0.7214,-1,-1,-1
388,36,546.39,405.88,148.21,358.75,0.8251,-1,-1,-1
388,37,730.64,469.13,48.68,132.88,0.4969,-1,-1,-1
388,38,370.83,439.71,150.64,308.06,0.7892,-1,-1,-1
388,42,275.42,433.09,105.98,363.73,0.6752,-1,-1,-1
388,45,9.88,432.02,203.19,372.18,0.8071,-1,-1,-1
388,41,691.78,473.04,42.13,120.24,0.3497,-1,-1,-1
389,3,1056.67,397.35,288.09,617.68,0.7275,-1,-1,-1
389,28,962.82,418.01,140.14,522.38,0.7019,-1,-1,-1
389,36,549.23,407.86,145.92,355.58,0.8064,-1,-1,-1
389,37,730.41,471.04,48.69,131.02,0.5035,-1,-1,-1
389,38,368.11,441.05,165.29,304.53,0.8016,-1,-1,-1
389,42,285.86,429.47,100.66,368.57,0.6791,-1,-1,-1
389,45,20.26,425.24,192.89,374.83,0.7877,-1,-1,-1
389,41,692.20,474.84,40.83,117.41,0.3353,-1,-1,-1
390,3,1057.20,397.21,303.18,618.48,0.7747,-1,-1,-1
390,28,965.49,418.09,135.84,523.29,0.6753,-1,-1,-1
390,36,554.83,409.39,141.08,352.45,0.8007,-1,-1,-1
390,37,729.88,472.92,49.80,130.61,0.4870,-1,-1,-1
390,38,370.41,440.95,171.21,303.28,0.8140,-1,-1,-1
390,42,285.18,433.45,108.90,364.63,0.5266,-1,-1,-1
390,45,32.03,426.85,183.31,371.15,0.7950,-1,-1,-1
390,41,691.05,477.38,40.07,113.52,0.2990,-1,-1,-1
391,3,1054.03,397.09,313.59,618.54,0.7780,-1,-1,-1
391,28,972.08,416.91,128.21,527.63,0.6587,-1,-1,-1
391,36,560.62,411.49,135.45,351.84,0.8021,-1,-1,-1
391,37,728.82,471.56,50.87,131.94,0.4435,-1,-1,-1
391,38,377.10,441.06,168.24,300.28,0.7847,-1,-1,-1
391,42,299.49,436.93,103.24,361.84,0.5331,-1,-1,-1
391,45,40.31,428.01,175.75,369.68,0.7602,-1,-1,-1
391,41,690.41,477.89,40.59,111.46,0.3289,-1,-1,-1
391,46,917.91,435.06,67.94,154.20,0.3727,-1,-1,-1
392,3,1052.44,397.83,314.44,618.24,0.7851,-1,-1,-1
392,28,978.57,412.97,123.25,527.95,0.6499,-1,-1,-1
392,36,568.37,408.99,128.68,356.24,0.7870,-1,-1,-1
392,37,728.12,468.68,51.72,134.24,0.4469,-1,-1,-1
392,38,388.95,439.66,157.90,299.12,0.7247,-1,-1,-1
392,42,308.43,437.44,117.25,361.85,0.6569,-1,-1,-1
392,45,51.93,431.62,165.76,364.21,0.7636,-1,-1,-1
392,41,687.85,472.30,42.91,118.59,0.2542,-1,-1,-1
392,46,924.37,434.83,58.52,155.86,0.5645,-1,-1,-1
393,3,1049.76,398.24,316.56,618.28,0.8133,-1,-1,-1
393,28,971.01,416.87,130.37,525.44,0.6502,-1,-1,-1
393,36,576.15,413.15,121.41,344.22,0.7914,-1,-1,-1
393,37,727.85,467.47,52.25,135.02,0.5305,-1,-1,-1
393,38,399.00,439.66,148.05,296.96,0.7276,-1,-1,-1
393,42,312.45,440.11,138.72,359.52,0.7909,-1,-1,-1
393,45,77.44,429.54,144.10,365.66,0.6335,-1,-1,-1
393,41,685.52,471.28,43.35,119.99,0.3079,-1,-1,-1
393,46,925.10,437.09,54.85,162.50,0.6495,-1,-1,-1
394,3,1053.31,398.17,286.86,617.51,0.6771,-1,-1,-1
394,28,979.93,413.73,120.46,525.68,0.6299,-1,-1,-1
394,36,582.67,412.46,114.92,341.07,0.7610,-1,-1,-1
394,37,726.62,473.41,52.74,129.85,0.5973,-1,-1,-1
394,38,410.69,442.70,137.93,292.77,0.7294,-1,-1,-1
394,42,314.39,443.17,148.59,357.27,0.7245,-1,-1,-1
394,45,71.04,428.82,159.03,366.81,0.7570,-1,-1,-1
394,41,686.33,478.52,41.44,114.59,0.1884,-1,-1,-1
394,46,922.75,438.38,55.14,165.26,0.6392,-1,-1,-1
395,3,1055.07,397.16,272.35,618.37,0.6998,-1,-1,-1
395,28,985.34,413.14,113.83,524.62,0.6581,-1,-1,-1
395,36,587.91,413.50,111.55,336.51,0.7669,-1,-1,-1
395,37,725.13,471.11,53.55,134.26,0.6122,-1,-1,-1
395,38,421.35,441.22,127.06,293.95,0.7395,-1,-1,-1
395,42,314.53,443.97,156.68,357.04,0.7473,-1,-1,-1
395,45,72.32,430.23,163.48,365.90,0.7786,-1,-1,-1
395,46,920.43,439.65,54.18,164.28,0.5963,-1,-1,-1
396,3,1057.04,398.45,292.76,618.02,0.7612,-1,-1,-1
396,28,984.94,413.55,113.65,523.75,0.6217,-1,-1,-1
396,36,591.91,423.03,112.37,322.31,0.7560,-1,-1,-1
396,37,722.65,466.13,56.32,142.65,0.5797,-1,-1,-1
396,38,433.97,443.27,114.32,289.19,0.6567,-1,-1,-1
396,42,313.10,442.91,170.36,356.43,0.7604,-1,-1,-1
396,45,100.04,441.38,141.06,353.84,0.5848,-1,-1,-1
396,46,918.30,442.01,53.90,167.76,0.6766,-1,-1,-1
397,3,1060.61,398.55,262.14,618.63,0.7908,-1,-1,-1
397,28,985.44,413.68,112.94,524.16,0.6776,-1,-1,-1
397,36,596.07,419.50,112.89,324.99,0.7490,-1,-1,-1
397,37,720.58,464.32,57.87,145.01,0.5771,-1,-1,-1
397,38,447.68,465.99,98.86,264.21,0.5737,-1,-1,-1
397,42,312.89,434.48,174.45,364.08,0.7633,-1,-1,-1
397,45,127.16,436.45,123.64,359.83,0.6218,-1,-1,-1
397,46,915.71,442.88,54.94,167.75,0.6401,-1,-1,-1
398,3,1063.77,399.06,246.96,619.06,0.8379,-1,-1,-1
398,28,975.19,415.25,123.61,524.61,0.6354,-1,-1,-1
398,36,599.51,423.19,117.11,319.62,0.7560,-1,-1,-1
398,37,720.07,461.77,57.46,147.52,0.5433,-1,-1,-1
398,38,448.19,443.87,98.92,287.20,0.7330,-1,-1,-1
398,42,313.95,436.53,179.41,360.19,0.8204,-1,-1,-1
398,45,136.80,436.29,125.30,359.99,0.7497,-1,-1,-1
398,46,915.72,444.26,55.12,163.94,0.4855,-1,-1,-1
399,3,1065.52,400.27,241.24,617.95,0.8373,-1,-1,-1
399,28,970.47,415.39,129.38,525.11,0.6612,-1,-1,-1
399,36,604.75,427.57,122.90,312.76,0.7884,-1,-1,-1
399,37,719.68,463.27,55.87,145.97,0.5367,-1,-1,-1
399,38,463.53,442.00,85.46,289.50,0.6281,-1,-1,-1
399,42,316.83,437.73,176.84,358.99,0.8311,-1,-1,-1
399,45,137.38,433.55,151.29,361.55,0.7644,-1,-1,-1
399,46,913.98,439.16,56.56,171.63,0.5827,-1,-1,-1
400,3,1067.64,400.37,237.27,618.40,0.8528,-1,-1,-1
400,28,968.70,414.17,130.79,526.65,0.6566,-1,-1,-1
400,36,607.19,423.83,131.55,316.30,0.7796,-1,-1,-1
400,37,718.19,468.03,52.35,140.27,0.4776,-1,-1,-1
400,38,471.21,439.69,81.87,290.24,0.7311,-1,-1,-1
400,42,316.60,435.75,177.61,360.10,0.8428,-1,-1,-1
400,45,140.40,433.09,169.67,360.94,0.7803,-1,-1,-1
400,46,911.35,438.70,56.12,171.03,0.5657,-1,-1,-1
401,3,1069.19,399.84,235.10,619.28,0.8463,-1,-1,-1
401,28,979.41,411.57,118.37,527.06,0.6368,-1,-1,-1
401,36,609.57,423.94,144.28,315.80,0.7725,-1,-1,-1
401,37,715.86,465.92,52.97,145.55,0.4259,-1,-1,-1
401,38,480.20,443.52,80.48,287.67,0.7211,-1,-1,-1
401,42,322.75,436.64,172.06,356.70,0.8150,-1,-1,-1
401,45,141.89,433.18,174.54,360.97,0.8137,-1,-1,-1
401,46,908.96,438.31,59.14,168.00,0.5768,-1,-1,-1
402,3,1071.32,399.48,231.31,619.93,0.8370,-1,-1,-1
402,28,983.93,410.88,113.15,527.17,0.6259,-1,-1,-1
402,36,615.36,417.11,151.39,322.73,0.8021,-1,-1,-1
402,37,715.44,463.55,53.82,147.22,0.4928,-1,-1,-1
402,38,484.27,449.16,86.44,280.09,0.7226,-1,-1,-1
402,42,335.21,442.43,159.43,348.72,0.8265,-1,-1,-1
402,45,144.27,435.42,174.74,357.57,0.8096,-1,-1,-1
402,46,904.77,438.39,66.23,170.35,0.5297,-1,-1,-1
403,3,1074.62,399.70,227.13,619.58,0.8374,-1,-1,-1
403,28,970.97,415.21,127.87,524.84,0.6182,-1,-1,-1
403,36,619.17,411.10,158.12,330.24,0.8362,-1,-1,-1
403,37,715.58,464.38,53.80,146.21,0.4668,-1,-1,-1
403,38,488.87,445.83,95.79,283.26,0.6047,-1,-1,-1
403,42,347.02,448.62,148.47,335.81,0.7468,-1,-1,-1
403,45,144.15,438.70,183.98,354.22,0.8041,-1,-1,-1
403,46,901.93,441.11,72.82,169.36,0.3605,-1,-1,-1
404,3,1076.55,399.82,225.51,620.33,0.8292,-1,-1,-1
404,28,965.98,416.85,132.88,524.75,0.6690,-1,-1,-1
404,36,623.75,407.90,163.60,334.69,0.8025,-1,-1,-1
404,37,715.37,463.23,52.66,148.01,0.4491,-1,-1,-1
404,38,491.04,441.01,115.46,286.58,0.6405,-1,-1,-1
404,42,357.50,443.70,140.37,339.72,0.7213,-1,-1,-1
404,45,150.32,438.55,183.81,351.57,0.8275,-1,-1,-1
404,46,898.54,446.79,60.22,164.13,0.5263,-1,-1,-1
405,3,1078.29,400.33,213.98,619.20,0.8328,-1,-1,-1
405,28,964.11,416.57,134.88,525.31,0.6857,-1,-1,-1
405,36,627.67,414.20,166.42,329.45,0.7876,-1,-1,-1
405,37,716.12,466.89,51.50,144.92,0.3762,-1,-1,-1
405,38,495.75,444.14,123.28,283.54,0.6790,-1,-1,-1
405,42,377.69,437.99,119.48,340.13,0.7013,-1,-1,-1
405,45,155.03,437.00,178.91,351.14,0.8181,-1,-1,-1
405,46,895.59,452.55,54.38,158.26,0.4064,-1,-1,-1
406,3,1077.15,399.32,209.44,620.65,0.8325,-1,-1,-1
406,28,961.62,416.05,137.02,525.79,0.6971,-1,-1,-1
406,36,632.09,420.68,166.64,322.66,0.7932,-1,-1,-1
406,37,718.38,466.74,48.28,145.72,0.2246,-1,-1,-1
406,38,499.88,447.66,123.85,279.63,0.6747,-1,-1,-1
406,42,395.76,434.77,103.30,337.96,0.7057,-1,-1,-1
406,45,159.69,436.03,173.10,352.41,0.8077,-1,-1,-1
406,46,892.56,454.79,54.01,154.36,0.3657,-1,-1,-1
407,3,1076.48,397.12,203.92,622.21,0.8346,-1,-1,-1
407,28,958.51,417.64,139.14,523.83,0.7253,-1,-1,-1
407,36,635.98,416.55,163.43,327.14,0.8544,-1,-1,-1
407,38,496.89,446.31,135.02,284.02,0.7083,-1,-1,-1
407,42,410.41,434.52,93.45,335.89,0.6732,-1,-1,-1
407,45,171.64,433.63,164.20,355.16,0.8024,-1,-1,-1
407,46,888.69,458.19,55.30,150.39,0.3139,-1,-1,-1
408,3,1073.90,397.66,202.00,622.43,0.8384,-1,-1,-1
408,28,959.12,417.39,138.78,523.82,0.7101,-1,-1,-1
408,36,641.13,418.69,159.26,325.81,0.8466,-1,-1,-1
408,38,500.86,440.71,139.21,289.29,0.7526,-1,-1,-1
408,42,408.47,433.70,100.90,336.22,0.6180,-1,-1,-1
408,45,185.45,433.40,152.80,352.10,0.7957,-1,-1,-1
408,46,880.50,456.00,61.00,153.90,0.4989,-1,-1,-1
409,3,1073.80,398.88,198.71,620.57,0.8396,-1,-1,-1
409,28,959.13,417.05,140.21,523.58,0.7043,-1,-1,-1
409,36,643.82,418.02,157.23,326.42,0.8314,-1,-1,-1
409,38,500.34,436.79,143.39,293.35,0.7532,-1,-1,-1
409,42,400.81,437.11,116.26,331.89,0.6156,-1,-1,-1
409,45,201.81,435.73,138.18,339.14,0.7234,-1,-1,-1
409,46,875.73,448.10,63.96,162.66,0.6136,-1,-1,-1
410,3,1073.40,398.19,192.22,620.98,0.8459,-1,-1,-1
410,28,959.45,418.88,139.13,521.14,0.7096,-1,-1,-1
410,36,645.69,412.73,156.47,331.82,0.8197,-1,-1,-1
410,38,511.09,438.84,133.79,285.17,0.7309,-1,-1,-1
410,42,416.53,438.54,115.52,331.14,0.5811,-1,-1,-1
410,45,222.37,435.39,123.40,336.66,0.6606,-1,-1,-1
410,46,874.75,446.48,62.47,164.74,0.5706,-1,-1,-1
411,3,1072.20,398.22,186.18,620.84,0.8465,-1,-1,-1
411,28,958.37,420.86,140.25,518.61,0.7182,-1,-1,-1
411,36,645.99,416.58,155.82,326.04,0.8265,-1,-1,-1
411,38,521.03,440.48,123.05,282.84,0.6935,-1,-1,-1
411,42,423.70,436.57,131.98,330.98,0.6696,-1,-1,-1
411,45,247.65,428.37,105.62,341.33,0.5469,-1,-1,-1
411,46,874.34,442.70,62.27,168.65,0.5412,-1,-1,-1
412,3,1071.05,399.71,185.51,618.80,0.8433,-1,-1,-1
412,28,961.14,421.70,137.53,518.27,0.6864,-1,-1,-1
412,36,645.98,407.00,155.94,335.96,0.8272,-1,-1,-1
412,38,528.79,437.90,116.50,283.45,0.7388,-1,-1,-1
412,42,420.77,436.18,147.73,331.20,0.6622,-1,-1,-1
412,45,264.03,426.94,99.43,342.56,0.7141,-1,-1,-1
412,46,873.95,441.70,58.95,167.68,0.5159,-1,-1,-1
413,3,1070.95,401.32,185.19,617.32,0.8517,-1,-1,-1
413,28,959.24,421.67,140.43,518.27,0.7357,-1,-1,-1
413,36,647.96,408.35,154.01,333.15,0.8039,-1,-1,-1
413,38,547.55,436.55,101.93,283.16,0.6170,-1,-1,-1
413,42,431.88,435.09,154.32,331.27,0.7118,-1,-1,-1
413,45,269.72,426.17,104.71,344.34,0.7256,-1,-1,-1
413,46,874.88,440.41,55.80,167.73,0.4905,-1,-1,-1
414,3,1066.60,404.02,188.72,614.97,0.8608,-1,-1,-1
414,28,961.11,421.59,137.98,516.85,0.6944,-1,-1,-1
414,36,653.06,419.91,148.06,320.86,0.8022,-1,-1,-1
414,38,558.34,437.45,95.29,282.34,0.6548,-1,-1,-1
414,42,436.49,436.94,158.91,329.05,0.7425,-1,-1,-1
414,45,273.14,424.69,109.87,346.90,0.6975,-1,-1,-1
414,46,872.11,440.18,53.90,167.96,0.5954,-1,-1,-1
415,3,1064.10,407.51,191.29,611.76,0.8577,-1,-1,-1
415,28,963.41,419.96,133.67,518.52,0.7135,-1,-1,-1
415,36,657.60,424.50,143.63,316.48,0.8063,-1,-1,-1
415,38,562.39,434.37,92.04,286.57,0.6037,-1,-1,-1
415,42,436.11,438.52,162.89,327.55,0.7651,-1,-1,-1
415,45,278.86,430.97,116.75,340.61,0.6675,-1,-1,-1
415,46,871.46,440.87,50.93,167.22,0.7089,-1,-1,-1
416,3,1061.44,410.86,195.32,608.77,0.8635,-1,-1,-1
416,28,964.18,419.29,131.76,519.24,0.7052,-1,-1,-1
416,36,666.78,430.52,134.75,308.15,0.7948,-1,-1,-1
416,38,570.62,433.86,87.20,286.45,0.7327,-1,-1,-1
416,42,435.67,440.88,163.63,325.49,0.8116,-1,-1,-1
416,45,287.35,435.56,115.66,334.82,0.7310,-1,-1,-1
416,46,869.65,440.40,51.18,166.49,0.6150,-1,-1,-1
417,3,1061.58,409.49,197.02,610.87,0.8531,-1,-1,-1
417,28,968.13,417.40,128.20,518.38,0.6691,-1,-1,-1
417,36,675.85,424.64,125.98,310.44,0.8034,-1,-1,-1
417,38,569.62,435.56,96.71,283.87,0.6754,-1,-1,-1
417,42,436.10,449.66,164.24,317.03,0.7916,-1,-1,-1
417,45,289.14,437.96,128.74,330.76,0.5966,-1,-1,-1
417,46,868.16,439.11,50.78,167.12,0.6315,-1,-1,-1
418,3,1059.61,405.88,199.87,614.65,0.8571,-1,-1,-1
418,28,968.38,418.08,126.88,519.49,0.6734,-1,-1,-1
418,36,682.06,413.74,121.82,318.43,0.7853,-1,-1,-1
418,38,581.52,436.12,94.42,282.44,0.7153,-1,-1,-1
418,42,438.19,446.40,158.85,319.47,0.8080,-1,-1,-1
418,45,289.96,436.01,142.77,332.63,0.6846,-1,-1,-1
418,46,867.44,439.65,48.87,165.31,0.5202,-1,-1,-1
419,3,1056.87,407.64,204.73,612.88,0.8488,-1,-1,-1
419,28,969.99,419.55,125.73,517.14,0.6837,-1,-1,-1
419,36,688.25,407.18,120.31,324.04,0.8004,-1,-1,-1
419,38,588.50,436.99,91.26,280.40,0.7165,-1,-1,-1
419,42,441.09,439.45,159.51,324.61,0.8019,-1,-1,-1
419,45,291.14,438.19,155.80,330.75,0.7580,-1,-1,-1
419,46,865.62,440.67,46.16,164.16,0.5456,-1,-1,-1
420,3,1054.07,409.19,212.66,611.63,0.8392,-1,-1,-1
420,28,970.69,415.53,123.95,521.74,0.5912,-1,-1,-1
420,36,694.89,407.32,116.71,323.11,0.7801,-1,-1,-1
420,38,586.93,436.93,97.26,278.24,0.7146,-1,-1,-1
420,42,448.03,435.79,152.95,327.40,0.7692,-1,-1,-1
420,45,293.47,442.11,161.28,326.90,0.7820,-1,-1,-1
420,46,861.78,443.41,45.95,162.18,0.2586,-1,-1,-1
421,3,1051.12,409.22,215.68,611.64,0.8237,-1,-1,-1
421,28,969.33,412.24,123.95,525.45,0.5960,-1,-1,-1
421,36,697.75,418.58,111.21,311.91,0.7101,-1,-1,-1
421,38,589.27,438.98,108.56,277.24,0.7298,-1,-1,-1
421,42,448.31,434.33,150.94,326.94,0.7421,-1,-1,-1
421,45,292.60,439.61,167.12,328.93,0.7781,-1,-1,-1
421,46,858.51,437.24,47.69,168.31,0.4992,-1,-1,-1
422,3,1047.36,407.09,216.04,614.37,0.8181,-1,-1,-1
422,28,968.76,412.56,124.32,525.15,0.5187,-1,-1,-1
422,36,701.91,431.63,108.28,296.16,0.6477,-1,-1,-1
422,38,595.39,440.49,114.07,276.31,0.7147,-1,-1,-1
422,42,459.58,435.12,135.75,325.66,0.6973,-1,-1,-1
422,45,292.88,439.59,182.90,327.69,0.8235,-1,-1,-1
422,46,859.25,439.72,47.03,160.83,0.4728,-1,-1,-1
422,49,1158.56,410.90,163.37,492.74,0.5069,-1,-1,-1
423,3,1046.18,404.01,218.35,618.26,0.8158,-1,-1,-1
423,28,969.05,416.39,123.31,520.62,0.4218,-1,-1,-1
423,36,707.16,436.01,105.71,291.92,0.6218,-1,-1,-1
423,38,601.77,443.06,121.87,273.00,0.7247,-1,-1,-1
423,42,470.51,437.19,123.17,320.33,0.7150,-1,-1,-1
423,45,292.56,436.91,187.14,329.52,0.7825,-1,-1,-1
423,46,856.50,439.00,50.20,161.38,0.5991,-1,-1,-1
423,49,1155.45,411.97,168.25,493.46,0.6564,-1,-1,-1
424,3,1047.55,399.89,217.54,624.42,0.7840,-1,-1,-1
424,28,969.07,462.42,121.43,472.91,0.4156,-1,-1,-1
424,36,711.34,431.25,104.49,298.07,0.6345,-1,-1,-1
424,38,607.67,443.22,130.30,272.31,0.7744,-1,-1,-1
424,42,477.01,437.21,120.75,320.57,0.7190,-1,-1,-1
424,45,300.38,436.87,179.57,327.81,0.7752,-1,-1,-1
424,46,851.70,438.79,52.34,163.13,0.5309,-1,-1,-1
424,49,1151.56,412.39,173.59,498.52,0.5149,-1,-1,-1
425,3,1048.54,397.79,208.78,633.06,0.7195,-1,-1,-1
425,28,970.76,482.42,119.57,451.16,0.5234,-1,-1,-1
425,36,714.20,421.74,113.02,305.17,0.7299,-1,-1,-1
425,38,610.81,448.85,130.55,266.76,0.7360,-1,-1,-1
425,42,487.97,438.75,112.83,318.95,0.6383,-1,-1,-1
425,45,310.24,437.94,170.22,325.72,0.7790,-1,-1,-1
425,46,850.24,439.83,49.46,159.44,0.5431,-1,-1,-1
425,49,1159.74,412.73,165.74,508.63,0.6059,-1,-1,-1
426,3,1050.14,397.45,201.88,638.33,0.7134,-1,-1,-1
426,28,971.01,489.78,118.86,442.00,0.5297,-1,-1,-1
426,36,715.58,413.45,115.50,312.45,0.7548,-1,-1,-1
426,38,611.80,449.00,133.09,267.92,0.7210,-1,-1,-1
426,42,514.48,438.36,96.91,315.95,0.6454,-1,-1,-1
426,45,321.44,434.43,157.98,329.49,0.7908,-1,-1,-1
426,46,848.18,439.06,47.79,159.14,0.5965,-1,-1,-1
426,49,1163.18,411.71,163.49,516.02,0.5903,-1,-1,-1
427,3,1053.74,399.99,187.76,638.37,0.6816,-1,-1,-1
427,28,971.67,452.62,119.74,478.86,0.4419,-1,-1,-1
427,36,720.46,411.08,111.39,315.29,0.7454,-1,-1,-1
427,38,611.43,450.04,132.64,267.62,0.7150,-1,-1,-1
427,42,520.34,438.64,94.12,315.01,0.6314,-1,-1,-1
427,45,330.67,433.85,151.12,326.18,0.7858,-1,-1,-1
427,46,844.34,437.31,48.98,161.87,0.4931,-1,-1,-1
427,49,1159.63,409.67,171.09,521.70,0.4894,-1,-1,-1
428,3,1058.10,405.60,169.66,622.48,0.6656,-1,-1,-1
428,28,972.56,440.32,120.81,486.63,0.5752,-1,-1,-1
428,36,723.82,417.55,114.60,309.92,0.7235,-1,-1,-1
428,38,609.29,447.67,133.53,268.30,0.6948,-1,-1,-1
428,42,508.12,437.79,109.37,317.25,0.6649,-1,-1,-1
428,45,346.73,436.52,136.13,317.94,0.7383,-1,-1,-1
428,46,841.30,441.10,49.86,157.83,0.5167,-1,-1,-1
428,49,1149.13,411.80,179.75,597.23,0.4303,-1,-1,-1
428,53,1692.10,330.64,227.48,619.68,0.6095,-1,-1,-1
429,3,1059.74,402.88,164.59,619.32,0.6603,-1,-1,-1
429,28,973.96,452.14,119.14,478.21,0.5119,-1,-1,-1
429,36,727.34,430.94,116.28,296.40,0.7135,-1,-1,-1
429,38,618.14,442.56,123.34,271.62,0.7092,-1,-1,-1
429,42,503.02,438.50,123.79,316.38,0.6046,-1,-1,-1
429,45,366.24,438.05,119.41,314.23,0.7167,-1,-1,-1
429,46,837.02,451.95,50.61,146.34,0.1552,-1,-1,-1
429,49,1145.64,414.19,182.93,627.75,0.3511,-1,-1,-1
429,53,1650.15,325.82,269.68,615.27,0.4657,-1,-1,-1
430,3,1062.56,403.14,163.31,623.73,0.6898,-1,-1,-1
430,28,975.06,446.01,119.20,482.45,0.5747,-1,-1,-1
430,36,729.49,431.70,119.78,295.44,0.6792,-1,-1,-1
430,38,633.51,441.89,109.16,271.13,0.6005,-1,-1,-1
430,42,510.73,438.10,136.04,317.28,0.5811,-1,-1,-1
430,45,377.42,437.86,109.82,310.22,0.7393,-1,-1,-1
430,46,838.40,442.98,47.06,151.79,0.3808,-1,-1,-1
430,49,1147.29,416.12,182.81,638.87,0.3099,-1,-1,-1
430,53,1597.90,320.75,321.85,620.55,0.4810,-1,-1,-1
431,3,1065.82,404.32,162.16,629.73,0.6786,-1,-1,-1
431,28,976.13,440.13,120.32,486.96,0.5674,-1,-1,-1
431,36,728.35,430.27,122.96,297.27,0.6865,-1,-1,-1
431,38,642.06,441.88,99.93,266.33,0.5394,-1,-1,-1
431,42,531.59,441.17,132.29,313.75,0.6325,-1,-1,-1
431,45,384.79,438.03,106.32,307.00,0.7316,-1,-1,-1
431,46,838.99,441.62,43.84,152.57,0.5893,-1,-1,-1
431,49,1144.39,417.09,181.76,650.70,0.3018,-1,-1,-1
431,53,1548.61,308.14,371.09,690.00,0.7133,-1,-1,-1
432,3,1069.27,407.12,167.95,630.39,0.7300,-1,-1,-1
432,28,976.88,443.55,120.85,484.80,0.5619,-1,-1,-1
432,36,728.48,424.64,124.26,301.84,0.6502,-1,-1,-1
432,38,655.64,446.58,84.40,257.64,0.4661,-1,-1,-1
432,42,543.20,441.38,135.11,313.87,0.6599,-1,-1,-1
432,45,388.92,439.65,106.97,308.00,0.7041,-1,-1,-1
432,46,836.61,442.51,45.13,150.90,0.6309,-1,-1,-1
432,49,1166.86,413.19,158.21,483.36,0.5703,-1,-1,-1
432,53,1501.09,301.76,418.11,715.09,0.8272,-1,-1,-1
432,54,1261.17,420.95,94.19,256.41,0.4259,-1,-1,-1
433,3,1073.75,409.02,165.93,616.77,0.7189,-1,-1,-1
433,28,978.83,429.72,125.76,498.55,0.5653,-1,-1,-1
433,36,732.63,427.16,121.91,298.06,0.6893,-1,-1,-1
433,38,665.53,446.47,82.36,256.91,0.4260,-1,-1,-1
433,42,544.49,442.61,143.04,313.84,0.6806,-1,-1,-1
433,45,395.79,440.89,107.96,306.28,0.6752,-1,-1,-1
433,46,834.70,439.61,46.67,154.45,0.6023,-1,-1,-1
433,49,1179.99,413.42,151.75,411.00,0.6477,-1,-1,-1
433,53,1452.77,302.78,466.98,719.91,0.7811,-1,-1,-1
433,54,1266.07,417.97,93.57,258.81,0.3081,-1,-1,-1
434,3,1076.25,403.66,158.53,558.16,0.4759,-1,-1,-1
434,28,981.44,424.48,132.82,512.80,0.6456,-1,-1,-1
434,36,737.81,419.98,118.03,305.65,0.6975,-1,-1,-1
434,38,669.63,448.72,84.65,254.13,0.4122,-1,-1,-1
434,42,547.91,445.18,142.61,311.32,0.7810,-1,-1,-1
434,45,403.20,440.85,107.20,305.94,0.6779,-1,-1,-1
434,46,833.19,438.62,46.18,151.77,0.2680,-1,-1,-1
434,49,1188.72,408.26,132.01,341.83,0.4604,-1,-1,-1
434,53,1406.71,302.41,497.50,717.29,0.7412,-1,-1,-1
434,54,1270.91,418.41,93.92,289.96,0.3896,-1,-1,-1
435,3,1081.95,404.81,160.62,439.77,0.6220,-1,-1,-1
435,28,983.87,419.46,136.28,495.81,0.7033,-1,-1,-1
435,36,743.46,422.35,112.41,302.05,0.6922,-1,-1,-1
435,38,683.74,437.74,78.34,266.01,0.5283,-1,-1,-1
435,42,548.72,445.00,145.33,311.40,0.7973,-1,-1,-1
435,45,413.36,437.89,106.00,309.81,0.7635,-1,-1,-1
435,46,831.81,442.45,46.36,149.31,0.1968,-1,-1,-1
435,49,1193.44,405.38,126.90,306.69,0.6141,-1,-1,-1
435,53,1364.95,305.83,482.68,708.42,0.4193,-1,-1,-1
435,54,1276.95,418.72,93.47,299.76,0.5584,-1,-1,-1
436,3,1087.28,410.22,162.73,415.53,0.6527,-1,-1,-1
436,28,994.15,419.08,133.62,421.40,0.6308,-1,-1,-1
436,36,751.10,424.42,105.56,297.26,0.6584,-1,-1,-1
436,38,696.06,437.11,75.95,270.60,0.4712,-1,-1,-1
436,42,547.40,442.33,148.48,314.05,0.7821,-1,-1,-1
436,45,416.58,434.82,111.30,313.59,0.7576,-1,-1,-1
436,46,829.84,438.78,45.96,151.86,0.2426,-1,-1,-1
436,49,1191.40,408.78,133.06,365.84,0.5850,-1,-1,-1
436,53,1312.53,309.82,471.65,704.65,0.8392,-1,-1,-1
436,54,1279.36,417.22,83.91,286.39,0.1860,-1,-1,-1
437,3,1093.86,404.33,158.79,427.90,0.6934,-1,-1,-1
437,28,997.98,419.98,135.19,403.47,0.6798,-1,-1,-1
437,36,757.22,416.89,99.97,302.80,0.5661,-1,-1,-1
437,38,706.68,432.57,74.97,276.52,0.4959,-1,-1,-1
437,42,548.19,440.66,148.95,316.64,0.7818,-1,-1,-1
437,45,417.93,437.66,116.40,312.88,0.7787,-1,-1,-1
437,49,1198.90,405.97,132.33,324.43,0.5319,-1,-1,-1
437,53,1225.84,317.34,489.27,702.89,0.8074,-1,-1,-1
438,3,1099.10,396.63,157.39,445.01,0.8133,-1,-1,-1
438,28,1001.02,422.36,135.53,405.56,0.6854,-1,-1,-1
438,36,768.28,415.07,90.91,303.84,0.5401,-1,-1,-1
438,38,710.33,430.32,81.79,279.52,0.5465,-1,-1,-1
438,42,549.15,441.79,149.48,312.55,0.7835,-1,-1,-1
438,45,421.11,434.11,119.56,316.47,0.8062,-1,-1,-1
438,53,1193.61,326.22,449.13,700.98,0.7264,-1,-1,-1
439,3,1101.82,419.76,154.07,429.88,0.5206,-1,-1,-1
439,28,1000.22,421.78,139.76,419.76,0.7034,-1,-1,-1
439,36,772.31,430.06,89.01,287.88,0.5407,-1,-1,-1
439,38,711.89,434.89,85.90,276.27,0.4632,-1,-1,-1
439,42,551.28,439.93,148.49,314.14,0.7897,-1,-1,-1
439,45,424.26,438.21,123.86,309.75,0.7598,-1,-1,-1
439,53,1155.07,333.25,417.45,701.54,0.7735,-1,-1,-1
440,28,999.34,423.40,146.06,435.19,0.7795,-1,-1,-1
440,36,773.86,439.07,88.16,277.75,0.5880,-1,-1,-1
440,38,712.77,437.56,85.76,273.59,0.5192,-1,-1,-1
440,42,552.21,440.80,148.10,313.47,0.7786,-1,-1,-1
440,45,428.72,438.31,124.39,306.42,0.7015,-1,-1,-1
440,53,1103.64,349.03,398.88,685.85,0.7386,-1,-1,-1
440,55,1832.89,466.14,65.11,179.86,0.4014,-1,-1,-1
441,28,999.81,431.62,140.05,408.03,0.4469,-1,-1,-1
441,36,776.63,436.13,86.42,276.65,0.5725,-1,-1,-1
441,38,713.34,444.88,95.67,266.62,0.5615,-1,-1,-1
441,42,552.95,441.08,147.04,312.74,0.7497,-1,-1,-1
441,45,436.07,438.77,118.45,302.87,0.6950,-1,-1,-1
441,53,1050.81,358.00,380.35,673.00,0.7502,-1,-1,-1
441,55,1833.42,466.30,68.96,181.98,0.4007,-1,-1,-1
442,28,1001.56,442.77,126.75,328.12,0.2689,-1,-1,-1
442,36,778.48,430.83,87.63,279.39,0.5494,-1,-1,-1
442,38,713.57,447.75,109.92,264.32,0.5513,-1,-1,-1
442,42,560.23,439.79,140.34,310.57,0.7674,-1,-1,-1
442,45,442.95,437.46,110.79,307.64,0.6985,-1,-1,-1
442,53,1004.16,364.76,363.47,659.77,0.7932,-1,-1,-1
442,55,1834.14,465.92,67.42,182.40,0.3565,-1,-1,-1
442,56,1306.53,431.45,151.11,325.00,0.7321,-1,-1,-1
443,36,783.98,428.44,82.56,281.99,0.6366,-1,-1,-1
443,38,712.87,444.47,114.75,267.09,0.5491,-1,-1,-1
443,42,566.92,438.42,134.55,310.97,0.7964,-1,-1,-1
443,45,450.18,439.94,106.10,303.11,0.7199,-1,-1,-1
443,53,960.00,364.60,351.72,654.12,0.8091,-1,-1,-1
443,55,1834.75,465.88,67.73,181.77,0.2925,-1,-1,-1
443,56,1310.61,431.81,149.02,326.42,0.6966,-1,-1,-1
443,49,1230.16,426.46,122.18,401.70,0.6269,-1,-1,-1
444,36,787.17,430.77,84.40,279.73,0.5143,-1,-1,-1
444,38,712.12,443.62,127.33,267.48,0.5969,-1,-1,-1
444,42,578.55,437.17,123.09,308.57,0.7457,-1,-1,-1
444,45,461.09,436.50,99.66,304.28,0.7628,-1,-1,-1
444,53,917.25,363.47,338.81,651.43,0.8146,-1,-1,-1
444,55,1834.78,466.52,68.57,181.69,0.3264,-1,-1,-1
444,56,1314.11,432.57,145.14,329.49,0.6652,-1,-1,-1
444,49,1235.38,429.35,121.01,413.34,0.5234,-1,-1,-1
445,36,785.57,436.36,89.80,275.94,0.5033,-1,-1,-1
445,38,712.28,445.62,107.39,263.42,0.4197,-1,-1,-1
445,42,587.24,437.78,114.59,306.82,0.7545,-1,-1,-1
445,45,468.77,434.56,99.68,301.13,0.7621,-1,-1,-1
445,53,875.88,354.26,338.99,657.42,0.7808,-1,-1,-1
445,55,1833.57,467.69,71.48,180.27,0.2901,-1,-1,-1
445,56,1324.58,432.86,134.75,328.60,0.7329,-1,-1,-1
445,49,1237.77,429.57,127.10,388.02,0.4104,-1,-1,-1
445,3,1140.11,409.36,206.03,503.53,0.5942,-1,-1,-1
446,36,790.52,429.81,88.29,281.78,0.5670,-1,-1,-1
446,38,713.23,450.76,109.43,258.17,0.4566,-1,-1,-1
446,42,603.28,438.75,99.37,303.75,0.6876,-1,-1,-1
446,45,471.28,434.66,103.72,294.63,0.7217,-1,-1,-1
446,53,842.36,345.81,329.78,654.94,0.7819,-1,-1,-1
446,55,1832.68,469.20,71.34,179.00,0.3502,-1,-1,-1
446,56,1334.05,432.35,124.83,329.04,0.7052,-1,-1,-1
446,49,1241.09,428.87,126.95,403.99,0.4984,-1,-1,-1
446,3,1138.71,420.94,202.30,593.10,0.7607,-1,-1,-1
447,36,792.49,431.45,82.52,273.33,0.2878,-1,-1,-1
447,38,716.56,451.51,106.39,256.26,0.3909,-1,-1,-1
447,42,610.69,433.68,95.85,308.20,0.6745,-1,-1,-1
447,45,474.63,431.22,105.79,295.56,0.6848,-1,-1,-1
447,53,801.02,336.56,333.28,654.19,0.7791,-1,-1,-1
447,55,1832.46,469.88,69.22,178.08,0.2774,-1,-1,-1
447,56,1341.31,431.22,118.85,329.57,0.6711,-1,-1,-1
447,49,1238.77,423.74,127.52,417.20,0.3028,-1,-1,-1
447,3,1136.97,416.15,197.89,636.63,0.7875,-1,-1,-1
448,36,792.67,454.12,72.57,232.33,0.1517,-1,-1,-1
448,38,724.06,445.72,122.65,262.92,0.4143,-1,-1,-1
448,42,606.71,434.52,104.16,308.77,0.6112,-1,-1,-1
448,45,482.85,434.08,103.07,285.25,0.5846,-1,-1,-1
448,53,766.08,333.28,334.28,646.26,0.7763,-1,-1,-1
448,55,1831.88,469.49,72.08,178.81,0.2747,-1,-1,-1
448,56,1346.87,423.38,116.47,339.18,0.7803,-1,-1,-1
448,49,1243.35,422.39,126.44,379.25,0.3716,-1,-1,-1
448,3,1139.19,418.87,198.17,650.24,0.7741,-1,-1,-1
448,60,1057.15,421.34,130.93,484.61,0.5340,-1,-1,-1
449,42,625.81,434.77,93.76,308.07,0.5936,-1,-1,-1
449,45,485.15,436.82,105.62,282.98,0.7029,-1,-1,-1
449,53,729.86,332.23,333.83,646.29,0.7323,-1,-1,-1
449,55,1831.17,469.79,73.19,179.26,0.3388,-1,-1,-1
449,56,1350.80,421.36,113.63,340.75,0.7500,-1,-1,-1
449,49,1245.62,419.39,123.55,343.74,0.5111,-1,-1,-1
449,3,1142.61,423.91,192.88,649.29,0.7308,-1,-1,-1
449,60,1037.68,420.94,150.18,519.78,0.8011,-1,-1,-1
450,42,635.34,434.80,87.54,303.48,0.6594,-1,-1,-1
450,45,486.57,435.79,106.67,285.29,0.6995,-1,-1,-1
450,53,695.70,335.49,331.12,635.39,0.7551,-1,-1,-1
450,55,1831.65,468.78,74.97,180.18,0.3338,-1,-1,-1
450,56,1353.33,420.54,116.65,340.92,0.7539,-1,-1,-1
450,49,1253.93,424.20,116.09,333.52,0.2406,-1,-1,-1
450,3,1143.88,420.76,210.84,651.27,0.8143,-1,-1,-1
450,60,1032.46,415.70,159.19,544.17,0.7719,-1,-1,-1
451,42,644.81,437.98,81.01,300.49,0.6662,-1,-1,-1
451,45,489.54,434.28,118.58,289.35,0.6383,-1,-1,-1
451,53,660.43,339.51,333.44,638.57,0.7165,-1,-1,-1
451,55,1832.59,467.58,79.49,182.54,0.2800,-1,-1,-1
451,56,1353.61,418.03,122.74,345.53,0.7267,-1,-1,-1
451,49,1258.38,425.36,111.51,327.91,0.2701,-1,-1,-1
451,3,1136.58,418.78,248.65,654.75,0.8218,-1,-1,-1
451,60,1032.95,412.51,161.85,553.64,0.7849,-1,-1,-1
452,42,646.53,458.43,72.48,253.79,0.2745,-1,-1,-1
452,45,490.03,433.74,127.34,290.08,0.7213,-1,-1,-1
452,53,634.18,346.99,323.90,635.80,0.7142,-1,-1,-1
452,55,1834.99,466.43,73.14,182.39,0.2409,-1,-1,-1
452,56,1359.04,417.28,125.52,347.13,0.7839,-1,-1,-1
452,49,1264.80,428.84,123.21,393.61,0.1775,-1,-1,-1
452,3,1107.01,416.40,293.90,657.33,0.7164,-1,-1,-1
452,60,1037.01,413.49,162.28,553.45,0.7997,-1,-1,-1
453,45,495.98,436.25,125.56,286.75,0.7166,-1,-1,-1
453,53,586.71,358.22,347.02,668.34,0.5392,-1,-1,-1
453,55,1834.93,464.20,70.62,184.89,0.2483,-1,-1,-1
453,56,1365.91,417.33,123.82,346.77,0.8187,-1,-1,-1
453,49,1275.25,429.28,111.55,311.83,0.1580,-1,-1,-1
453,3,1135.72,415.91,294.59,652.83,0.8064,-1,-1,-1
453,60,1043.92,414.29,155.09,549.80,0.7941,-1,-1,-1
454,45,504.37,437.61,111.69,284.70,0.7768,-1,-1,-1
454,53,541.88,368.41,362.41,657.64,0.6765,-1,-1,-1
454,55,1834.43,465.02,79.09,185.30,0.2194,-1,-1,-1
454,56,1370.21,417.35,125.15,349.41,0.8184,-1,-1,-1
454,3,1144.63,410.45,303.42,662.88,0.7958,-1,-1,-1
454,60,1046.60,415.37,156.79,544.73,0.7731,-1,-1,-1
454,36,819.96,425.09,69.06,267.99,0.4528,-1,-1,-1
455,45,513.87,449.29,94.41,268.56,0.6618,-1,-1,-1
455,53,499.07,384.49,370.11,631.79,0.6362,-1,-1,-1
455,55,1835.08,460.27,82.27,190.68,0.1805,-1,-1,-1
455,56,1373.13,418.10,127.90,349.64,0.8235,-1,-1,-1
455,3,1149.00,417.14,304.38,661.39,0.7106,-1,-1,-1
455,60,1050.59,417.77,169.25,545.23,0.7695,-1,-1,-1
455,63,243.81,517.24,90.98,123.18,0.5257,-1,-1,-1
455,36,820.90,420.98,74.53,282.80,0.6187,-1,-1,-1
456,53,460.33,391.88,376.52,646.94,0.7107,-1,-1,-1
456,55,1831.34,466.80,84.23,185.15,0.1858,-1,-1,-1
456,56,1376.67,419.25,130.45,353.32,0.8206,-1,-1,-1
456,3,1151.04,421.89,309.89,659.13,0.7529,-1,-1,-1
456,60,1054.76,420.00,170.82,543.59,0.7769,-1,-1,-1
456,63,240.39,516.13,88.43,121.13,0.2715,-1,-1,-1
456,36,815.08,419.24,86.03,289.25,0.5994,-1,-1,-1
457,53,411.73,395.68,382.73,645.85,0.6780,-1,-1,-1
457,55,1831.34,467.32,82.18,184.92,0.2024,-1,-1,-1
457,56,1379.36,420.09,134.21,357.33,0.8461,-1,-1,-1
457,3,1152.50,414.93,298.29,665.15,0.8215,-1,-1,-1
457,60,1059.99,420.78,168.05,543.68,0.8057,-1,-1,-1
457,63,230.73,514.34,92.50,115.92,0.3943,-1,-1,-1
457,36,809.65,412.92,95.45,296.79,0.6824,-1,-1,-1
457,65,415.70,470.95,42.48,100.96,0.3415,-1,-1,-1
457,42,687.01,442.24,69.38,215.05,0.3444,-1,-1,-1
458,53,375.14,394.22,390.98,666.59,0.7581,-1,-1,-1
458,55,1831.10,455.40,85.47,196.94,0.2222,-1,-1,-1
458,56,1386.31,421.35,134.04,359.34,0.8288,-1,-1,-1
458,3,1153.33,414.91,303.31,664.30,0.8402,-1,-1,-1
458,60,1067.28,419.71,162.14,541.40,0.8052,-1,-1,-1
458,63,220.87,517.59,93.82,117.30,0.4046,-1,-1,-1
458,36,809.28,414.27,97.97,295.00,0.6738,-1,-1,-1
458,65,415.28,471.69,41.27,100.40,0.2665,-1,-1,-1
458,42,688.78,441.20,81.24,268.56,0.4974,-1,-1,-1
459,53,339.84,390.38,395.56,680.38,0.8432,-1,-1,-1
459,55,1830.47,445.64,87.05,205.97,0.2300,-1,-1,-1
459,56,1391.63,423.20,143.75,361.41,0.8360,-1,-1,-1
459,3,1154.83,414.78,314.05,664.27,0.8347,-1,-1,-1
459,60,1074.77,418.84,158.05,544.93,0.7697,-1,-1,-1
459,63,210.10,520.64,96.09,123.24,0.3801,-1,-1,-1
459,36,816.78,417.98,88.73,288.04,0.5969,-1,-1,-1
459,42,688.22,441.79,102.92,284.00,0.4899,-1,-1,-1
460,53,302.42,388.38,405.34,678.27,0.6817,-1,-1,-1
460,55,1831.24,445.93,86.51,205.46,0.2572,-1,-1,-1
460,56,1397.51,423.72,156.07,363.49,0.8447,-1,-1,-1
460,3,1158.27,412.73,311.53,664.43,0.8425,-1,-1,-1
460,60,1084.91,418.88,152.87,546.98,0.7162,-1,-1,-1
460,63,202.12,521.59,95.75,117.40,0.4017,-1,-1,-1
460,36,820.90,421.00,88.63,282.11,0.5389,-1,-1,-1
460,42,678.15,440.32,122.31,292.86,0.6883,-1,-1,-1
461,53,274.10,375.08,404.55,698.80,0.8019,-1,-1,-1
461,55,1831.73,447.88,86.04,203.70,0.2017,-1,-1,-1
461,56,1401.26,425.25,163.18,365.03,0.8553,-1,-1,-1
461,3,1160.27,411.10,310.20,667.70,0.8619,-1,-1,-1
461,60,1096.88,421.75,151.45,552.28,0.7146,-1,-1,-1
461,63,192.46,520.99,96.65,116.05,0.2782,-1,-1,-1
461,36,818.55,415.79,97.18,286.39,0.5824,-1,-1,-1
461,42,662.76,439.02,141.91,298.47,0.7447,-1,-1,-1
462,53,249.35,369.92,396.51,705.05,0.7667,-1,-1,-1
462,55,1831.92,458.40,85.36,192.94,0.2820,-1,-1,-1
462,56,1403.58,426.03,166.60,366.42,0.8152,-1,-1,-1
462,3,1158.57,405.77,313.26,672.38,0.8665,-1,-1,-1
462,60,1098.45,420.30,157.50,555.51,0.7318,-1,-1,-1
462,36,813.29,412.47,103.00,290.72,0.6094,-1,-1,-1
462,42,665.41,438.88,138.23,299.83,0.6932,-1,-1,-1
462,45,563.96,434.81,88.35,276.02,0.5547,-1,-1,-1
463,53,243.45,363.36,382.07,711.20,0.7795,-1,-1,-1
463,55,1832.14,459.57,85.30,190.64,0.2877,-1,-1,-1
463,56,1405.39,430.18,170.64,367.20,0.8298,-1,-1,-1
463,3,1160.95,403.42,310.41,674.78,0.8029,-1,-1,-1
463,60,1102.11,417.29,157.45,557.36,0.7728,-1,-1,-1
463,36,810.24,410.84,109.73,292.22,0.5965,-1,-1,-1
463,42,672.19,438.33,126.37,299.17,0.6770,-1,-1,-1
463,45,567.05,432.70,91.78,276.93,0.7023,-1,-1,-1
463,46,774.38,446.63,46.98,141.07,0.4057,-1,-1,-1
464,53,220.99,358.80,384.91,714.68,0.8129,-1,-1,-1
464,55,1831.55,464.33,84.34,185.06,0.2933,-1,-1,-1
464,56,1413.22,427.52,165.57,372.86,0.8498,-1,-1,-1
464,3,1167.02,401.93,303.27,675.27,0.7972,-1,-1,-1
464,60,1104.45,413.53,162.29,563.64,0.7789,-1,-1,-1
464,36,809.31,411.11,114.93,293.13,0.6319,-1,-1,-1
464,42,680.75,437.88,117.43,295.82,0.6804,-1,-1,-1
464,45,572.22,432.06,91.61,275.63,0.6958,-1,-1,-1
464,46,772.86,446.09,46.94,140.35,0.5094,-1,-1,-1
465,53,195.65,360.43,393.27,710.29,0.7816,-1,-1,-1
465,55,1830.92,456.96,86.27,193.01,0.2133,-1,-1,-1
465,56,1421.59,424.64,158.05,378.42,0.8427,-1,-1,-1
465,3,1183.20,401.98,286.27,677.09,0.8339,-1,-1,-1
465,60,1107.84,416.28,159.72,560.99,0.7698,-1,-1,-1
465,36,817.10,411.75,108.64,292.80,0.6264,-1,-1,-1
465,42,685.74,438.24,114.11,294.69,0.6241,-1,-1,-1
465,45,568.00,430.83,99.81,276.63,0.6812,-1,-1,-1
466,53,157.88,365.14,399.41,707.34,0.7488,-1,-1,-1
466,55,1831.34,457.13,86.32,192.79,0.2373,-1,-1,-1
466,56,1432.83,421.68,146.75,383.00,0.8451,-1,-1,-1
466,3,1195.74,402.61,274.46,676.14,0.8167,-1,-1,-1
466,60,1107.44,420.33,165.41,554.85,0.7763,-1,-1,-1
466,36,822.51,409.21,106.55,296.33,0.6717,-1,-1,-1
466,42,704.22,437.96,108.49,294.03,0.6413,-1,-1,-1
466,45,564.57,430.15,106.13,278.09,0.6882,-1,-1,-1
466,66,512.16,448.53,75.10,193.42,0.3998,-1,-1,-1
467,53,129.57,369.20,402.32,703.80,0.8543,-1,-1,-1
467,55,1831.48,458.78,86.52,191.08,0.1938,-1,-1,-1
467,56,1447.85,420.93,135.19,385.47,0.8019,-1,-1,-1
467,3,1216.27,404.51,259.60,667.72,0.7360,-1,-1,-1
467,60,1108.49,426.10,171.63,549.46,0.7268,-1,-1,-1
467,36,827.50,407.54,100.68,298.53,0.6767,-1,-1,-1
467,42,718.56,439.47,98.07,293.22,0.6695,-1,-1,-1
467,45,568.53,428.64,103.52,279.88,0.6875,-1,-1,-1
467,66,501.98,456.05,78.95,183.39,0.3589,-1,-1,-1
468,53,113.40,371.99,391.01,702.30,0.8189,-1,-1,-1
468,55,1831.94,458.58,85.68,191.10,0.2019,-1,-1,-1
468,56,1459.70,416.20,131.28,389.04,0.8165,-1,-1,-1
468,3,1239.02,405.56,244.05,655.01,0.6436,-1,-1,-1
468,60,1112.38,423.96,176.47,561.40,0.7789,-1,-1,-1
468,36,830.60,406.58,97.37,299.12,0.6697,-1,-1,-1
468,42,713.56,439.04,101.53,293.99,0.6051,-1,-1,-1
468,45,572.39,432.39,99.11,272.86,0.7038,-1,-1,-1
468,66,497.55,456.04,73.43,165.96,0.2642,-1,-1,-1
469,53,78.73,379.67,388.31,689.89,0.7290,-1,-1,-1
469,55,1831.42,463.75,85.80,185.84,0.2406,-1,-1,-1
469,56,1471.53,414.15,123.06,391.16,0.7871,-1,-1,-1
469,3,1253.47,403.36,242.72,665.74,0.7933,-1,-1,-1
469,60,1116.35,422.70,173.84,573.61,0.7743,-1,-1,-1
469,36,833.65,406.72,93.70,299.38,0.6874,-1,-1,-1
469,42,711.63,437.12,106.20,295.85,0.6253,-1,-1,-1
469,45,575.93,435.61,97.29,269.00,0.7119,-1,-1,-1
469,66,492.46,457.63,79.89,186.53,0.3647,-1,-1,-1
470,53,49.08,388.96,392.56,679.50,0.7837,-1,-1,-1
470,55,1831.10,463.31,80.36,184.11,0.2079,-1,-1,-1
470,56,1481.44,412.20,119.53,391.50,0.8235,-1,-1,-1
470,3,1270.79,405.88,236.22,667.60,0.6422,-1,-1,-1
470,60,1122.99,422.18,178.27,583.20,0.7598,-1,-1,-1
470,36,833.35,407.67,93.08,299.69,0.7192,-1,-1,-1
470,42,712.94,437.00,118.69,293.99,0.6067,-1,-1,-1
470,45,579.70,438.75,94.99,267.59,0.7095,-1,-1,-1
470,66,488.36,470.44,75.57,174.68,0.3063,-1,-1,-1
471,53,18.97,395.50,408.81,673.59,0.8301,-1,-1,-1
471,55,1832.42,463.29,77.74,183.28,0.2334,-1,-1,-1
471,56,1489.80,410.32,116.52,393.00,0.8151,-1,-1,-1
471,3,1289.70,401.64,213.30,673.37,0.5581,-1,-1,-1
471,60,1129.77,421.93,173.34,587.66,0.7715,-1,-1,-1
471,36,837.12,412.60,90.60,293.62,0.7531,-1,-1,-1
471,42,730.41,432.76,117.01,299.58,0.5846,-1,-1,-1
471,45,581.83,446.00,94.69,262.66,0.6997,-1,-1,-1
471,66,482.13,477.32,74.51,175.06,0.2109,-1,-1,-1
472,53,-2.65,401.31,398.77,665.10,0.7827,-1,-1,-1
472,55,1833.07,465.63,74.36,179.81,0.1824,-1,-1,-1
472,56,1494.90,409.51,117.71,395.51,0.8314,-1,-1,-1
472,3,1290.42,399.18,207.71,674.62,0.6535,-1,-1,-1
472,60,1133.64,418.65,178.84,593.04,0.8030,-1,-1,-1
472,36,838.20,412.60,89.60,292.91,0.7328,-1,-1,-1
472,42,738.56,432.15,119.24,300.06,0.6447,-1,-1,-1
472,45,584.36,446.10,96.10,262.36,0.7332,-1,-1,-1
472,66,482.61,474.67,66.11,169.27,0.3570,-1,-1,-1
472,68,408.56,486.67,62.36,138.08,0.3856,-1,-1,-1
473,53,-11.34,402.90,394.31,663.66,0.6321,-1,-1,-1
473,55,1834.19,467.89,74.28,179.62,0.2324,-1,-1,-1
473,56,1500.49,410.30,118.46,392.99,0.8030,-1,-1,-1
473,3,1310.56,399.21,201.72,669.81,0.6616,-1,-1,-1
473,60,1138.33,421.68,171.58,590.17,0.7926,-1,-1,-1
473,36,840.10,415.80,89.74,289.82,0.6985,-1,-1,-1
473,42,742.14,434.75,119.14,296.53,0.6692,-1,-1,-1
473,45,587.10,441.88,97.52,266.51,0.7317,-1,-1,-1
473,66,470.51,475.27,72.40,174.29,0.3432,-1,-1,-1
473,68,409.40,488.10,54.34,127.15,0.3494,-1,-1,-1
474,53,-13.56,401.12,364.82,669.99,0.5951,-1,-1,-1
474,55,1834.15,467.79,75.84,180.96,0.2543,-1,-1,-1
474,56,1503.99,411.04,123.61,391.79,0.7798,-1,-1,-1
474,3,1323.99,399.69,201.98,666.55,0.7212,-1,-1,-1
474,60,1143.69,422.06,166.84,589.67,0.8007,-1,-1,-1
474,36,839.35,414.32,86.40,290.59,0.6221,-1,-1,-1
474,42,742.01,437.59,119.70,292.68,0.6530,-1,-1,-1
474,45,589.82,440.17,98.32,267.89,0.7392,-1,-1,-1
474,66,453.21,475.76,88.85,181.21,0.4081,-1,-1,-1
474,68,405.20,489.37,53.86,114.57,0.1644,-1,-1,-1
475,53,-12.31,398.84,346.43,674.05,0.7468,-1,-1,-1
475,55,1834.41,460.39,80.07,189.25,0.1947,-1,-1,-1
475,56,1508.80,410.40,130.35,392.85,0.7778,-1,-1,-1
475,3,1326.34,400.99,205.69,666.11,0.7506,-1,-1,-1
475,60,1147.44,422.09,167.22,589.76,0.8163,-1,-1,-1
475,36,845.77,415.36,90.86,288.25,0.5109,-1,-1,-1
475,42,743.68,436.56,118.59,294.12,0.6516,-1,-1,-1
475,45,592.71,441.80,98.69,265.73,0.7416,-1,-1,-1
475,66,453.50,476.06,86.02,186.02,0.3751,-1,-1,-1
476,53,-10.79,395.58,258.01,678.61,0.6784,-1,-1,-1
476,55,1834.24,459.34,73.80,189.66,0.2350,-1,-1,-1
476,56,1513.69,411.50,145.46,392.96,0.7605,-1,-1,-1
476,3,1328.77,397.80,212.94,673.20,0.6741,-1,-1,-1
476,60,1149.70,421.54,167.36,590.11,0.8137,-1,-1,-1
476,36,846.91,416.41,83.54,287.85,0.5589,-1,-1,-1
476,42,744.06,436.48,118.24,294.62,0.7016,-1,-1,-1
476,45,595.57,444.40,100.86,261.78,0.7924,-1,-1,-1
476,66,443.02,478.57,89.20,183.54,0.5482,-1,-1,-1
477,53,-6.64,390.88,283.23,680.82,0.7832,-1,-1,-1
477,55,1835.39,462.47,70.60,185.72,0.2347,-1,-1,-1
477,56,1517.09,411.07,165.57,398.62,0.8322,-1,-1,-1
477,3,1335.31,396.85,198.98,665.36,0.3972,-1,-1,-1
477,60,1151.56,421.22,170.76,590.51,0.8251,-1,-1,-1
477,36,847.28,416.71,77.09,285.81,0.5533,-1,-1,-1
477,42,745.55,437.32,116.45,293.97,0.7029,-1,-1,-1
477,45,600.18,444.63,100.36,260.92,0.7706,-1,-1,-1
477,66,432.62,475.34,92.39,187.54,0.4177,-1,-1,-1
478,53,-6.83,385.22,212.80,687.10,0.4857,-1,-1,-1
478,55,1836.15,464.04,74.20,183.19,0.2625,-1,-1,-1
478,56,1523.58,408.28,180.43,401.40,0.8257,-1,-1,-1
478,3,1338.38,398.19,202.06,660.26,0.6572,-1,-1,-1
478,60,1157.50,421.03,169.11,590.54,0.8188,-1,-1,-1
478,36,848.78,415.50,75.37,286.45,0.4888,-1,-1,-1
478,42,747.49,437.32,113.57,295.12,0.6314,-1,-1,-1
478,45,611.06,445.38,94.00,258.66,0.6863,-1,-1,-1
478,66,422.63,475.09,97.24,189.86,0.4568,-1,-1,-1
478,71,1307.58,418.28,86.74,511.21,0.4054,-1,-1,-1
479,53,-3.36,382.90,243.32,687.21,0.7243,-1,-1,-1
479,55,1835.23,464.21,75.16,183.02,0.2521,-1,-1,-1
479,56,1530.00,409.38,193.64,404.30,0.8491,-1,-1,-1
479,3,1345.12,398.17,212.11,669.09,0.7609,-1,-1,-1
479,60,1162.40,420.15,168.44,590.85,0.8017,-1,-1,-1
479,36,851.34,414.07,70.36,286.23,0.5197,-1,-1,-1
479,42,755.65,438.38,106.79,294.13,0.6151,-1,-1,-1
479,45,609.62,444.44,101.03,258.74,0.6577,-1,-1,-1
479,66,417.59,476.27,91.44,185.54,0.2735,-1,-1,-1
479,71,1316.03,413.46,94.34,529.09,0.4345,-1,-1,-1
479,38,897.83,435.76,105.19,254.14,0.4881,-1,-1,-1
480,53,-3.68,389.06,170.97,684.16,0.4761,-1,-1,-1
480,55,1835.16,463.90,69.89,184.21,0.2446,-1,-1,-1
480,56,1536.57,412.78,199.51,408.37,0.8575,-1,-1,-1
480,3,1348.18,401.70,226.50,670.21,0.8133,-1,-1,-1
480,60,1168.14,420.51,166.05,589.90,0.8060,-1,-1,-1
480,36,852.11,412.84,69.61,287.06,0.5704,-1,-1,-1
480,42,763.66,437.31,100.45,292.51,0.6543,-1,-1,-1
480,45,618.65,439.24,92.89,262.06,0.6062,-1,-1,-1
480,66,412.72,478.94,91.43,182.39,0.3096,-1,-1,-1
480,71,1323.79,411.28,93.77,542.17,0.4471,-1,-1,-1
480,38,900.42,437.12,106.41,249.17,0.5523,-1,-1,-1
481,53,-1.69,406.23,205.68,666.05,0.7643,-1,-1,-1
481,55,1833.33,462.54,75.29,185.68,0.2661,-1,-1,-1
481,56,1542.20,417.70,203.74,407.09,0.8477,-1,-1,-1
481,3,1349.39,399.23,243.92,676.93,0.8316,-1,-1,-1
481,60,1173.02,419.49,165.10,590.39,0.8083,-1,-1,-1
481,36,853.29,413.12,67.72,286.32,0.5483,-1,-1,-1
481,42,773.12,439.34,96.28,286.44,0.6127,-1,-1,-1
481,45,625.97,436.11,92.55,263.60,0.6027,-1,-1,-1
481,66,406.97,479.26,86.60,184.23,0.5191,-1,-1,-1
481,71,1328.60,407.64,90.95,554.94,0.3927,-1,-1,-1
481,38,903.35,439.34,104.68,244.87,0.6318,-1,-1,-1
482,53,-2.15,452.99,199.45,619.12,0.7681,-1,-1,-1
482,55,1833.81,459.31,80.04,188.80,0.2708,-1,-1,-1
482,56,1547.83,418.59,205.91,409.50,0.8333,-1,-1,-1
482,3,1354.45,396.89,254.39,680.49,0.8511,-1,-1,-1
482,60,1177.24,419.13,164.05,592.89,0.7925,-1,-1,-1
482,36,854.45,413.28,66.63,284.36,0.5306,-1,-1,-1
482,42,780.92,438.66,92.24,284.32,0.5801,-1,-1,-1
482,45,632.00,434.71,88.92,265.44,0.5772,-1,-1,-1
482,66,404.15,478.07,84.39,190.74,0.4565,-1,-1,-1
482,71,1330.70,406.45,97.13,551.12,0.3447,-1,-1,-1
482,38,906.14,442.46,103.10,240.71,0.6763,-1,-1,-1
483,53,-1.86,500.90,185.77,570.13,0.7444,-1,-1,-1
483,55,1834.81,458.73,81.89,190.39,0.2036,-1,-1,-1
483,56,1555.22,418.45,199.45,413.02,0.8255,-1,-1,-1
483,3,1358.77,394.76,263.13,682.01,0.8280,-1,-1,-1
483,60,1183.37,418.59,162.09,593.29,0.7927,-1,-1,-1
483,36,855.70,415.20,66.92,284.03,0.5268,-1,-1,-1
483,42,792.75,437.04,82.32,288.07,0.6331,-1,-1,-1
483,45,631.11,433.73,94.96,264.36,0.6168,-1,-1,-1
483,66,398.82,476.78,88.61,192.85,0.4753,-1,-1,-1
483,71,1332.31,401.35,102.94,558.96,0.4047,-1,-1,-1
483,38,909.20,444.92,99.13,237.96,0.6635,-1,-1,-1
484,53,-1.24,544.38,165.83,454.68,0.3880,-1,-1,-1
484,55,1835.01,451.46,83.32,198.43,0.2220,-1,-1,-1
484,56,1563.13,416.39,193.55,418.85,0.8217,-1,-1,-1
484,3,1360.57,393.98,272.22,683.74,0.8716,-1,-1,-1
484,60,1188.86,417.68,161.47,594.80,0.7880,-1,-1,-1
484,36,859.16,428.38,65.24,271.07,0.5162,-1,-1,-1
484,42,797.71,437.79,78.04,289.88,0.6599,-1,-1,-1
484,45,633.11,435.09,100.20,261.96,0.6556,-1,-1,-1
484,66,384.44,476.04,101.31,195.07,0.4639,-1,-1,-1
484,71,1336.02,405.76,101.42,557.32,0.4307,-1,-1,-1
484,38,912.05,445.41,95.94,238.22,0.6520,-1,-1,-1
485,53,-1.02,564.62,146.28,488.63,0.4241,-1,-1,-1
485,55,1834.17,447.02,84.18,203.52,0.2503,-1,-1,-1
485,56,1573.66,411.71,184.81,426.05,0.8340,-1,-1,-1
485,3,1361.20,395.42,278.45,681.68,0.8568,-1,-1,-1
485,60,1193.89,419.63,162.94,593.48,0.7823,-1,-1,-1
485,36,861.73,425.30,61.01,271.20,0.4663,-1,-1,-1
485,42,801.13,438.68,83.12,286.78,0.6584,-1,-1,-1
485,45,632.55,434.88,110.18,261.89,0.6878,-1,-1,-1
485,66,368.21,477.08,110.66,198.35,0.3476,-1,-1,-1
485,71,1338.33,417.88,101.25,543.64,0.5508,-1,-1,-1
485,38,913.21,442.22,95.34,240.29,0.6779,-1,-1,-1
486,53,-0.49,580.17,118.88,427.06,0.5679,-1,-1,-1
486,55,1846.11,413.84,73.33,237.32,0.2182,-1,-1,-1
486,56,1582.51,412.07,178.35,427.56,0.8357,-1,-1,-1
486,3,1360.76,396.56,283.70,679.87,0.8410,-1,-1,-1
486,60,1198.93,419.93,163.50,592.74,0.7762,-1,-1,-1
486,36,864.68,429.96,59.50,251.63,0.3565,-1,-1,-1
486,42,802.19,438.66,95.09,285.95,0.5765,-1,-1,-1
486,45,633.27,434.54,118.08,262.32,0.7142,-1,-1,-1
486,66,356.54,478.65,108.27,193.63,0.3274,-1,-1,-1
486,71,1339.44,415.59,105.27,549.06,0.6095,-1,-1,-1
486,38,912.52,441.43,95.02,240.26,0.6941,-1,-1,-1
487,53,-0.27,553.70,94.40,434.61,0.4666,-1,-1,-1
487,55,1852.06,422.30,67.76,229.42,0.1842,-1,-1,-1
487,56,1590.00,415.30,169.90,425.10,0.7893,-1,-1,-1
487,3,1361.84,396.49,283.58,679.58,0.8438,-1,-1,-1
487,60,1201.59,419.21,175.72,593.60,0.7763,-1,-1,-1
487,36,863.96,429.45,61.38,260.40,0.4197,-1,-1,-1
487,42,804.11,437.93,93.43,285.47,0.4918,-1,-1,-1
487,45,633.83,435.33,125.27,261.36,0.6702,-1,-1,-1
487,66,353.35,478.27,106.71,197.17,0.4732,-1,-1,-1
487,71,1345.41,413.35,104.33,533.55,0.5809,-1,-1,-1
487,38,917.08,441.62,91.74,240.46,0.6626,-1,-1,-1
488,53,-0.02,628.22,71.48,337.90,0.5589,-1,-1,-1
488,55,1855.26,405.26,64.55,245.77,0.1963,-1,-1,-1
488,56,1598.43,417.91,164.65,422.14,0.7656,-1,-1,-1
488,3,1361.70,399.57,288.32,676.55,0.8193,-1,-1,-1
488,60,1203.20,419.60,181.48,592.70,0.7843,-1,-1,-1
488,42,805.58,434.46,115.63,290.26,0.5855,-1,-1,-1
488,45,636.01,435.43,126.51,261.06,0.6727,-1,-1,-1
488,66,348.64,475.99,105.94,201.90,0.4940,-1,-1,-1
488,71,1349.21,416.99,106.42,514.29,0.5110,-1,-1,-1
488,38,920.50,447.46,89.14,234.39,0.5544,-1,-1,-1
489,55,1855.38,399.03,64.31,251.69,0.2121,-1,-1,-1
489,56,1607.63,414.27,156.82,428.08,0.7452,-1,-1,-1
489,3,1362.34,395.02,290.75,678.29,0.7879,-1,-1,-1
489,60,1205.75,415.10,185.50,595.00,0.8261,-1,-1,-1
489,42,806.90,432.36,127.73,292.25,0.5717,-1,-1,-1
489,45,640.70,435.19,125.74,260.73,0.6960,-1,-1,-1
489,66,340.19,460.34,101.71,219.81,0.5005,-1,-1,-1
489,71,1351.13,421.54,110.25,484.16,0.5552,-1,-1,-1
489,38,923.23,441.22,88.37,240.13,0.6097,-1,-1,-1
489,76,-0.32,534.49,64.79,130.34,0.5447,-1,-1,-1
490,55,1854.38,407.34,65.28,244.36,0.1710,-1,-1,-1
490,56,1615.79,412.33,149.58,431.72,0.7320,-1,-1,-1
490,3,1366.83,396.60,274.05,675.74,0.7452,-1,-1,-1
490,60,1205.90,416.70,187.87,594.53,0.8008,-1,-1,-1
490,42,807.10,435.33,134.41,289.30,0.5801,-1,-1,-1
490,45,643.31,435.11,124.71,262.25,0.7904,-1,-1,-1
490,66,331.97,460.61,98.11,220.43,0.5012,-1,-1,-1
490,71,1355.06,420.23,113.09,477.22,0.6121,-1,-1,-1
490,38,932.84,439.73,79.98,240.50,0.6165,-1,-1,-1
490,76,-0.46,541.89,53.17,112.91,0.3637,-1,-1,-1
491,55,1854.15,432.69,65.47,219.33,0.1650,-1,-1,-1
491,56,1620.85,409.73,133.55,432.52,0.7349,-1,-1,-1
491,3,1369.20,399.19,260.78,670.66,0.6707,-1,-1,-1
491,60,1206.55,417.43,188.34,594.42,0.8076,-1,-1,-1
491,42,808.54,436.39,137.03,288.30,0.5253,-1,-1,-1
491,45,647.17,434.96,122.60,263.86,0.7892,-1,-1,-1
491,66,321.30,482.32,101.99,199.94,0.4788,-1,-1,-1
491,71,1361.34,418.80,114.37,473.54,0.5502,-1,-1,-1
491,38,944.47,437.12,71.67,241.43,0.5938,-1,-1,-1
491,76,-0.15,553.06,41.95,86.97,0.2446,-1,-1,-1
492,55,1853.85,446.55,65.85,204.85,0.1968,-1,-1,-1
492,56,1631.68,409.76,120.24,436.90,0.7095,-1,-1,-1
492,3,1373.23,394.90,298.49,668.02,0.4257,-1,-1,-1
492,60,1206.47,414.33,194.20,596.04,0.8154,-1,-1,-1
492,42,808.89,442.03,141.10,282.98,0.6684,-1,-1,-1
492,45,648.58,433.50,123.73,266.88,0.7641,-1,-1,-1
492,66,315.31,482.44,98.21,200.85,0.5227,-1,-1,-1
492,71,1366.94,413.65,120.32,469.44,0.5256,-1,-1,-1
492,38,952.48,436.84,72.53,241.52,0.6237,-1,-1,-1
492,76,0.00,560.41,34.20,86.03,0.3578,-1,-1,-1
492,78,723.84,444.43,46.76,132.02,0.3468,-1,-1,-1
492,79,565.66,440.54,32.50,89.82,0.3616,-1,-1,-1
493,55,1853.53,443.60,66.12,208.19,0.2240,-1,-1,-1
493,56,1636.71,409.91,120.83,434.96,0.6395,-1,-1,-1
493,3,1374.74,390.42,260.83,670.38,0.4740,-1,-1,-1
493,60,1206.91,416.38,198.14,593.72,0.8290,-1,-1,-1
493,42,810.30,445.13,142.46,279.17,0.6880,-1,-1,-1
493,45,651.77,439.36,120.97,262.41,0.7728,-1,-1,-1
493,66,306.60,486.63,101.39,194.16,0.4880,-1,-1,-1
493,71,1372.87,410.87,121.59,486.64,0.5388,-1,-1,-1
493,38,957.56,439.07,73.77,239.99,0.7062,-1,-1,-1
493,78,727.77,444.26,42.06,130.11,0.3711,-1,-1,-1
493,79,563.82,439.07,34.92,92.42,0.3298,-1,-1,-1
494,55,1851.67,430.21,67.92,221.71,0.1852,-1,-1,-1
494,56,1637.31,410.05,129.29,410.44,0.6718,-1,-1,-1
494,3,1378.10,388.58,284.70,663.06,0.4987,-1,-1,-1
494,60,1207.03,419.65,205.13,590.42,0.8280,-1,-1,-1
494,42,810.97,445.79,144.13,279.38,0.7109,-1,-1,-1
494,45,654.50,441.50,119.72,260.56,0.7825,-1,-1,-1
494,66,301.20,479.21,104.00,200.81,0.3778,-1,-1,-1
494,71,1378.23,408.26,123.13,515.81,0.6175,-1,-1,-1
494,38,958.18,440.90,77.37,238.90,0.6562,-1,-1,-1
494,78,729.04,445.67,39.89,129.44,0.2629,-1,-1,-1
494,79,564.09,439.53,35.01,92.57,0.3094,-1,-1,-1
495,56,1638.37,406.79,154.31,441.83,0.6935,-1,-1,-1
495,3,1379.25,384.59,285.24,664.33,0.4456,-1,-1,-1
495,60,1207.72,421.01,212.24,589.94,0.8143,-1,-1,-1
495,42,817.24,443.85,138.71,281.02,0.6834,-1,-1,-1
495,45,655.21,438.64,118.55,263.28,0.7628,-1,-1,-1
495,66,295.04,474.13,100.75,214.98,0.3153,-1,-1,-1
495,71,1379.05,406.92,125.76,543.86,0.5723,-1,-1,-1
495,38,961.06,441.56,86.29,239.29,0.6633,-1,-1,-1
495,79,564.10,440.99,35.44,92.54,0.3229,-1,-1,-1
496,56,1641.98,404.53,168.90,417.35,0.4884,-1,-1,-1
496,3,1388.46,377.23,280.07,684.52,0.5700,-1,-1,-1
496,60,1208.15,420.32,219.12,591.11,0.8325,-1,-1,-1
496,42,821.65,441.86,135.31,284.31,0.7019,-1,-1,-1
496,45,657.25,438.07,116.18,263.84,0.7865,-1,-1,-1
496,66,291.49,463.21,92.35,224.38,0.3577,-1,-1,-1
496,71,1382.59,410.59,129.30,558.31,0.6484,-1,-1,-1
496,38,960.96,442.62,99.34,238.93,0.7292,-1,-1,-1
496,79,566.31,441.68,33.84,91.93,0.3871,-1,-1,-1
497,56,1646.13,405.37,160.63,454.32,0.7999,-1,-1,-1
497,3,1395.82,377.23,288.61,692.31,0.6531,-1,-1,-1
497,60,1209.20,420.48,223.55,590.52,0.8527,-1,-1,-1
497,42,828.86,442.62,128.31,285.20,0.7342,-1,-1,-1
497,45,663.10,435.09,109.55,267.11,0.7760,-1,-1,-1
497,66,262.87,467.95,109.51,224.23,0.4459,-1,-1,-1
497,71,1389.66,415.74,130.57,496.49,0.6545,-1,-1,-1
497,38,963.41,442.29,108.49,239.61,0.7284,-1,-1,-1
497,79,567.08,442.25,33.12,91.19,0.3683,-1,-1,-1
498,56,1651.63,408.40,160.16,463.03,0.7415,-1,-1,-1
498,3,1409.85,376.66,280.02,693.81,0.6504,-1,-1,-1
498,60,1213.03,418.28,223.29,592.83,0.8473,-1,-1,-1
498,42,838.06,443.65,119.30,283.37,0.6812,-1,-1,-1
498,45,669.41,432.99,102.15,269.29,0.7723,-1,-1,-1
498,66,256.28,474.78,111.52,223.86,0.4580,-1,-1,-1
498,71,1392.30,413.21,135.79,519.53,0.6519,-1,-1,-1
498,38,967.55,440.53,113.07,241.53,0.7381,-1,-1,-1
498,79,567.06,441.70,33.53,92.00,0.3904,-1,-1,-1
499,56,1654.48,406.72,190.95,469.08,0.8521,-1,-1,-1
499,3,1422.48,377.67,272.46,693.73,0.6664,-1,-1,-1
499,60,1220.05,415.71,216.22,596.10,0.8361,-1,-1,-1
499,42,851.54,443.30,106.28,284.71,0.6997,-1,-1,-1
499,45,673.36,435.36,98.13,265.96,0.7669,-1,-1,-1
499,66,244.85,480.67,111.32,220.32,0.5496,-1,-1,-1
499,71,1393.59,407.94,143.18,531.60,0.6556,-1,-1,-1
499,38,970.22,440.62,118.84,242.17,0.6980,-1,-1,-1
499,79,567.25,442.26,32.74,91.61,0.3970,-1,-1,-1
500,56,1661.10,410.58,205.92,473.11,0.8428,-1,-1,-1
500,3,1443.94,377.88,263.11,693.09,0.5800,-1,-1,-1
500,60,1228.42,416.51,209.88,595.95,0.7887,-1,-1,-1
500,42,856.40,440.08,102.88,286.73,0.6595,-1,-1,-1
500,45,676.27,433.97,95.97,267.05,0.7472,-1,-1,-1
500,66,237.32,481.38,104.29,222.80,0.6091,-1,-1,-1
500,71,1390.89,409.02,154.15,544.74,0.6766,-1,-1,-1
500,38,971.06,442.86,120.35,240.20,0.6808,-1,-1,-1
500,79,568.40,442.67,32.00,91.07,0.3357,-1,-1,-1
501,56,1671.64,415.16,218.52,472.30,0.8531,-1,-1,-1
501,3,1477.30,374.99,232.75,611.66,0.6111,-1,-1,-1
501,60,1239.75,414.88,202.52,598.24,0.7918,-1,-1,-1
501,42,859.46,438.36,102.56,287.54,0.6993,-1,-1,-1
501,45,682.34,433.78,91.17,266.35,0.6853,-1,-1,-1
501,66,226.56,481.35,107.31,222.34,0.6271,-1,-1,-1
501,71,1394.36,411.59,153.82,543.78,0.6843,-1,-1,-1
501,38,970.39,450.96,120.40,231.92,0.7068,-1,-1,-1
501,79,570.87,445.03,29.86,88.88,0.3175,-1,-1,-1
502,56,1683.01,415.15,217.69,474.66,0.8442,-1,-1,-1
502,3,1496.31,376.20,225.86,662.21,0.6171,-1,-1,-1
502,60,1252.96,414.93,195.95,599.41,0.7968,-1,-1,-1
502,42,862.04,439.72,103.66,286.45,0.6562,-1,-1,-1
502,45,691.61,435.45,83.57,263.62,0.6775,-1,-1,-1
502,66,217.87,483.58,112.83,219.44,0.6015,-1,-1,-1
502,71,1390.66,407.41,162.06,554.75,0.7129,-1,-1,-1
502,38,972.74,451.15,117.29,231.66,0.7335,-1,-1,-1
502,79,572.18,449.13,28.48,84.27,0.3031,-1,-1,-1
503,56,1691.72,413.08,216.06,481.32,0.8553,-1,-1,-1
503,3,1508.87,374.15,218.03,681.46,0.7256,-1,-1,-1
503,60,1276.50,411.44,178.72,605.15,0.7669,-1,-1,-1
503,42,867.27,440.14,104.76,285.63,0.6733,-1,-1,-1
503,45,691.97,434.70,86.40,265.02,0.6961,-1,-1,-1
503,66,205.65,481.77,118.56,230.14,0.5357,-1,-1,-1
503,71,1386.61,409.92,169.83,555.77,0.6208,-1,-1,-1
503,38,979.63,448.21,110.66,234.47,0.7195,-1,-1,-1
503,79,572.27,447.76,28.44,86.41,0.3503,-1,-1,-1
503,81,0.06,914.28,111.30,165.74,0.4089,-1,-1,-1
504,56,1698.19,411.03,218.75,492.82,0.8655,-1,-1,-1
504,3,1518.39,372.76,216.52,690.39,0.6999,-1,-1,-1
504,60,1292.62,411.83,168.58,606.89,0.8044,-1,-1,-1
504,42,873.28,440.48,105.88,284.61,0.5693,-1,-1,-1
504,45,693.82,435.36,86.78,265.01,0.6868,-1,-1,-1
504,66,192.30,482.06,119.10,234.95,0.6460,-1,-1,-1
504,71,1390.19,410.44,170.30,556.17,0.6972,-1,-1,-1
504,38,988.99,447.97,99.58,234.72,0.6600,-1,-1,-1
504,79,572.10,447.30,28.47,87.46,0.4037,-1,-1,-1
504,81,0.35,929.50,92.84,149.28,0.3490,-1,-1,-1
505,56,1708.39,408.11,212.60,500.84,0.8851,-1,-1,-1
505,3,1525.22,372.80,219.61,698.01,0.7682,-1,-1,-1
505,60,1302.46,410.53,165.29,613.18,0.8285,-1,-1,-1
505,42,882.29,442.83,113.78,281.05,0.5830,-1,-1,-1
505,45,694.36,436.70,89.71,264.39,0.7823,-1,-1,-1
505,66,181.97,482.40,114.50,235.95,0.6029,-1,-1,-1
505,71,1401.19,420.78,164.13,547.80,0.6623,-1,-1,-1
505,38,1000.11,453.81,87.41,229.15,0.6442,-1,-1,-1
505,79,572.01,448.96,28.44,85.82,0.4044,-1,-1,-1
505,81,0.44,952.26,72.21,126.14,0.1578,-1,-1,-1
505,83,866.27,425.16,61.87,282.58,0.4618,-1,-1,-1
506,56,1718.11,403.52,204.84,507.31,0.8851,-1,-1,-1
506,3,1529.71,372.05,218.17,701.28,0.7571,-1,-1,-1
506,60,1309.27,411.30,163.98,622.85,0.7937,-1,-1,-1
506,42,893.91,449.05,117.81,273.58,0.6529,-1,-1,-1
506,45,699.11,435.44,90.18,266.35,0.7433,-1,-1,-1
506,66,168.33,484.00,114.29,234.31,0.6549,-1,-1,-1
506,71,1430.76,422.87,138.00,534.57,0.7061,-1,-1,-1
506,38,1010.72,459.07,78.69,223.44,0.6270,-1,-1,-1
506,79,571.84,448.39,28.91,85.83,0.4100,-1,-1,-1
506,81,0.27,981.67,55.26,96.70,0.1598,-1,-1,-1
506,83,868.49,415.62,68.11,287.98,0.5856,-1,-1,-1
507,56,1732.67,399.94,190.45,512.87,0.8763,-1,-1,-1
507,3,1532.36,374.28,220.18,701.05,0.7412,-1,-1,-1
507,60,1314.83,411.99,162.03,631.92,0.8118,-1,-1,-1
507,42,899.94,450.76,120.68,270.81,0.6698,-1,-1,-1
507,45,702.34,435.46,95.27,266.09,0.7236,-1,-1,-1
507,66,153.21,482.50,116.30,242.44,0.6777,-1,-1,-1
507,71,1444.43,418.88,126.88,541.63,0.6958,-1,-1,-1
507,38,1017.32,452.66,79.32,228.88,0.5340,-1,-1,-1
507,79,572.24,447.34,28.69,86.90,0.3938,-1,-1,-1
507,83,869.45,413.06,69.45,289.48,0.6052,-1,-1,-1
508,56,1743.23,397.80,179.00,514.82,0.8460,-1,-1,-1
508,3,1532.07,373.85,227.18,699.35,0.7468,-1,-1,-1
508,60,1319.34,414.77,178.71,637.69,0.7755,-1,-1,-1
508,42,901.38,452.35,133.17,269.10,0.7102,-1,-1,-1
508,45,712.28,435.76,92.02,264.46,0.6849,-1,-1,-1
508,66,139.35,483.39,120.39,244.65,0.6713,-1,-1,-1
508,71,1453.87,413.72,121.42,537.74,0.6747,-1,-1,-1
508,38,1026.08,450.02,73.40,230.19,0.5335,-1,-1,-1
508,79,571.29,446.94,29.21,88.14,0.4382,-1,-1,-1
508,83,869.47,411.92,69.97,286.92,0.6066,-1,-1,-1
509,56,1751.72,396.11,170.15,514.34,0.7913,-1,-1,-1
509,3,1532.86,373.83,225.70,695.09,0.7010,-1,-1,-1
509,60,1324.80,413.57,199.10,643.79,0.8279,-1,-1,-1
509,42,902.47,448.97,138.70,274.26,0.7372,-1,-1,-1
509,45,715.71,438.03,96.23,262.16,0.6719,-1,-1,-1
509,66,127.51,479.42,120.70,245.46,0.6711,-1,-1,-1
509,71,1461.72,407.76,120.75,558.38,0.5878,-1,-1,-1
509,38,1032.22,460.89,68.00,218.08,0.4929,-1,-1,-1
509,79,570.86,446.46,29.86,89.03,0.4292,-1,-1,-1
509,83,872.87,419.48,66.42,279.95,0.5884,-1,-1,-1
510,56,1767.83,393.46,153.81,503.92,0.8242,-1,-1,-1
510,3,1545.23,375.73,237.96,697.89,0.6140,-1,-1,-1
510,60,1326.87,413.27,217.51,644.98,0.8406,-1,-1,-1
510,42,902.40,446.79,139.80,277.88,0.7508,-1,-1,-1
510,45,715.49,436.27,109.15,263.81,0.7046,-1,-1,-1
510,66,109.99,477.49,125.79,247.83,0.6637,-1,-1,-1
510,71,1468.64,405.31,121.10,570.24,0.7083,-1,-1,-1
510,38,1036.69,465.35,69.87,210.40,0.4972,-1,-1,-1
510,79,570.35,445.68,29.93,88.88,0.4340,-1,-1,-1
510,83,874.84,413.55,66.83,284.24,0.5886,-1,-1,-1
511,56,1778.94,393.63,142.56,497.40,0.8074,-1,-1,-1
511,3,1545.26,371.10,262.31,703.83,0.7178,-1,-1,-1
511,60,1326.19,414.56,233.34,645.41,0.8385,-1,-1,-1
511,42,901.39,446.49,150.31,278.81,0.7630,-1,-1,-1
511,45,715.92,438.28,114.22,261.54,0.7250,-1,-1,-1
511,66,98.04,477.12,127.19,251.47,0.5582,-1,-1,-1
511,71,1475.06,405.14,119.89,559.18,0.6676,-1,-1,-1
511,38,1037.35,461.79,75.75,213.26,0.5460,-1,-1,-1
511,79,570.20,446.05,29.81,88.04,0.4675,-1,-1,-1
511,83,875.09,421.39,67.92,274.23,0.4940,-1,-1,-1
512,56,1786.28,393.63,134.74,497.89,0.8065,-1,-1,-1
512,3,1548.70,373.64,242.50,694.50,0.5765,-1,-1,-1
512,60,1324.41,417.63,241.58,644.53,0.8450,-1,-1,-1
512,42,901.33,444.42,153.25,281.21,0.7581,-1,-1,-1
512,45,718.37,437.21,113.75,261.91,0.7389,-1,-1,-1
512,66,82.11,494.21,136.48,238.10,0.2136,-1,-1,-1
512,71,1477.05,407.57,119.76,542.06,0.6393,-1,-1,-1
512,38,1039.67,456.23,83.25,220.39,0.6052,-1,-1,-1
512,79,570.46,446.85,29.27,87.13,0.4562,-1,-1,-1
512,83,874.82,414.68,72.81,280.61,0.5617,-1,-1,-1
513,56,1802.08,390.69,118.82,507.83,0.7983,-1,-1,-1
513,3,1551.91,372.56,234.12,622.13,0.4815,-1,-1,-1
513,60,1323.64,418.46,248.33,647.26,0.8471,-1,-1,-1
513,42,901.41,443.95,155.42,281.76,0.7509,-1,-1,-1
513,45,719.93,436.46,117.19,262.88,0.7424,-1,-1,-1
513,66,66.13,482.80,140.77,251.58,0.6036,-1,-1,-1
513,71,1480.43,411.94,120.12,550.90,0.6534,-1,-1,-1
513,38,1042.47,447.97,89.84,229.15,0.6054,-1,-1,-1
513,79,570.60,446.25,29.30,87.74,0.4763,-1,-1,-1
513,83,875.84,412.92,75.40,283.23,0.5144,-1,-1,-1
514,56,1809.35,390.25,111.49,512.16,0.8036,-1,-1,-1
514,3,1557.70,371.64,226.62,591.97,0.5666,-1,-1,-1
514,60,1323.38,418.59,251.82,648.44,0.8434,-1,-1,-1
514,42,902.24,444.31,156.01,280.73,0.7017,-1,-1,-1
514,45,722.36,439.01,115.18,258.97,0.7479,-1,-1,-1
514,66,50.61,478.66,143.75,256.71,0.6567,-1,-1,-1
514,71,1485.21,415.32,119.96,538.50,0.5940,-1,-1,-1
514,38,1043.56,445.61,98.98,231.31,0.6230,-1,-1,-1
514,79,570.19,446.03,29.67,87.47,0.5260,-1,-1,-1
514,83,877.71,412.72,76.80,284.31,0.5096,-1,-1,-1
515,56,1819.63,388.77,101.08,517.43,0.7931,-1,-1,-1
515,3,1563.73,371.98,243.08,661.09,0.5283,-1,-1,-1
515,60,1324.18,418.00,253.59,650.08,0.8440,-1,-1,-1
515,42,903.52,443.47,156.79,280.83,0.7433,-1,-1,-1
515,45,725.81,439.17,112.89,257.33,0.7253,-1,-1,-1
515,66,37.46,477.92,146.03,259.36,0.6995,-1,-1,-1
515,71,1489.47,415.37,124.93,524.98,0.5208,-1,-1,-1
515,38,1046.01,449.12,103.78,228.06,0.6781,-1,-1,-1
515,79,569.80,446.16,30.29,87.66,0.4838,-1,-1,-1
515,83,876.90,417.85,75.58,279.66,0.5768,-1,-1,-1
515,85,693.68,451.75,39.05,124.52,0.4617,-1,-1,-1
516,56,1824.33,387.62,95.73,525.24,0.7576,-1,-1,-1
516,3,1564.12,374.03,269.14,676.06,0.6062,-1,-1,-1
516,60,1324.10,421.42,257.17,648.49,0.8307,-1,-1,-1
516,42,906.66,439.37,154.32,282.71,0.7600,-1,-1,-1
516,45,730.85,436.33,109.35,259.24,0.7485,-1,-1,-1
516,66,22.49,478.37,149.12,260.39,0.7053,-1,-1,-1
516,71,1495.46,415.01,128.02,516.09,0.4167,-1,-1,-1
516,38,1049.35,449.74,100.47,226.07,0.5777,-1,-1,-1
516,79,569.28,445.70,31.24,89.20,0.5027,-1,-1,-1
516,83,877.61,417.95,79.08,282.32,0.5694,-1,-1,-1
516,85,692.68,450.06,38.43,126.28,0.4894,-1,-1,-1
517,56,1833.95,390.56,86.04,517.33,0.6984,-1,-1,-1
517,3,1572.26,376.91,274.66,686.61,0.4327,-1,-1,-1
517,60,1324.20,423.69,261.28,646.74,0.8205,-1,-1,-1
517,42,910.23,437.86,149.70,284.18,0.7688,-1,-1,-1
517,45,734.95,438.86,106.91,255.78,0.7292,-1,-1,-1
517,66,13.69,489.24,148.84,249.59,0.5802,-1,-1,-1
517,71,1501.42,411.10,130.43,508.43,0.3995,-1,-1,-1
517,38,1050.41,449.89,101.38,226.23,0.5542,-1,-1,-1
517,79,568.36,444.72,31.84,90.96,0.4720,-1,-1,-1
517,83,879.13,422.61,82.94,280.67,0.5802,-1,-1,-1
517,85,686.10,446.46,43.13,129.71,0.4909,-1,-1,-1
518,56,1842.45,393.17,77.46,514.13,0.6631,-1,-1,-1
518,3,1576.99,377.81,275.72,690.81,0.4233,-1,-1,-1
518,60,1327.53,419.77,263.62,649.74,0.8205,-1,-1,-1
518,42,913.90,435.62,145.91,286.93,0.7867,-1,-1,-1
518,45,740.14,433.84,102.29,259.68,0.7802,-1,-1,-1
518,66,2.47,483.27,150.67,256.62,0.6832,-1,-1,-1
518,71,1509.05,411.28,131.19,597.63,0.3612,-1,-1,-1
518,38,1050.28,457.28,103.69,219.77,0.5714,-1,-1,-1
518,79,569.54,446.19,30.88,89.01,0.4536,-1,-1,-1
518,83,879.36,418.25,81.52,286.02,0.6181,-1,-1,-1
518,85,682.09,447.82,44.85,126.20,0.4471,-1,-1,-1
519,56,1852.34,393.57,67.44,497.44,0.5250,-1,-1,-1
519,3,1577.54,380.32,301.72,690.31,0.6569,-1,-1,-1
519,60,1330.15,420.45,263.30,648.25,0.7951,-1,-1,-1
519,42,917.37,439.18,142.41,281.50,0.6556,-1,-1,-1
519,45,743.81,432.66,100.61,260.03,0.7722,-1,-1,-1
519,66,-3.11,488.31,148.47,252.00,0.6147,-1,-1,-1
519,71,1516.35,412.50,126.24,629.99,0.4690,-1,-1,-1
519,38,1051.11,451.40,102.95,226.13,0.5340,-1,-1,-1
519,79,570.44,448.99,30.04,86.48,0.4611,-1,-1,-1
519,83,879.92,428.25,79.82,273.22,0.5931,-1,-1,-1
519,85,678.62,447.62,45.85,126.00,0.5495,-1,-1,-1
520,56,1866.63,395.54,53.16,483.47,0.5435,-1,-1,-1
520,3,1580.74,380.26,269.49,691.77,0.5521,-1,-1,-1
520,60,1334.53,418.69,258.17,649.74,0.7825,-1,-1,-1
520,42,927.90,443.92,135.84,276.07,0.6576,-1,-1,-1
520,45,749.54,430.79,95.13,260.31,0.7282,-1,-1,-1
520,66,-4.99,482.53,150.34,260.99,0.5352,-1,-1,-1
520,71,1522.16,417.02,129.94,561.44,0.4473,-1,-1,-1
520,38,1051.36,454.40,102.18,222.89,0.5679,-1,-1,-1
520,79,570.91,449.39,29.69,86.44,0.4254,-1,-1,-1
520,83,881.23,433.39,79.14,266.31,0.6396,-1,-1,-1
520,85,679.02,448.05,44.79,124.63,0.5481,-1,-1,-1
521,56,1868.46,391.26,51.19,458.58,0.3694,-1,-1,-1
521,3,1580.31,380.86,313.80,686.95,0.6121,-1,-1,-1
521,60,1339.33,415.94,250.62,651.68,0.8273,-1,-1,-1
521,42,936.33,444.74,130.44,275.01,0.6327,-1,-1,-1
521,45,756.31,430.89,89.39,259.61,0.7424,-1,-1,-1
521,66,-5.10,480.91,135.80,267.15,0.4949,-1,-1,-1
521,71,1527.04,418.99,135.74,534.06,0.4992,-1,-1,-1
521,38,1052.81,443.36,99.78,234.22,0.6209,-1,-1,-1
521,79,571.44,452.39,29.11,82.62,0.4259,-1,-1,-1
521,83,881.87,432.70,80.49,267.37,0.6339,-1,-1,-1
521,85,679.17,450.14,43.05,122.92,0.5131,-1,-1,-1
522,3,1602.03,378.37,305.81,606.46,0.6277,-1,-1,-1
522,60,1345.01,413.15,249.69,653.68,0.8022,-1,-1,-1
522,42,948.01,442.16,121.98,277.21,0.6699,-1,-1,-1
522,45,765.69,432.52,80.73,256.07,0.7151,-1,-1,-1
522,66,-4.60,478.25,114.92,269.03,0.4965,-1,-1,-1
522,71,1531.70,416.92,142.90,537.14,0.4885,-1,-1,-1
522,38,1054.51,443.12,98.10,234.57,0.6239,-1,-1,-1
522,79,572.32,454.18,28.52,80.56,0.3788,-1,-1,-1
522,83,880.63,432.04,84.47,268.98,0.6424,-1,-1,-1
522,85,677.48,449.10,44.00,124.14,0.5587,-1,-1,-1
523,3,1589.10,379.09,330.64,664.06,0.6021,-1,-1,-1
523,60,1352.02,412.21,246.81,655.04,0.7316,-1,-1,-1
523,42,952.81,442.23,115.69,278.28,0.6815,-1,-1,-1
523,45,766.02,432.83,85.53,256.45,0.7171,-1,-1,-1
523,66,-3.57,502.89,107.88,251.23,0.3588,-1,-1,-1
523,71,1538.35,413.23,151.67,543.28,0.5191,-1,-1,-1
523,38,1055.56,452.55,98.32,225.20,0.6443,-1,-1,-1
523,79,572.71,454.11,28.70,80.95,0.4001,-1,-1,-1
523,83,881.12,422.95,89.72,279.74,0.6482,-1,-1,-1
523,85,675.38,448.46,45.48,125.58,0.5920,-1,-1,-1
524,3,1589.12,375.44,335.25,684.35,0.7971,-1,-1,-1
524,60,1363.15,411.34,238.45,655.39,0.7127,-1,-1,-1
524,42,964.85,443.02,104.89,276.60,0.6237,-1,-1,-1
524,45,768.25,431.32,87.85,258.47,0.7391,-1,-1,-1
524,66,-3.17,519.88,84.64,240.23,0.2300,-1,-1,-1
524,71,1546.61,412.06,150.94,556.64,0.4788,-1,-1,-1
524,38,1059.15,455.74,95.85,221.65,0.6082,-1,-1,-1
524,79,573.43,453.98,29.24,82.02,0.4083,-1,-1,-1
524,83,880.42,419.56,94.41,283.30,0.6635,-1,-1,-1
524,85,673.99,448.67,46.26,124.76,0.6098,-1,-1,-1
525,3,1594.41,370.95,330.94,697.66,0.6821,-1,-1,-1
525,60,1380.07,411.16,224.92,656.68,0.7222,-1,-1,-1
525,42,971.79,443.96,97.33,275.70,0.6576,-1,-1,-1
525,45,767.91,430.40,91.35,259.45,0.7486,-1,-1,-1
525,66,-1.23,514.63,78.88,235.07,0.3250,-1,-1,-1
525,71,1546.50,409.28,157.28,580.28,0.5926,-1,-1,-1
525,38,1061.10,459.46,97.32,218.63,0.6289,-1,-1,-1
525,79,573.89,452.50,29.41,82.40,0.4423,-1,-1,-1
525,83,885.41,413.43,93.87,291.09,0.6530,-1,-1,-1
525,85,673.85,451.26,44.77,121.55,0.6309,-1,-1,-1
526,3,1598.93,363.53,325.94,707.82,0.8161,-1,-1,-1
526,60,1401.75,410.57,207.86,654.20,0.6758,-1,-1,-1
526,42,985.63,444.85,81.77,277.15,0.6585,-1,-1,-1
526,45,767.84,434.24,95.71,255.19,0.7175,-1,-1,-1
526,66,-1.15,521.40,70.52,186.42,0.2935,-1,-1,-1
526,71,1549.26,408.94,160.77,587.45,0.5766,-1,-1,-1
526,38,1064.31,461.87,97.72,215.32,0.6344,-1,-1,-1
526,79,573.87,451.67,29.96,82.55,0.4092,-1,-1,-1
526,83,893.48,411.72,88.68,294.33,0.6754,-1,-1,-1
526,85,671.15,451.21,46.97,120.99,0.5835,-1,-1,-1
526,87,715.04,450.34,33.86,89.08,0.4108,-1,-1,-1
527,3,1600.99,365.95,322.80,706.50,0.6966,-1,-1,-1
527,60,1422.05,412.95,197.38,653.87,0.7507,-1,-1,-1
527,42,994.28,447.98,77.41,274.62,0.7053,-1,-1,-1
527,45,770.51,435.74,104.30,253.66,0.6896,-1,-1,-1
527,66,-1.07,539.18,63.44,144.45,0.3599,-1,-1,-1
527,71,1561.12,408.78,156.68,590.36,0.6799,-1,-1,-1
527,38,1069.12,460.02,97.74,215.80,0.6216,-1,-1,-1
527,79,573.88,451.25,29.64,82.47,0.4242,-1,-1,-1
527,83,898.02,408.47,86.19,297.66,0.7362,-1,-1,-1
527,85,668.98,454.15,48.09,117.83,0.5883,-1,-1,-1
527,87,715.03,449.96,33.60,89.28,0.4909,-1,-1,-1
528,3,1603.52,382.99,320.80,690.01,0.7341,-1,-1,-1
528,60,1436.73,412.09,184.18,653.72,0.6919,-1,-1,-1
528,42,997.29,446.06,82.20,278.34,0.7122,-1,-1,-1
528,45,783.92,437.07,96.97,250.79,0.5985,-1,-1,-1
528,66,-0.87,546.92,55.54,114.61,0.3469,-1,-1,-1
528,71,1569.53,410.06,162.45,590.97,0.7152,-1,-1,-1
528,38,1075.86,454.64,89.99,220.43,0.6413,-1,-1,-1
528,79,573.77,450.74,30.57,83.67,0.4256,-1,-1,-1
528,83,903.28,410.83,81.55,295.63,0.7281,-1,-1,-1
528,85,668.52,455.95,47.64,115.06,0.6127,-1,-1,-1
528,87,714.45,451.15,34.45,87.78,0.4946,-1,-1,-1
529,3,1664.34,384.14,258.72,604.74,0.5813,-1,-1,-1
529,60,1445.01,412.61,181.58,654.70,0.7818,-1,-1,-1
529,42,1000.65,443.44,90.02,279.18,0.7068,-1,-1,-1
529,45,782.31,436.19,118.46,251.91,0.6296,-1,-1,-1
529,66,-0.65,546.92,43.24,109.36,0.3691,-1,-1,-1
529,71,1577.45,411.72,164.46,592.27,0.7310,-1,-1,-1
529,38,1084.50,451.61,78.05,222.33,0.5329,-1,-1,-1
529,79,573.61,450.18,31.02,84.46,0.4564,-1,-1,-1
529,83,912.13,407.04,75.00,299.25,0.7331,-1,-1,-1
529,85,665.79,454.24,52.41,116.90,0.5694,-1,-1,-1
529,87,712.70,450.80,29.55,88.14,0.4923,-1,-1,-1
530,3,1694.76,371.13,227.18,584.94,0.5906,-1,-1,-1
530,60,1450.40,413.83,180.31,654.56,0.7934,-1,-1,-1
530,42,1003.83,440.60,94.91,279.29,0.7164,-1,-1,-1
530,45,789.55,435.23,115.09,252.00,0.6853,-1,-1,-1
530,71,1580.99,411.89,164.70,596.08,0.6779,-1,-1,-1
530,38,1092.01,448.77,71.10,225.54,0.5648,-1,-1,-1
530,79,573.51,449.19,31.17,86.14,0.4593,-1,-1,-1
530,83,916.85,404.62,72.43,301.76,0.7550,-1,-1,-1
530,85,663.69,454.78,52.33,115.86,0.5691,-1,-1,-1
530,87,711.50,450.22,29.31,88.36,0.4390,-1,-1,-1
531,3,1702.46,366.46,219.08,575.04,0.5019,-1,-1,-1
531,60,1452.56,413.44,188.06,653.90,0.8099,-1,-1,-1
531,42,1007.25,442.59,99.55,276.07,0.7751,-1,-1,-1
531,45,787.33,434.47,116.79,252.85,0.7534,-1,-1,-1
531,71,1586.88,413.41,162.21,599.06,0.7200,-1,-1,-1
531,38,1093.29,450.52,71.63,225.44,0.5848,-1,-1,-1
531,79,573.04,448.58,31.49,87.86,0.4673,-1,-1,-1
531,83,919.44,402.93,72.46,303.90,0.7636,-1,-1,-1
531,85,662.90,454.65,50.12,114.24,0.5488,-1,-1,-1
531,87,712.17,450.23,29.96,89.09,0.3996,-1,-1,-1
532,3,1663.56,365.98,257.91,662.48,0.7788,-1,-1,-1
532,60,1454.88,412.47,199.29,654.62,0.7969,-1,-1,-1
532,42,1009.09,443.49,106.40,275.23,0.8028,-1,-1,-1
532,45,788.69,435.22,117.89,252.26,0.7541,-1,-1,-1
532,71,1590.09,410.63,166.80,612.29,0.7537,-1,-1,-1
532,38,1096.60,451.92,63.57,224.35,0.5168,-1,-1,-1
532,79,572.13,448.14,32.15,88.96,0.4831,-1,-1,-1
532,83,922.42,401.82,74.28,303.61,0.7299,-1,-1,-1
532,85,663.68,452.66,46.14,116.67,0.5464,-1,-1,-1
532,87,713.63,450.65,30.24,89.47,0.4130,-1,-1,-1
533,3,1664.57,366.24,257.11,694.60,0.8249,-1,-1,-1
533,60,1456.77,411.51,208.62,654.89,0.8243,-1,-1,-1
533,42,1006.83,444.93,114.02,273.01,0.7604,-1,-1,-1
533,45,793.18,435.45,114.68,251.86,0.7412,-1,-1,-1
533,71,1596.27,407.96,175.27,622.95,0.7711,-1,-1,-1
533,38,1099.04,447.18,65.67,230.82,0.5592,-1,-1,-1
533,79,572.78,447.07,33.02,90.18,0.3923,-1,-1,-1
533,83,922.56,403.03,79.79,302.10,0.7077,-1,-1,-1
533,85,663.54,452.25,42.44,117.68,0.5590,-1,-1,-1
533,87,715.80,452.22,28.33,88.40,0.3785,-1,-1,-1
534,3,1704.54,368.27,217.27,651.85,0.6665,-1,-1,-1
534,60,1457.62,410.96,212.53,655.53,0.8334,-1,-1,-1
534,42,1007.78,448.69,124.86,270.16,0.7157,-1,-1,-1
534,45,799.56,435.95,115.16,251.43,0.7641,-1,-1,-1
534,71,1598.65,410.93,188.03,618.15,0.7506,-1,-1,-1
534,38,1096.36,447.54,67.98,230.46,0.5682,-1,-1,-1
534,79,574.58,447.29,34.41,90.22,0.4186,-1,-1,-1
534,83,921.28,406.14,85.55,300.31,0.7236,-1,-1,-1
534,85,661.58,451.05,42.04,118.44,0.6097,-1,-1,-1
534,87,715.82,452.35,27.95,88.53,0.4161,-1,-1,-1
535,3,1714.50,371.81,206.89,685.55,0.6245,-1,-1,-1
535,60,1457.71,411.85,213.12,654.89,0.8323,-1,-1,-1
535,42,1008.39,444.87,131.64,276.87,0.6866,-1,-1,-1
535,45,799.34,437.77,119.50,249.49,0.7660,-1,-1,-1
535,71,1606.14,409.61,184.20,615.64,0.7676,-1,-1,-1
535,38,1099.74,444.84,72.34,231.88,0.4570,-1,-1,-1
535,79,575.09,445.75,35.13,91.73,0.4703,-1,-1,-1
535,83,920.38,421.43,92.88,285.58,0.7383,-1,-1,-1
535,85,660.24,449.97,42.00,119.45,0.6461,-1,-1,-1
535,87,715.30,451.85,28.09,88.81,0.4223,-1,-1,-1
536,3,1738.57,369.02,182.30,701.25,0.8055,-1,-1,-1
536,60,1457.84,412.96,216.59,654.22,0.8187,-1,-1,-1
536,42,1007.37,448.35,137.80,272.73,0.7139,-1,-1,-1
536,45,801.55,436.94,117.97,249.33,0.7337,-1,-1,-1
536,71,1610.01,408.46,182.74,620.21,0.7379,-1,-1,-1
536,38,1103.56,445.14,70.43,229.20,0.3852,-1,-1,-1
536,79,576.01,450.27,34.12,88.15,0.3895,-1,-1,-1
536,83,916.30,426.72,100.14,280.45,0.7409,-1,-1,-1
536,85,659.17,449.66,41.63,119.03,0.5697,-1,-1,-1
536,87,714.19,450.19,28.74,90.36,0.4316,-1,-1,-1
537,3,1757.57,369.83,162.80,706.01,0.8076,-1,-1,-1
537,60,1458.87,414.14,227.14,652.34,0.7857,-1,-1,-1
537,42,1006.99,452.92,141.69,268.06,0.6606,-1,-1,-1
537,45,804.07,436.51,116.13,249.91,0.7347,-1,-1,-1
537,71,1614.75,407.39,184.15,626.42,0.5625,-1,-1,-1
537,38,1108.75,453.77,65.82,220.34,0.4643,-1,-1,-1
537,79,578.40,455.79,31.92,82.72,0.3417,-1,-1,-1
537,83,916.33,433.56,102.80,272.21,0.7107,-1,-1,-1
537,85,658.46,449.67,41.72,119.11,0.6083,-1,-1,-1
537,87,712.41,449.56,29.85,91.09,0.4629,-1,-1,-1
538,3,1767.69,370.26,152.49,708.16,0.8156,-1,-1,-1
538,60,1459.92,413.75,229.86,652.96,0.7970,-1,-1,-1
538,42,1009.82,450.95,138.71,270.23,0.7036,-1,-1,-1
538,45,804.94,435.24,117.55,250.98,0.7535,-1,-1,-1
538,71,1618.93,408.58,189.77,623.88,0.6293,-1,-1,-1
538,38,1107.24,450.46,66.98,225.66,0.4774,-1,-1,-1
538,79,579.58,457.74,31.50,80.94,0.3853,-1,-1,-1
538,83,917.55,428.20,104.38,279.19,0.7382,-1,-1,-1
538,85,657.32,450.77,42.00,118.48,0.5810,-1,-1,-1
538,87,711.50,449.05,31.41,91.04,0.4800,-1,-1,-1
539,3,1777.53,378.85,142.57,700.78,0.7907,-1,-1,-1
539,60,1461.41,413.20,232.97,653.82,0.7981,-1,-1,-1
539,42,1011.10,443.57,137.18,277.67,0.7102,-1,-1,-1
539,45,807.78,434.33,116.36,253.26,0.7496,-1,-1,-1
539,71,1623.48,408.58,195.69,618.09,0.6964,-1,-1,-1
539,38,1112.87,447.16,64.88,229.58,0.4288,-1,-1,-1
539,79,579.99,458.48,31.41,79.98,0.3883,-1,-1,-1
539,83,919.91,425.18,103.65,282.72,0.7460,-1,-1,-1
539,85,656.36,451.67,41.61,117.78,0.5735,-1,-1,-1
539,87,712.74,449.28,29.55,91.23,0.4763,-1,-1,-1
540,3,1783.91,404.06,135.99,673.78,0.7930,-1,-1,-1
540,60,1464.54,414.00,233.02,653.84,0.7923,-1,-1,-1
540,42,1012.18,440.38,136.02,281.49,0.6799,-1,-1,-1
540,45,812.81,433.56,112.25,252.94,0.7280,-1,-1,-1
540,71,1631.91,408.36,192.65,612.19,0.7277,-1,-1,-1
540,38,1112.31,447.68,64.80,229.95,0.3887,-1,-1,-1
540,79,578.50,458.54,32.99,79.97,0.4295,-1,-1,-1
540,83,920.30,424.71,107.06,283.51,0.7699,-1,-1,-1
540,85,655.09,452.90,38.60,116.40,0.6170,-1,-1,-1
540,87,712.56,449.04,27.68,91.73,0.4968,-1,-1,-1
541,3,1789.24,393.16,130.91,686.52,0.7728,-1,-1,-1
541,60,1468.07,412.48,239.08,658.26,0.7714,-1,-1,-1
541,42,1020.35,437.42,127.18,285.17,0.6587,-1,-1,-1
541,45,815.42,432.61,111.75,254.07,0.7388,-1,-1,-1
541,71,1639.58,407.14,191.31,613.45,0.7708,-1,-1,-1
541,38,1115.87,447.69,62.10,230.15,0.4601,-1,-1,-1
541,79,577.91,458.73,33.27,80.05,0.3892,-1,-1,-1
541,83,921.52,420.91,118.08,287.44,0.7210,-1,-1,-1
541,85,654.86,453.73,37.35,116.15,0.5560,-1,-1,-1
541,87,712.67,449.31,27.30,93.10,0.5285,-1,-1,-1
542,3,1797.68,388.31,122.46,692.17,0.7392,-1,-1,-1
542,60,1472.11,411.44,258.44,659.57,0.7633,-1,-1,-1
542,42,1028.41,434.15,117.70,288.05,0.6444,-1,-1,-1
542,45,819.79,433.78,108.86,253.08,0.7250,-1,-1,-1
542,71,1644.50,405.91,191.80,615.54,0.6301,-1,-1,-1
542,38,1118.73,451.72,60.38,224.49,0.5026,-1,-1,-1
542,79,578.26,459.25,33.50,79.71,0.4257,-1,-1,-1
542,83,921.96,415.98,122.43,293.12,0.7280,-1,-1,-1
542,85,655.06,454.50,36.84,115.27,0.5631,-1,-1,-1
542,87,712.67,449.41,27.70,95.41,0.5132,-1,-1,-1
543,3,1805.95,388.43,114.16,692.94,0.6776,-1,-1,-1
543,60,1480.29,411.10,256.38,658.19,0.6024,-1,-1,-1
543,42,1042.61,436.07,104.53,285.08,0.5750,-1,-1,-1
543,45,825.27,432.68,103.92,253.54,0.6635,-1,-1,-1
543,71,1648.15,404.48,194.35,614.60,0.5384,-1,-1,-1
543,38,1121.85,449.27,57.88,226.12,0.3823,-1,-1,-1
543,79,577.58,458.55,33.38,80.35,0.3937,-1,-1,-1
543,83,921.84,421.75,121.29,285.79,0.7432,-1,-1,-1
543,85,655.24,455.42,37.52,114.78,0.5965,-1,-1,-1
543,87,712.16,449.18,28.69,96.26,0.5184,-1,-1,-1
544,3,1822.24,385.34,97.50,609.99,0.6723,-1,-1,-1
544,60,1493.59,411.19,308.13,658.16,0.5390,-1,-1,-1
544,42,1050.30,436.27,99.27,283.85,0.5863,-1,-1,-1
544,45,834.22,433.37,96.46,252.14,0.6833,-1,-1,-1
544,38,1123.27,450.19,59.34,226.63,0.3421,-1,-1,-1
544,79,577.63,457.00,33.44,81.36,0.4464,-1,-1,-1
544,83,921.76,431.26,124.19,275.45,0.7080,-1,-1,-1
544,85,654.95,455.20,38.46,114.88,0.6252,-1,-1,-1
544,87,712.25,448.73,28.90,96.12,0.5110,-1,-1,-1
545,3,1836.98,448.59,82.47,518.91,0.5117,-1,-1,-1
545,60,1510.07,410.93,261.11,657.58,0.5355,-1,-1,-1
545,42,1064.42,434.93,93.37,286.03,0.4632,-1,-1,-1
545,45,844.67,435.18,89.38,247.52,0.6679,-1,-1,-1
545,38,1120.45,456.22,67.22,223.11,0.2945,-1,-1,-1
545,79,578.58,455.28,33.46,82.98,0.3946,-1,-1,-1
545,83,924.28,432.60,126.65,274.38,0.6997,-1,-1,-1
545,85,655.00,453.28,41.01,115.75,0.5944,-1,-1,-1
545,87,711.88,448.13,30.55,96.91,0.5505,-1,-1,-1
545,71,1654.05,406.55,193.50,621.08,0.5734,-1,-1,-1
546,3,1826.44,472.14,93.02,572.63,0.5890,-1,-1,-1
546,60,1528.38,410.04,225.80,656.67,0.5448,-1,-1,-1
546,42,1075.24,435.61,83.65,282.22,0.5184,-1,-1,-1
546,45,860.04,433.97,78.25,246.68,0.7015,-1,-1,-1
546,38,1123.30,455.32,66.94,225.79,0.3780,-1,-1,-1
546,79,579.17,452.58,33.43,84.89,0.4173,-1,-1,-1
546,83,929.05,433.25,123.58,272.42,0.7102,-1,-1,-1
546,85,655.14,453.21,40.03,115.12,0.5902,-1,-1,-1
546,87,712.75,448.06,30.28,97.46,0.5188,-1,-1,-1
546,71,1658.72,406.19,191.01,625.56,0.5455,-1,-1,-1
547,3,1824.64,490.38,94.70,577.80,0.6470,-1,-1,-1
547,60,1541.71,408.38,208.57,655.50,0.6407,-1,-1,-1
547,42,1090.87,435.04,85.20,272.88,0.4569,-1,-1,-1
547,45,867.89,435.44,71.99,244.48,0.6615,-1,-1,-1
547,79,579.32,452.33,33.71,85.25,0.4714,-1,-1,-1
547,83,934.73,429.36,118.86,276.82,0.6846,-1,-1,-1
547,85,654.19,454.27,39.92,113.11,0.6225,-1,-1,-1
547,87,713.17,448.27,29.63,97.00,0.5014,-1,-1,-1
547,71,1664.68,410.82,188.45,607.84,0.6553,-1,-1,-1
547,88,544.45,449.11,30.56,87.24,0.3808,-1,-1,-1
548,3,1829.79,463.41,89.45,614.78,0.5218,-1,-1,-1
548,60,1548.41,408.48,197.30,659.89,0.7219,-1,-1,-1
548,42,1093.34,433.59,91.01,274.67,0.4719,-1,-1,-1
548,45,871.50,435.09,70.30,242.80,0.6327,-1,-1,-1
548,79,579.88,453.64,33.73,83.53,0.4925,-1,-1,-1
548,83,937.20,427.73,117.95,277.80,0.6610,-1,-1,-1
548,85,653.67,454.05,37.92,112.39,0.6776,-1,-1,-1
548,87,713.85,448.42,28.87,96.80,0.4948,-1,-1,-1
548,71,1668.92,411.76,190.29,602.29,0.7376,-1,-1,-1
548,88,545.30,449.66,31.30,86.69,0.4360,-1,-1,-1
549,3,1833.55,435.72,85.67,645.24,0.3143,-1,-1,-1
549,60,1551.37,408.47,196.46,656.47,0.7545,-1,-1,-1
549,42,1087.92,437.08,87.60,279.53,0.4023,-1,-1,-1
549,45,874.86,436.81,71.44,243.33,0.6224,-1,-1,-1
549,79,580.14,452.14,33.85,85.20,0.4402,-1,-1,-1
549,83,943.89,425.97,111.53,278.23,0.6543,-1,-1,-1
549,85,652.43,454.48,38.51,110.56,0.6691,-1,-1,-1
549,87,714.44,448.40,29.11,96.85,0.5576,-1,-1,-1
549,71,1676.27,413.23,187.83,600.62,0.7197,-1,-1,-1
549,88,545.95,447.90,31.64,87.90,0.4116,-1,-1,-1
550,60,1553.38,409.06,195.24,655.75,0.7738,-1,-1,-1
550,42,1080.96,436.03,105.74,281.33,0.4618,-1,-1,-1
550,45,876.70,437.60,76.21,243.66,0.6221,-1,-1,-1
550,79,580.62,453.09,33.25,84.18,0.4525,-1,-1,-1
550,83,953.67,419.95,106.40,282.68,0.6233,-1,-1,-1
550,85,652.58,455.01,37.60,109.13,0.6713,-1,-1,-1
550,87,714.72,449.88,31.26,96.01,0.5147,-1,-1,-1
550,71,1684.20,408.00,191.11,609.70,0.7347,-1,-1,-1
550,88,546.70,448.02,31.63,87.51,0.4030,-1,-1,-1
551,60,1556.00,409.69,199.08,658.71,0.7708,-1,-1,-1
551,42,1072.41,437.52,120.70,279.73,0.5124,-1,-1,-1
551,45,879.11,435.73,76.34,246.62,0.6451,-1,-1,-1
551,79,580.81,453.72,33.04,83.56,0.5146,-1,-1,-1
551,83,961.57,414.90,100.01,286.23,0.6155,-1,-1,-1
551,85,651.99,455.62,37.97,108.02,0.6462,-1,-1,-1
551,87,714.38,449.82,32.24,96.01,0.5345,-1,-1,-1
551,71,1690.83,405.09,192.08,610.36,0.7086,-1,-1,-1
551,88,547.63,447.84,31.17,87.61,0.4031,-1,-1,-1
552,60,1558.10,409.81,207.59,665.24,0.8022,-1,-1,-1
552,42,1079.31,436.86,120.66,283.02,0.5011,-1,-1,-1
552,45,884.57,433.35,75.44,250.07,0.6798,-1,-1,-1
552,79,580.63,452.83,33.36,84.42,0.5238,-1,-1,-1
552,83,970.84,416.19,88.92,282.45,0.6094,-1,-1,-1
552,85,650.75,455.48,40.70,109.04,0.6134,-1,-1,-1
552,87,714.83,449.68,32.77,96.26,0.5946,-1,-1,-1
552,71,1697.01,404.38,190.43,609.45,0.7361,-1,-1,-1
552,88,547.66,445.95,31.35,89.12,0.4410,-1,-1,-1
553,60,1560.83,409.36,212.20,666.59,0.7906,-1,-1,-1
553,42,1084.46,436.72,111.59,284.31,0.4999,-1,-1,-1
553,45,887.05,433.06,81.27,249.99,0.7232,-1,-1,-1
553,79,580.30,452.59,33.82,84.93,0.5200,-1,-1,-1
553,83,984.19,418.74,78.47,276.86,0.6988,-1,-1,-1
553,85,649.57,455.23,42.19,109.84,0.5780,-1,-1,-1
553,87,715.46,449.05,34.04,96.24,0.5777,-1,-1,-1
553,71,1702.20,403.57,196.15,614.61,0.6788,-1,-1,-1
553,88,547.43,445.51,30.88,90.05,0.4168,-1,-1,-1
554,60,1561.71,409.70,272.29,662.35,0.5397,-1,-1,-1
554,42,1081.37,435.78,119.88,285.43,0.5786,-1,-1,-1
554,45,887.94,431.94,86.54,251.31,0.7367,-1,-1,-1
554,79,580.60,449.96,33.47,87.45,0.5266,-1,-1,-1
554,83,988.71,415.03,78.76,284.71,0.6596,-1,-1,-1
554,85,647.46,455.29,41.53,109.51,0.4870,-1,-1,-1
554,87,715.29,448.46,33.63,95.75,0.5863,-1,-1,-1
554,71,1718.57,402.27,195.19,607.05,0.2520,-1,-1,-1
554,88,546.87,444.49,30.45,91.33,0.4496,-1,-1,-1
555,60,1562.43,408.86,264.26,661.84,0.6170,-1,-1,-1
555,42,1079.80,434.42,124.89,286.89,0.5959,-1,-1,-1
555,45,888.06,431.91,88.45,251.45,0.7329,-1,-1,-1
555,79,580.90,447.63,33.61,89.76,0.5431,-1,-1,-1
555,83,993.66,412.04,78.28,287.62,0.6792,-1,-1,-1
555,85,645.92,456.32,41.36,107.74,0.4913,-1,-1,-1
555,87,714.43,446.64,33.74,98.16,0.5748,-1,-1,-1
555,71,1717.07,401.76,198.91,627.97,0.4130,-1,-1,-1
555,88,546.43,444.00,31.64,91.97,0.4764,-1,-1,-1
556,60,1561.92,407.20,270.50,660.79,0.5708,-1,-1,-1
556,42,1085.93,435.50,122.00,285.32,0.7182,-1,-1,-1
556,45,889.14,432.88,87.84,251.17,0.7684,-1,-1,-1
556,79,581.39,446.38,33.33,90.87,0.5001,-1,-1,-1
556,83,999.83,411.23,80.21,288.18,0.7243,-1,-1,-1
556,85,644.16,457.01,42.16,107.18,0.5159,-1,-1,-1
556,87,714.59,446.28,33.65,99.66,0.5957,-1,-1,-1
556,88,546.31,442.25,32.77,93.65,0.4540,-1,-1,-1
557,60,1560.92,407.20,263.48,661.74,0.6845,-1,-1,-1
557,42,1088.91,437.12,119.16,283.31,0.7479,-1,-1,-1
557,45,890.95,434.73,89.26,249.45,0.7572,-1,-1,-1
557,79,581.06,446.41,33.87,91.27,0.5234,-1,-1,-1
557,83,996.94,420.63,88.05,275.91,0.6698,-1,-1,-1
557,85,643.58,457.63,41.66,106.59,0.5424,-1,-1,-1
557,87,714.05,445.96,34.21,101.31,0.6253,-1,-1,-1
557,88,546.02,440.91,33.67,95.92,0.4754,-1,-1,-1
558,60,1560.67,405.22,288.90,667.80,0.8044,-1,-1,-1
558,42,1092.05,437.22,117.14,282.15,0.8019,-1,-1,-1
558,45,892.09,435.80,88.38,248.24,0.7481,-1,-1,-1
558,79,582.87,450.31,32.63,88.77,0.5480,-1,-1,-1
558,83,991.39,430.68,98.83,265.60,0.7064,-1,-1,-1
558,85,643.00,459.38,40.94,105.08,0.5469,-1,-1,-1
558,87,712.80,445.32,35.72,102.34,0.6486,-1,-1,-1
558,88,546.36,442.11,34.59,94.80,0.5020,-1,-1,-1
559,60,1561.63,405.28,295.16,665.84,0.8004,-1,-1,-1
559,42,1092.95,434.95,119.48,283.33,0.8026,-1,-1,-1
559,45,891.57,436.81,90.47,247.30,0.7451,-1,-1,-1
559,79,583.74,452.35,32.03,87.08,0.5576,-1,-1,-1
559,83,992.84,430.92,102.37,265.93,0.6419,-1,-1,-1
559,85,643.40,461.40,39.93,102.00,0.5365,-1,-1,-1
559,87,712.50,444.91,36.18,102.16,0.6461,-1,-1,-1
559,88,546.49,442.57,34.18,94.55,0.5172,-1,-1,-1
559,71,1747.61,400.10,174.05,578.15,0.3956,-1,-1,-1
560,60,1562.11,404.17,305.35,670.46,0.8598,-1,-1,-1
560,42,1097.23,435.52,116.06,282.04,0.7142,-1,-1,-1
560,45,891.04,435.75,92.44,247.17,0.7592,-1,-1,-1
560,79,584.28,453.51,31.57,86.01,0.5229,-1,-1,-1
560,83,997.37,424.88,104.48,271.72,0.6795,-1,-1,-1
560,85,643.25,460.93,37.73,101.15,0.5571,-1,-1,-1
560,87,712.85,444.97,36.02,101.90,0.6330,-1,-1,-1
560,88,547.51,444.91,32.84,92.46,0.5051,-1,-1,-1
560,71,1752.79,402.72,168.71,406.26,0.3130,-1,-1,-1
561,60,1565.70,403.06,289.46,669.75,0.7232,-1,-1,-1
561,42,1101.72,436.78,111.13,278.63,0.6600,-1,-1,-1
561,45,900.01,435.54,88.66,246.59,0.6559,-1,-1,-1
561,79,584.45,453.06,31.79,85.90,0.4891,-1,-1,-1
561,83,1000.26,423.58,110.23,273.03,0.6982,-1,-1,-1
561,85,642.45,458.76,36.32,102.88,0.5436,-1,-1,-1
561,87,712.21,445.75,37.13,101.74,0.6252,-1,-1,-1
561,88,548.52,442.66,32.18,94.55,0.5227,-1,-1,-1
561,71,1749.31,399.27,171.76,513.43,0.3759,-1,-1,-1
562,60,1569.25,404.83,301.41,669.57,0.8117,-1,-1,-1
562,42,1105.68,438.24,113.02,277.75,0.7008,-1,-1,-1
562,45,908.40,435.02,84.34,246.02,0.6977,-1,-1,-1
562,79,584.42,452.45,31.84,87.04,0.4987,-1,-1,-1
562,83,1000.91,419.60,112.61,276.68,0.6649,-1,-1,-1
562,85,642.75,458.51,35.45,102.68,0.5043,-1,-1,-1
562,87,713.78,448.24,35.95,99.10,0.5756,-1,-1,-1
562,88,548.74,441.26,33.37,95.98,0.4866,-1,-1,-1
562,71,1757.98,397.66,162.93,556.75,0.3114,-1,-1,-1
563,60,1573.57,405.07,316.28,669.84,0.8042,-1,-1,-1
563,42,1110.19,439.55,111.13,275.15,0.6916,-1,-1,-1
563,45,911.74,434.17,83.58,248.69,0.7009,-1,-1,-1
563,79,584.36,452.96,32.54,86.60,0.4489,-1,-1,-1
563,83,1000.07,419.26,117.59,277.09,0.6621,-1,-1,-1
563,85,642.12,457.96,34.46,102.83,0.5253,-1,-1,-1
563,87,714.39,448.97,36.89,98.69,0.5296,-1,-1,-1
563,88,548.69,441.07,34.46,95.48,0.4629,-1,-1,-1
563,71,1765.87,393.96,154.91,548.41,0.3416,-1,-1,-1
564,60,1580.82,402.70,325.40,669.49,0.8679,-1,-1,-1
564,42,1113.25,435.70,112.19,277.41,0.7004,-1,-1,-1
564,45,915.08,431.66,82.71,250.23,0.6336,-1,-1,-1
564,79,584.60,454.27,32.23,84.21,0.3943,-1,-1,-1
564,83,1002.47,425.43,117.70,269.93,0.6411,-1,-1,-1
564,85,641.97,457.39,34.72,103.60,0.4944,-1,-1,-1
564,87,715.47,448.98,36.04,98.42,0.5203,-1,-1,-1
564,88,548.53,441.59,34.82,94.68,0.3780,-1,-1,-1
564,71,1780.51,398.24,140.13,494.84,0.4057,-1,-1,-1
565,60,1587.30,400.44,313.88,668.31,0.7039,-1,-1,-1
565,42,1117.58,433.21,110.81,279.05,0.6435,-1,-1,-1
565,45,920.06,433.14,79.90,245.86,0.6351,-1,-1,-1
565,79,584.74,455.24,32.32,83.03,0.3990,-1,-1,-1
565,83,1000.94,429.69,122.11,265.10,0.6373,-1,-1,-1
565,85,641.84,456.48,35.33,104.49,0.5474,-1,-1,-1
565,87,716.22,449.12,35.69,97.45,0.5562,-1,-1,-1
565,88,548.43,441.79,34.38,94.28,0.4263,-1,-1,-1
565,71,1783.58,393.52,136.55,615.13,0.6217,-1,-1,-1
566,60,1601.33,399.32,306.31,670.55,0.7344,-1,-1,-1
566,42,1124.08,433.04,107.47,281.38,0.5411,-1,-1,-1
566,45,927.30,432.08,84.35,242.71,0.5396,-1,-1,-1
566,79,585.02,455.59,32.49,83.05,0.4354,-1,-1,-1
566,83,1003.99,435.15,122.30,261.22,0.6650,-1,-1,-1
566,85,641.47,454.78,35.59,106.52,0.5225,-1,-1,-1
566,87,716.96,449.53,35.49,97.06,0.5434,-1,-1,-1
566,88,548.60,442.22,34.09,93.84,0.4298,-1,-1,-1
566,71,1790.75,392.15,129.31,648.59,0.6378,-1,-1,-1
567,60,1620.94,399.81,289.12,669.19,0.8356,-1,-1,-1
567,42,1124.54,431.50,109.13,283.45,0.6361,-1,-1,-1
567,45,932.10,430.32,84.20,242.47,0.5117,-1,-1,-1
567,79,585.40,455.76,32.28,82.72,0.4653,-1,-1,-1
567,83,1005.48,440.53,126.34,257.12,0.6882,-1,-1,-1
567,85,641.18,454.60,34.58,106.47,0.4858,-1,-1,-1
567,87,717.73,449.23,35.43,97.72,0.5406,-1,-1,-1
567,88,548.84,442.33,33.76,93.88,0.4384,-1,-1,-1
567,71,1797.35,396.35,122.83,645.37,0.6306,-1,-1,-1
568,60,1642.88,400.42,267.92,668.88,0.8225,-1,-1,-1
568,42,1129.38,430.63,108.31,282.45,0.6108,-1,-1,-1
568,45,940.81,431.54,78.48,241.38,0.5363,-1,-1,-1
568,79,585.90,456.06,32.13,84.15,0.4904,-1,-1,-1
568,83,1004.98,432.34,136.12,267.06,0.6910,-1,-1,-1
568,85,641.14,455.61,32.80,105.00,0.4808,-1,-1,-1
568,87,718.15,448.60,36.95,99.14,0.5152,-1,-1,-1
568,88,548.48,441.04,35.16,95.84,0.4365,-1,-1,-1
568,71,1801.50,401.13,118.50,656.97,0.6111,-1,-1,-1
569,60,1655.69,400.59,243.31,671.74,0.8117,-1,-1,-1
569,42,1132.20,431.29,109.68,281.31,0.5301,-1,-1,-1
569,45,943.09,434.74,79.29,234.25,0.6690,-1,-1,-1
569,79,586.21,455.87,32.25,85.26,0.5297,-1,-1,-1
569,83,1006.28,432.80,139.03,267.39,0.7162,-1,-1,-1
569,85,641.22,455.46,33.26,104.56,0.5249,-1,-1,-1
569,87,718.35,448.45,37.18,99.84,0.5258,-1,-1,-1
569,88,548.49,442.21,35.49,95.47,0.4209,-1,-1,-1
569,71,1800.76,407.59,119.04,653.69,0.4546,-1,-1,-1
570,60,1662.77,402.01,236.26,670.24,0.7783,-1,-1,-1
570,42,1135.26,433.30,116.23,280.21,0.6419,-1,-1,-1
570,45,944.34,434.75,81.59,234.19,0.7113,-1,-1,-1
570,79,586.59,455.87,31.79,85.59,0.5236,-1,-1,-1
570,83,1007.02,433.08,138.90,267.38,0.7111,-1,-1,-1
570,85,640.00,455.26,32.42,104.45,0.5114,-1,-1,-1
570,87,718.10,447.06,37.76,102.07,0.5572,-1,-1,-1
570,88,548.87,442.70,35.62,95.84,0.4398,-1,-1,-1
570,71,1806.42,413.88,113.24,531.38,0.2617,-1,-1,-1
571,60,1667.92,401.56,246.65,671.38,0.8659,-1,-1,-1
571,42,1142.93,432.33,126.61,281.45,0.5986,-1,-1,-1
571,45,947.22,435.06,80.37,239.34,0.6902,-1,-1,-1
571,79,586.78,455.89,31.62,85.95,0.5250,-1,-1,-1
571,83,1010.39,428.26,134.58,270.92,0.7018,-1,-1,-1
571,85,638.88,456.22,30.84,104.23,0.4923,-1,-1,-1
571,87,717.58,445.95,39.06,102.77,0.6080,-1,-1,-1
571,88,549.45,447.24,35.94,91.85,0.4299,-1,-1,-1
571,71,1813.82,412.53,105.72,478.64,0.2268,-1,-1,-1
572,60,1672.09,401.98,247.00,670.88,0.8700,-1,-1,-1
572,42,1145.11,433.07,133.30,281.80,0.7603,-1,-1,-1
572,45,948.94,435.72,80.45,239.86,0.6855,-1,-1,-1
572,79,586.90,452.78,31.95,89.14,0.4942,-1,-1,-1
572,83,1012.31,430.75,131.43,268.13,0.6877,-1,-1,-1
572,85,637.73,456.70,31.94,103.01,0.5209,-1,-1,-1
572,87,717.54,444.87,40.03,104.46,0.6252,-1,-1,-1
572,88,549.44,442.20,37.15,97.40,0.4578,-1,-1,-1
572,71,1821.17,420.63,98.42,444.66,0.3003,-1,-1,-1
573,60,1676.17,402.42,244.87,668.95,0.8860,-1,-1,-1
573,42,1149.91,435.87,137.00,279.26,0.7015,-1,-1,-1
573,45,945.74,434.80,89.61,242.48,0.6388,-1,-1,-1
573,79,585.88,453.32,32.21,88.94,0.4887,-1,-1,-1
573,83,1015.99,430.47,126.47,266.04,0.6445,-1,-1,-1
573,85,636.82,456.76,30.81,102.63,0.5582,-1,-1,-1
573,87,718.11,445.13,40.27,104.81,0.5689,-1,-1,-1
573,88,550.41,449.14,35.46,90.91,0.4049,-1,-1,-1
573,71,1830.60,426.69,89.24,298.14,0.3981,-1,-1,-1
573,89,1110.38,430.43,47.46,146.14,0.3487,-1,-1,-1
574,60,1676.88,399.69,244.79,673.99,0.9003,-1,-1,-1
574,42,1151.05,437.48,140.92,278.05,0.7346,-1,-1,-1
574,45,951.26,434.88,101.61,247.70,0.6146,-1,-1,-1
574,79,585.03,454.63,33.04,88.17,0.3407,-1,-1,-1
574,83,1029.17,432.47,112.94,263.62,0.5440,-1,-1,-1
574,85,636.33,457.08,30.36,101.63,0.5462,-1,-1,-1
574,87,718.04,445.05,40.72,105.23,0.5538,-1,-1,-1
574,88,550.26,450.25,35.73,89.15,0.3871,-1,-1,-1
574,71,1837.07,430.14,82.77,255.47,0.3402,-1,-1,-1
574,89,1112.00,428.41,45.80,149.10,0.3575,-1,-1,-1
575,60,1677.14,398.28,244.59,676.30,0.9046,-1,-1,-1
575,42,1154.62,438.85,139.78,276.90,0.7004,-1,-1,-1
575,45,955.05,434.56,106.20,248.34,0.5753,-1,-1,-1
575,79,584.71,454.29,33.63,88.70,0.4281,-1,-1,-1
575,83,1037.02,427.76,104.41,268.59,0.5020,-1,-1,-1
575,85,635.60,456.31,30.54,102.23,0.5654,-1,-1,-1
575,87,718.04,445.35,40.60,104.80,0.5796,-1,-1,-1
575,88,550.50,450.12,35.21,88.76,0.3539,-1,-1,-1
575,71,1845.00,431.56,74.79,232.87,0.3096,-1,-1,-1
575,89,1113.24,425.66,43.98,151.86,0.2351,-1,-1,-1
576,60,1676.28,397.46,245.14,677.19,0.8990,-1,-1,-1
576,42,1157.76,438.17,138.12,277.53,0.7311,-1,-1,-1
576,45,956.45,434.20,111.14,248.34,0.6241,-1,-1,-1
576,79,585.31,454.22,33.19,88.79,0.4249,-1,-1,-1
576,83,1041.50,426.93,99.53,269.20,0.6168,-1,-1,-1
576,85,634.33,456.11,32.67,102.04,0.5207,-1,-1,-1
576,87,719.16,445.97,39.52,104.71,0.6061,-1,-1,-1
576,88,550.46,449.49,33.96,88.68,0.2928,-1,-1,-1
576,71,1854.77,432.06,65.06,213.35,0.4445,-1,-1,-1
577,60,1675.45,398.38,245.62,676.70,0.9090,-1,-1,-1
577,42,1157.76,436.89,138.35,278.66,0.7445,-1,-1,-1
577,45,957.89,434.05,112.01,247.23,0.6657,-1,-1,-1
577,79,585.16,453.07,33.52,90.35,0.3974,-1,-1,-1
577,83,1048.28,424.39,92.45,270.76,0.6272,-1,-1,-1
577,85,633.39,453.55,33.27,105.26,0.5255,-1,-1,-1
577,87,719.67,446.87,38.93,104.32,0.5856,-1,-1,-1
577,88,550.14,447.09,35.54,91.35,0.2891,-1,-1,-1
577,71,1857.34,429.79,62.56,203.16,0.2287,-1,-1,-1
578,60,1673.92,399.07,246.81,676.64,0.9063,-1,-1,-1
578,42,1159.22,434.55,134.11,280.37,0.7293,-1,-1,-1
578,45,958.82,438.64,104.17,237.50,0.7227,-1,-1,-1
578,79,584.42,451.77,34.31,92.09,0.3743,-1,-1,-1
578,83,1051.53,426.69,88.89,266.91,0.6190,-1,-1,-1
578,85,632.91,450.11,33.20,108.35,0.6220,-1,-1,-1
578,87,719.74,445.89,38.83,104.21,0.6293,-1,-1,-1
578,88,549.90,449.61,36.44,88.70,0.3215,-1,-1,-1
579,60,1673.37,400.32,247.27,676.10,0.8991,-1,-1,-1
579,42,1159.90,434.92,132.43,279.21,0.6916,-1,-1,-1
579,45,959.08,439.48,102.36,234.40,0.7531,-1,-1,-1
579,79,583.85,449.28,32.67,93.06,0.3514,-1,-1,-1
579,83,1055.65,431.65,86.07,262.89,0.6592,-1,-1,-1
579,85,632.40,448.49,33.06,110.02,0.5776,-1,-1,-1
579,87,720.35,446.80,38.59,104.20,0.5932,-1,-1,-1
579,88,549.09,444.93,37.69,93.22,0.3128,-1,-1,-1
580,60,1673.20,401.90,247.20,675.05,0.9084,-1,-1,-1
580,42,1158.93,440.12,133.65,275.12,0.7503,-1,-1,-1
580,45,959.68,437.47,102.10,236.77,0.7575,-1,-1,-1
580,79,584.44,448.79,31.50,92.74,0.3529,-1,-1,-1
580,83,1054.37,436.83,88.54,257.79,0.6683,-1,-1,-1
580,85,631.03,449.34,35.58,109.15,0.5582,-1,-1,-1
580,87,720.76,446.96,38.31,104.76,0.5716,-1,-1,-1
580,88,549.38,441.93,38.44,96.11,0.3505,-1,-1,-1
581,60,1673.09,402.43,247.13,674.86,0.9082,-1,-1,-1
581,42,1159.81,440.43,134.72,275.98,0.6988,-1,-1,-1
581,45,959.67,435.68,102.87,237.53,0.7611,-1,-1,-1
581,79,584.52,447.51,33.34,95.41,0.3908,-1,-1,-1
581,83,1055.80,438.78,92.54,256.19,0.6866,-1,-1,-1
581,85,630.68,452.66,36.40,105.57,0.5503,-1,-1,-1
581,87,721.01,447.19,38.35,104.24,0.5022,-1,-1,-1
581,88,548.99,436.93,40.33,101.39,0.3654,-1,-1,-1
582,60,1673.27,402.09,246.80,676.10,0.9088,-1,-1,-1
582,42,1180.65,439.65,116.99,275.51,0.6912,-1,-1,-1
582,45,957.95,435.77,109.86,236.85,0.7487,-1,-1,-1
582,79,584.45,446.89,33.95,96.23,0.4203,-1,-1,-1
582,83,1065.50,438.17,86.93,260.56,0.6234,-1,-1,-1
582,85,631.21,453.04,34.67,105.08,0.5111,-1,-1,-1
582,87,721.50,447.84,37.86,103.44,0.4971,-1,-1,-1
582,88,548.54,435.76,40.07,102.23,0.3783,-1,-1,-1
583,60,1674.25,399.43,245.63,679.06,0.9097,-1,-1,-1
583,42,1192.91,439.77,107.18,274.31,0.7225,-1,-1,-1
583,45,962.43,436.04,108.75,235.85,0.7285,-1,-1,-1
583,79,584.43,447.96,33.90,95.32,0.4673,-1,-1,-1
583,83,1076.67,434.51,78.72,263.64,0.6309,-1,-1,-1
583,85,631.06,453.66,34.19,104.45,0.4540,-1,-1,-1
583,87,721.22,446.66,38.76,103.63,0.5274,-1,-1,-1
583,88,549.17,438.26,38.95,99.50,0.4176,-1,-1,-1
584,60,1675.99,395.70,243.85,682.03,0.9116,-1,-1,-1
584,42,1201.81,440.62,99.96,271.93,0.7220,-1,-1,-1
584,45,966.15,436.75,107.38,235.98,0.7420,-1,-1,-1
584,79,584.81,447.80,33.56,95.72,0.4720,-1,-1,-1
584,83,1083.98,435.46,75.52,261.72,0.6624,-1,-1,-1
584,85,630.49,454.94,35.13,103.32,0.4307,-1,-1,-1
584,87,722.00,447.19,37.97,104.17,0.5305,-1,-1,-1
584,88,550.14,438.70,37.94,99.19,0.3977,-1,-1,-1
585,60,1677.71,394.52,242.18,682.84,0.8981,-1,-1,-1
585,42,1204.82,441.09,100.32,267.37,0.7484,-1,-1,-1
585,45,969.31,436.53,105.70,235.66,0.7616,-1,-1,-1
585,79,585.44,447.98,33.23,95.12,0.4598,-1,-1,-1
585,83,1087.79,438.90,74.84,257.22,0.6348,-1,-1,-1
585,85,628.40,452.07,36.58,105.90,0.3952,-1,-1,-1
585,87,722.81,447.14,37.73,103.47,0.5280,-1,-1,-1
585,88,550.23,438.62,38.40,99.33,0.4327,-1,-1,-1
586,60,1681.22,393.19,238.94,683.12,0.8962,-1,-1,-1
586,42,1212.29,438.21,100.46,272.17,0.7542,-1,-1,-1
586,45,976.14,440.46,100.82,233.28,0.7689,-1,-1,-1
586,79,585.01,445.39,34.61,98.11,0.4493,-1,-1,-1
586,83,1089.63,436.59,72.96,260.49,0.6900,-1,-1,-1
586,85,626.95,452.37,37.35,105.36,0.4268,-1,-1,-1
586,87,723.58,445.25,37.77,103.71,0.5442,-1,-1,-1
586,88,549.89,439.96,37.80,98.55,0.4356,-1,-1,-1
587,60,1684.96,390.03,235.26,685.58,0.8695,-1,-1,-1
587,42,1216.51,434.57,99.56,276.19,0.6136,-1,-1,-1
587,45,981.35,443.45,96.76,228.01,0.7385,-1,-1,-1
587,79,584.61,444.61,35.16,98.67,0.4196,-1,-1,-1
587,83,1090.74,429.96,73.37,267.37,0.7210,-1,-1,-1
587,85,625.55,452.27,38.25,105.53,0.4829,-1,-1,-1
587,87,724.32,444.39,37.50,104.70,0.5523,-1,-1,-1
587,88,550.09,441.02,37.29,98.13,0.4674,-1,-1,-1
587,90,665.19,452.71,32.95,101.25,0.3699,-1,-1,-1
588,60,1692.31,387.60,227.71,687.85,0.8556,-1,-1,-1
588,42,1215.36,434.52,102.55,277.66,0.7925,-1,-1,-1
588,45,987.83,445.47,91.13,223.87,0.7004,-1,-1,-1
588,79,584.03,445.45,35.78,98.62,0.4143,-1,-1,-1
588,83,1092.07,423.53,77.98,273.50,0.7357,-1,-1,-1
588,85,625.25,453.02,36.64,104.51,0.5080,-1,-1,-1
588,87,726.18,442.93,34.90,106.34,0.5568,-1,-1,-1
588,88,551.09,445.82,36.19,93.99,0.4326,-1,-1,-1
588,90,664.26,452.05,30.88,104.97,0.3579,-1,-1,-1
589,60,1700.57,390.17,219.23,683.63,0.7503,-1,-1,-1
589,42,1216.65,434.79,102.61,277.12,0.7780,-1,-1,-1
589,45,995.83,446.09,85.06,222.89,0.7049,-1,-1,-1
589,79,583.35,446.65,36.76,98.67,0.3779,-1,-1,-1
589,83,1092.99,420.54,86.16,276.31,0.7103,-1,-1,-1
589,85,624.73,452.02,35.94,105.63,0.5819,-1,-1,-1
589,87,725.06,443.26,36.40,106.26,0.5504,-1,-1,-1
589,88,551.00,447.05,36.61,93.50,0.4277,-1,-1,-1
589,90,663.71,450.82,30.94,108.11,0.4620,-1,-1,-1
589,38,1185.73,438.82,56.64,234.10,0.3399,-1,-1,-1
590,60,1711.74,410.19,207.93,663.57,0.7420,-1,-1,-1
590,42,1219.83,433.94,101.69,277.47,0.7845,-1,-1,-1
590,45,1005.22,446.98,79.18,221.39,0.7374,-1,-1,-1
590,79,583.94,448.05,36.00,97.89,0.3173,-1,-1,-1
590,83,1092.66,426.66,88.05,270.51,0.6573,-1,-1,-1
590,85,624.16,450.98,35.26,106.39,0.5152,-1,-1,-1
590,87,726.20,442.78,35.21,106.80,0.5676,-1,-1,-1
590,88,551.09,447.66,37.13,92.85,0.3676,-1,-1,-1
590,90,663.51,451.56,31.42,107.96,0.4667,-1,-1,-1
590,38,1185.57,437.67,58.42,238.36,0.3700,-1,-1,-1
591,60,1731.24,461.52,188.36,612.73,0.5598,-1,-1,-1
591,42,1222.93,434.36,103.81,276.87,0.7445,-1,-1,-1
591,45,1011.02,444.71,78.28,222.67,0.7132,-1,-1,-1
591,79,585.12,449.46,33.29,94.79,0.3405,-1,-1,-1
591,83,1091.52,418.64,92.24,278.04,0.6517,-1,-1,-1
591,85,623.99,449.67,34.00,107.88,0.5364,-1,-1,-1
591,87,727.36,442.56,33.59,107.14,0.5751,-1,-1,-1
591,88,550.82,445.01,37.57,95.22,0.3387,-1,-1,-1
591,90,663.37,451.71,32.13,108.17,0.5344,-1,-1,-1
591,38,1188.60,435.42,59.94,240.52,0.3291,-1,-1,-1
592,60,1753.22,490.25,166.22,582.56,0.6784,-1,-1,-1
592,42,1226.54,436.86,108.13,274.45,0.7288,-1,-1,-1
592,45,1013.09,443.91,77.60,222.07,0.7364,-1,-1,-1
592,79,585.51,450.16,32.22,93.45,0.3120,-1,-1,-1
592,83,1091.43,416.83,102.14,279.73,0.6761,-1,-1,-1
592,85,623.99,449.03,34.47,108.88,0.5153,-1,-1,-1
592,87,728.11,443.13,32.30,107.00,0.5665,-1,-1,-1
592,88,550.02,444.32,38.56,95.37,0.3230,-1,-1,-1
592,90,662.63,452.01,33.08,108.12,0.5617,-1,-1,-1
592,38,1190.48,434.09,59.94,239.13,0.2717,-1,-1,-1
593,60,1777.07,500.19,142.38,572.95,0.3894,-1,-1,-1
593,42,1230.95,439.26,110.44,273.65,0.7525,-1,-1,-1
593,45,1014.58,439.82,79.30,226.25,0.6584,-1,-1,-1
593,79,584.39,450.86,32.35,91.29,0.3165,-1,-1,-1
593,83,1092.14,413.44,101.35,282.94,0.6917,-1,-1,-1
593,85,623.21,449.23,35.85,108.57,0.4954,-1,-1,-1
593,87,728.29,443.40,32.74,107.39,0.5412,-1,-1,-1
593,88,550.60,446.39,35.78,93.09,0.3091,-1,-1,-1
593,90,661.67,451.85,33.90,108.18,0.5480,-1,-1,-1
593,38,1193.08,438.01,68.82,239.55,0.2480,-1,-1,-1
594,60,1809.96,520.45,109.49,557.23,0.3174,-1,-1,-1
594,42,1234.35,441.87,112.76,270.79,0.7833,-1,-1,-1
594,45,1020.66,436.68,76.87,228.98,0.6272,-1,-1,-1
594,79,584.08,451.35,32.39,90.54,0.3223,-1,-1,-1
594,83,1092.25,412.56,101.78,285.31,0.6997,-1,-1,-1
594,85,622.89,448.76,36.21,107.98,0.5040,-1,-1,-1
594,87,726.99,444.59,35.69,106.73,0.5126,-1,-1,-1
594,88,549.70,447.98,36.69,91.36,0.3501,-1,-1,-1
594,90,660.47,451.54,35.15,108.98,0.5314,-1,-1,-1
594,38,1192.22,438.06,74.86,240.59,0.3647,-1,-1,-1
595,42,1239.41,439.17,112.19,273.26,0.8187,-1,-1,-1
595,45,1023.15,436.19,76.04,228.81,0.6711,-1,-1,-1
595,79,581.66,451.02,34.47,90.50,0.2790,-1,-1,-1
595,83,1094.27,413.64,101.15,283.20,0.7179,-1,-1,-1
595,85,622.52,449.17,36.98,106.85,0.5525,-1,-1,-1
595,87,728.52,444.08,33.43,106.69,0.5410,-1,-1,-1
595,88,550.79,451.50,33.88,88.05,0.2710,-1,-1,-1
595,90,660.49,452.31,35.15,108.53,0.4744,-1,-1,-1
595,38,1190.28,440.49,75.24,239.00,0.4697,-1,-1,-1
596,42,1242.53,437.42,112.90,275.32,0.8095,-1,-1,-1
596,45,1024.88,440.07,76.57,224.72,0.7102,-1,-1,-1
596,79,581.76,450.33,34.16,91.23,0.3121,-1,-1,-1
596,83,1095.80,418.95,100.45,278.89,0.7373,-1,-1,-1
596,85,623.04,450.08,36.94,104.91,0.5693,-1,-1,-1
596,87,727.06,445.13,35.88,105.55,0.5615,-1,-1,-1
596,88,551.38,451.42,32.67,88.58,0.2982,-1,-1,-1
596,90,660.73,453.75,35.18,107.11,0.4561,-1,-1,-1
596,38,1190.76,441.77,76.34,238.85,0.5269,-1,-1,-1
597,42,1244.55,437.64,113.12,275.69,0.8033,-1,-1,-1
597,45,1026.35,441.77,76.62,223.90,0.7389,-1,-1,-1
597,79,582.36,451.54,32.90,89.99,0.2985,-1,-1,-1
597,83,1097.54,422.10,98.43,275.91,0.7591,-1,-1,-1
597,85,623.71,451.70,35.49,103.25,0.5128,-1,-1,-1
597,87,726.23,445.09,37.58,106.47,0.6070,-1,-1,-1
597,88,550.55,452.38,34.86,87.81,0.3088,-1,-1,-1
597,90,659.81,453.97,37.76,106.94,0.4251,-1,-1,-1
597,38,1191.31,454.63,77.05,227.43,0.5317,-1,-1,-1
598,42,1248.07,437.69,111.21,275.57,0.8136,-1,-1,-1
598,45,1026.51,441.73,79.37,224.42,0.7391,-1,-1,-1
598,79,583.47,451.65,32.42,89.35,0.3397,-1,-1,-1
598,83,1099.10,427.41,98.03,270.22,0.7212,-1,-1,-1
598,85,624.44,453.12,33.67,101.77,0.4817,-1,-1,-1
598,87,725.89,445.40,38.54,107.39,0.5875,-1,-1,-1
598,88,550.44,450.70,34.70,89.23,0.3664,-1,-1,-1
598,90,659.04,455.67,37.11,105.20,0.4315,-1,-1,-1
598,38,1192.97,451.93,76.84,230.78,0.5217,-1,-1,-1
599,42,1252.34,437.24,107.72,275.81,0.7811,-1,-1,-1
599,45,1027.55,442.21,85.05,224.69,0.7390,-1,-1,-1
599,79,583.46,452.60,33.70,90.33,0.3280,-1,-1,-1
599,83,1101.66,430.55,97.22,265.59,0.7001,-1,-1,-1
599,85,624.64,454.24,33.48,100.86,0.4792,-1,-1,-1
599,87,726.42,445.89,37.76,106.52,0.5702,-1,-1,-1
599,88,551.23,449.56,33.41,90.39,0.3356,-1,-1,-1
599,90,657.73,455.06,39.46,105.90,0.4082,-1,-1,-1
599,38,1191.32,443.78,79.13,239.04,0.5727,-1,-1,-1
599,93,378.25,467.31,47.76,109.13,0.3767,-1,-1,-1
600,42,1256.30,437.17,104.88,275.83,0.8178,-1,-1,-1
600,45,1028.49,441.86,88.08,223.94,0.7547,-1,-1,-1
600,79,583.34,455.99,32.77,85.69,0.3145,-1,-1,-1
600,83,1106.74,431.04,94.14,263.56,0.7026,-1,-1,-1
600,85,624.88,454.95,33.13,100.85,0.5052,-1,-1,-1
600,87,726.48,444.66,37.21,108.09,0.5853,-1,-1,-1
600,88,550.81,451.77,35.92,88.44,0.3185,-1,-1,-1
600,90,657.07,455.60,39.72,105.34,0.3589,-1,-1,-1
600,38,1196.94,447.23,73.58,228.91,0.6025,-1,-1,-1
600,93,378.91,465.15,46.28,111.64,0.3490,-1,-1,-1
