1,1,0.00,8.84,351.23,1061.85,0.9275,-1,-1,-1
1,2,874.75,152.63,238.77,626.84,0.8142,-1,-1,-1
1,3,546.17,271.39,94.46,315.83,0.8119,-1,-1,-1
1,4,404.01,277.97,107.40,319.41,0.8106,-1,-1,-1
2,1,-2.73,6.47,351.86,1064.19,0.9308,-1,-1,-1
2,2,868.25,149.13,239.43,628.84,0.8053,-1,-1,-1
2,3,542.48,266.95,96.20,321.71,0.8087,-1,-1,-1
2,4,399.62,274.70,108.06,321.20,0.8139,-1,-1,-1
3,1,-5.05,5.25,351.05,1062.82,0.9292,-1,-1,-1
3,2,860.37,151.71,238.59,627.62,0.8284,-1,-1,-1
3,3,537.24,265.87,97.62,326.52,0.8045,-1,-1,-1
3,4,392.05,274.36,108.49,322.49,0.8448,-1,-1,-1
4,1,-10.66,3.63,349.71,1061.71,0.9252,-1,-1,-1
4,2,859.12,152.96,238.18,628.71,0.8343,-1,-1,-1
4,3,531.56,264.82,98.27,329.00,0.8075,-1,-1,-1
4,4,383.49,271.34,110.10,327.06,0.8421,-1,-1,-1
4,5,1043.19,292.77,94.07,342.32,0.5791,-1,-1,-1
5,1,-17.39,3.18,348.09,1062.44,0.9159,-1,-1,-1
5,2,860.96,152.08,239.26,635.97,0.8185,-1,-1,-1
5,3,525.72,262.54,99.66,334.00,0.8088,-1,-1,-1
5,4,376.81,265.62,111.59,331.55,0.8344,-1,-1,-1
5,5,1043.50,292.30,94.06,343.17,0.5788,-1,-1,-1
6,1,-24.40,16.08,342.98,1055.88,0.8778,-1,-1,-1
6,2,865.29,151.21,234.46,628.50,0.8031,-1,-1,-1
6,3,520.89,262.00,100.32,335.85,0.7974,-1,-1,-1
6,4,371.50,262.14,112.54,334.69,0.8304,-1,-1,-1
6,5,1040.93,293.24,94.02,344.36,0.5861,-1,-1,-1
7,1,-24.72,61.36,324.86,1009.55,0.9035,-1,-1,-1
7,2,870.39,152.69,229.60,622.08,0.8163,-1,-1,-1
7,3,515.22,259.52,102.57,343.61,0.7801,-1,-1,-1
7,4,364.09,260.34,113.75,338.15,0.8226,-1,-1,-1
7,5,1037.01,296.08,94.08,345.87,0.6037,-1,-1,-1
8,1,-26.69,84.16,313.77,986.73,0.8960,-1,-1,-1
8,2,870.83,152.58,228.59,626.42,0.7931,-1,-1,-1
8,3,510.54,261.62,103.16,345.98,0.8153,-1,-1,-1
8,4,355.70,259.36,115.33,342.02,0.8266,-1,-1,-1
8,5,1034.56,299.08,93.90,346.17,0.6755,-1,-1,-1
8,6,861.07,263.24,78.42,300.24,0.5863,-1,-1,-1
9,1,-37.14,99.01,303.31,973.06,0.8637,-1,-1,-1
9,2,869.42,153.89,225.68,625.99,0.7894,-1,-1,-1
9,3,506.64,261.90,102.92,344.92,0.8361,-1,-1,-1
9,4,349.80,259.78,116.25,343.86,0.8186,-1,-1,-1
9,5,1032.13,302.91,93.82,347.85,0.6626,-1,-1,-1
9,6,859.91,263.38,78.45,300.80,0.5885,-1,-1,-1
9,7,720.16,321.18,42.53,130.95,0.5794,-1,-1,-1
10,1,-42.21,107.17,292.69,961.53,0.7268,-1,-1,-1
10,2,865.94,156.50,222.41,623.79,0.8160,-1,-1,-1
10,3,501.51,263.70,103.94,347.41,0.8257,-1,-1,-1
10,4,345.10,258.90,117.23,346.96,0.8080,-1,-1,-1
10,5,1030.69,301.47,94.17,352.16,0.7006,-1,-1,-1
10,6,858.74,261.05,78.99,303.58,0.5663,-1,-1,-1
10,7,719.72,324.01,42.58,131.21,0.5865,-1,-1,-1
11,1,-50.30,111.87,281.75,955.06,0.7330,-1,-1,-1
11,2,863.07,156.58,221.44,628.95,0.8168,-1,-1,-1
11,3,495.20,262.31,105.87,352.83,0.8230,-1,-1,-1
11,4,338.85,260.71,118.26,349.16,0.7896,-1,-1,-1
11,5,1028.78,297.91,94.42,358.62,0.6632,-1,-1,-1
11,6,858.22,273.84,75.91,292.93,0.5334,-1,-1,-1
11,7,718.11,326.31,41.95,129.57,0.5187,-1,-1,-1
12,1,-29.80,117.71,221.42,762.47,0.7883,-1,-1,-1
12,2,856.65,158.08,219.92,631.94,0.8355,-1,-1,-1
12,3,491.14,259.14,107.64,358.01,0.7970,-1,-1,-1
12,4,330.25,263.40,119.98,351.79,0.8275,-1,-1,-1
12,5,1026.52,297.28,93.57,361.69,0.6770,-1,-1,-1
12,6,856.52,249.55,81.29,316.56,0.3899,-1,-1,-1
12,7,717.39,327.65,42.52,131.45,0.5498,-1,-1,-1
12,9,776.86,320.14,47.07,134.06,0.5497,-1,-1,-1
13,1,-19.10,138.35,179.17,626.92,0.8206,-1,-1,-1
13,2,851.41,156.38,219.96,637.72,0.8253,-1,-1,-1
13,3,485.33,256.23,109.26,361.86,0.8272,-1,-1,-1
13,4,323.68,264.12,122.44,355.79,0.8304,-1,-1,-1
13,5,1026.66,299.54,90.73,355.62,0.6955,-1,-1,-1
13,6,856.94,245.82,80.45,316.58,0.2623,-1,-1,-1
13,7,716.04,328.36,42.82,132.75,0.4859,-1,-1,-1
13,9,775.23,321.29,47.02,133.65,0.5424,-1,-1,-1
14,1,-21.50,174.20,161.56,579.94,0.8183,-1,-1,-1
14,2,845.58,154.19,220.23,643.05,0.7865,-1,-1,-1
14,3,480.95,255.01,110.53,364.64,0.8363,-1,-1,-1
14,4,318.39,265.69,124.55,358.93,0.8352,-1,-1,-1
14,5,1025.45,293.96,90.08,358.26,0.6848,-1,-1,-1
14,6,860.87,275.20,72.13,285.88,0.1845,-1,-1,-1
14,7,715.41,328.15,43.14,133.49,0.5340,-1,-1,-1
14,9,773.91,323.66,45.82,130.13,0.5630,-1,-1,-1
15,1,-29.11,230.56,145.36,543.24,0.5556,-1,-1,-1
15,2,838.24,153.59,218.48,639.72,0.7980,-1,-1,-1
15,3,478.37,256.15,111.02,363.23,0.8392,-1,-1,-1
15,4,316.61,268.31,125.56,360.31,0.8286,-1,-1,-1
15,5,1022.91,285.94,91.34,367.68,0.6674,-1,-1,-1
15,7,715.41,330.19,42.65,131.12,0.5303,-1,-1,-1
15,9,773.24,323.12,45.61,129.37,0.5427,-1,-1,-1
16,2,834.48,153.47,218.44,640.52,0.8022,-1,-1,-1
16,3,476.37,256.08,112.92,366.23,0.8446,-1,-1,-1
16,4,312.53,269.20,127.92,365.31,0.8397,-1,-1,-1
16,5,1021.11,278.12,92.67,376.66,0.6330,-1,-1,-1
16,7,715.07,330.85,42.70,130.70,0.5309,-1,-1,-1
16,9,772.84,323.53,45.65,128.92,0.5744,-1,-1,-1
17,2,833.15,154.51,219.12,642.87,0.8271,-1,-1,-1
17,3,474.76,257.73,114.31,367.88,0.8426,-1,-1,-1
17,4,309.74,273.28,129.17,367.84,0.8501,-1,-1,-1
17,5,1020.23,275.65,92.81,378.51,0.6612,-1,-1,-1
17,7,714.28,330.44,44.11,134.54,0.5725,-1,-1,-1
17,9,772.90,325.23,46.04,129.08,0.5934,-1,-1,-1
18,2,832.58,157.15,221.26,651.77,0.8573,-1,-1,-1
18,3,472.67,258.60,116.90,373.16,0.8378,-1,-1,-1
18,4,309.48,276.98,130.03,369.86,0.8303,-1,-1,-1
18,5,1017.74,260.89,95.44,391.92,0.6973,-1,-1,-1
18,7,714.67,332.52,44.66,135.82,0.4784,-1,-1,-1
18,9,771.97,319.21,49.79,139.87,0.4272,-1,-1,-1
19,2,833.00,158.98,220.87,657.14,0.8588,-1,-1,-1
19,3,471.33,262.57,119.61,378.33,0.8214,-1,-1,-1
19,4,302.03,279.95,133.86,377.06,0.8301,-1,-1,-1
19,5,1014.18,256.00,96.81,397.87,0.7191,-1,-1,-1
19,7,715.31,336.87,45.34,137.94,0.4881,-1,-1,-1
19,9,773.83,329.25,47.72,133.14,0.5105,-1,-1,-1
20,2,834.41,165.23,218.19,656.23,0.8634,-1,-1,-1
20,3,471.49,269.50,121.00,379.92,0.8269,-1,-1,-1
20,4,300.75,285.21,135.73,379.42,0.8286,-1,-1,-1
20,5,1011.15,250.68,99.19,407.75,0.7665,-1,-1,-1
20,7,716.02,341.38,45.69,139.86,0.5284,-1,-1,-1
20,9,774.70,333.43,47.66,132.04,0.5668,-1,-1,-1
21,2,842.94,168.79,215.38,657.31,0.8510,-1,-1,-1
21,3,473.91,272.58,124.19,387.03,0.8126,-1,-1,-1
21,4,304.04,287.12,137.97,383.86,0.8443,-1,-1,-1
21,5,1015.94,248.89,101.37,414.18,0.8080,-1,-1,-1
21,7,723.31,345.27,39.14,118.85,0.2311,-1,-1,-1
21,9,777.06,335.15,48.46,131.76,0.3783,-1,-1,-1
22,2,859.88,169.03,213.57,659.92,0.8537,-1,-1,-1
22,3,488.34,275.51,125.54,390.61,0.8249,-1,-1,-1
22,4,317.29,288.43,139.39,386.62,0.8279,-1,-1,-1
22,5,1027.52,249.55,102.92,418.48,0.7957,-1,-1,-1
22,9,791.87,339.55,49.83,135.11,0.5639,-1,-1,-1
23,2,868.28,170.73,212.45,663.49,0.8619,-1,-1,-1
23,3,501.68,280.13,126.63,393.36,0.8268,-1,-1,-1
23,4,328.04,290.99,140.25,387.55,0.8290,-1,-1,-1
23,5,1038.49,252.13,104.71,421.93,0.8008,-1,-1,-1
24,2,873.45,172.98,211.74,663.84,0.8683,-1,-1,-1
24,3,513.08,284.13,127.96,396.52,0.8446,-1,-1,-1
24,4,338.88,293.04,141.95,390.97,0.8330,-1,-1,-1
24,5,1049.26,255.44,105.64,418.88,0.8175,-1,-1,-1
24,7,717.87,365.69,41.20,125.00,0.5327,-1,-1,-1
25,2,874.67,173.68,210.88,660.86,0.8634,-1,-1,-1
25,3,521.75,285.18,130.54,403.35,0.8442,-1,-1,-1
25,4,350.90,294.76,141.92,389.90,0.8320,-1,-1,-1
25,5,1060.57,257.43,107.48,419.43,0.8357,-1,-1,-1
25,7,726.15,368.38,42.08,128.77,0.4551,-1,-1,-1
26,2,880.70,174.61,210.34,656.48,0.8693,-1,-1,-1
26,3,534.89,292.06,131.07,405.09,0.7980,-1,-1,-1
26,4,362.97,295.73,144.33,394.75,0.8537,-1,-1,-1
26,5,1072.61,260.42,110.74,422.36,0.8313,-1,-1,-1
27,2,885.91,176.78,212.12,656.93,0.8629,-1,-1,-1
27,3,548.78,293.70,132.91,410.95,0.8311,-1,-1,-1
27,4,376.43,299.09,145.09,397.21,0.8407,-1,-1,-1
27,5,1088.37,265.16,112.84,419.83,0.8299,-1,-1,-1
28,2,891.20,183.14,214.55,657.99,0.8748,-1,-1,-1
28,3,558.77,298.71,133.54,413.46,0.8466,-1,-1,-1
28,4,384.37,304.71,146.03,399.03,0.8609,-1,-1,-1
28,5,1097.13,271.79,114.97,418.14,0.8360,-1,-1,-1
29,2,889.78,189.86,215.85,659.35,0.8794,-1,-1,-1
29,3,564.14,300.29,134.67,417.18,0.8639,-1,-1,-1
29,4,389.31,308.90,147.25,404.16,0.8420,-1,-1,-1
29,5,1102.43,277.30,119.63,426.55,0.8126,-1,-1,-1
29,9,815.40,367.50,52.37,144.85,0.5043,-1,-1,-1
30,2,891.57,195.15,217.12,660.78,0.8921,-1,-1,-1
30,3,569.34,300.58,135.21,417.82,0.8519,-1,-1,-1
30,4,394.22,312.14,149.12,410.82,0.8393,-1,-1,-1
30,5,1109.72,280.73,123.83,431.58,0.8322,-1,-1,-1
30,9,823.36,370.92,51.34,142.57,0.4914,-1,-1,-1
31,2,892.75,200.65,219.06,664.07,0.8832,-1,-1,-1
31,3,573.71,302.05,136.00,420.08,0.8356,-1,-1,-1
31,4,397.81,317.26,150.75,417.09,0.8435,-1,-1,-1
31,5,1114.92,284.30,127.66,435.34,0.8543,-1,-1,-1
31,9,832.17,378.13,49.47,139.61,0.5144,-1,-1,-1
32,2,894.81,207.65,221.35,667.76,0.8842,-1,-1,-1
32,3,576.86,304.65,137.94,427.50,0.8521,-1,-1,-1
32,4,400.37,322.58,150.95,419.10,0.8572,-1,-1,-1
32,5,1117.61,289.04,129.84,433.30,0.8579,-1,-1,-1
32,9,836.83,380.72,50.27,144.82,0.5931,-1,-1,-1
33,2,898.24,212.60,223.01,669.64,0.8824,-1,-1,-1
33,3,581.03,307.25,139.13,431.10,0.8464,-1,-1,-1
33,4,403.56,328.18,150.96,419.55,0.8586,-1,-1,-1
33,5,1121.66,296.81,132.54,431.27,0.8555,-1,-1,-1
33,9,842.72,387.31,49.74,144.98,0.5298,-1,-1,-1
34,2,901.87,219.05,225.52,672.23,0.8748,-1,-1,-1
34,3,584.42,309.15,139.66,434.06,0.8413,-1,-1,-1
34,4,401.40,332.53,152.77,425.58,0.8417,-1,-1,-1
34,5,1124.14,301.70,134.08,425.79,0.8548,-1,-1,-1
34,9,846.63,392.13,50.15,146.84,0.5584,-1,-1,-1
35,2,905.36,226.28,227.53,675.96,0.8777,-1,-1,-1
35,3,587.49,313.04,140.69,439.05,0.8296,-1,-1,-1
35,4,398.57,336.37,155.12,433.32,0.8269,-1,-1,-1
35,5,1126.53,305.90,135.91,421.47,0.8458,-1,-1,-1
35,9,849.64,396.68,49.94,146.58,0.5385,-1,-1,-1
36,2,907.75,232.78,228.46,677.98,0.8840,-1,-1,-1
36,3,590.57,318.51,141.87,442.77,0.8214,-1,-1,-1
36,4,393.83,340.43,156.77,439.37,0.8543,-1,-1,-1
36,5,1127.59,310.63,137.90,419.70,0.8510,-1,-1,-1
36,9,856.18,405.64,47.38,139.15,0.2911,-1,-1,-1
37,2,908.48,240.95,228.72,677.58,0.8903,-1,-1,-1
37,3,591.40,322.41,142.27,446.65,0.8043,-1,-1,-1
37,4,388.03,343.31,158.07,445.91,0.8666,-1,-1,-1
37,5,1129.41,315.19,141.42,424.05,0.8439,-1,-1,-1
37,9,860.53,413.15,45.47,134.27,0.4539,-1,-1,-1
38,2,912.10,247.49,228.50,677.46,0.8889,-1,-1,-1
38,3,592.32,327.74,142.67,450.42,0.8258,-1,-1,-1
38,4,382.11,346.51,158.34,447.89,0.8690,-1,-1,-1
38,5,1130.38,320.43,142.93,422.10,0.8462,-1,-1,-1
38,9,863.46,417.28,45.33,135.67,0.6136,-1,-1,-1
39,2,917.62,254.05,228.07,679.07,0.8845,-1,-1,-1
39,3,590.76,332.36,144.78,459.19,0.8166,-1,-1,-1
39,4,377.45,350.38,159.79,452.75,0.8805,-1,-1,-1
39,5,1131.93,326.84,145.79,427.17,0.8541,-1,-1,-1
39,9,864.67,423.88,44.90,134.70,0.5075,-1,-1,-1
40,2,921.01,257.25,228.44,684.67,0.8764,-1,-1,-1
40,3,587.23,341.30,147.09,467.10,0.7966,-1,-1,-1
40,4,372.91,355.26,160.81,455.98,0.8741,-1,-1,-1
40,5,1133.58,333.86,148.06,431.18,0.8541,-1,-1,-1
40,9,864.38,427.51,47.79,143.62,0.5473,-1,-1,-1
41,2,921.61,259.89,226.60,683.75,0.8803,-1,-1,-1
41,3,583.24,343.42,148.84,473.83,0.8019,-1,-1,-1
41,4,363.76,356.57,162.55,458.82,0.8625,-1,-1,-1
41,5,1136.42,338.88,148.40,430.77,0.8500,-1,-1,-1
41,9,864.28,432.73,48.14,144.76,0.4798,-1,-1,-1
42,2,924.64,265.56,222.80,676.77,0.8821,-1,-1,-1
42,3,579.12,347.40,150.64,479.93,0.7106,-1,-1,-1
42,4,352.55,358.04,165.65,465.17,0.8716,-1,-1,-1
42,5,1137.20,346.48,147.99,429.04,0.8558,-1,-1,-1
42,9,863.78,436.34,48.44,146.51,0.4655,-1,-1,-1
43,2,926.51,272.30,217.57,665.72,0.8820,-1,-1,-1
43,3,572.73,352.00,150.61,482.47,0.8055,-1,-1,-1
43,4,340.56,362.74,168.38,470.08,0.8482,-1,-1,-1
43,5,1135.22,353.03,148.53,429.68,0.8571,-1,-1,-1
43,9,862.32,441.69,46.17,139.13,0.3506,-1,-1,-1
44,2,926.28,278.84,214.31,660.21,0.8857,-1,-1,-1
44,3,565.71,356.65,151.94,490.34,0.8118,-1,-1,-1
44,4,326.87,366.30,171.88,476.48,0.8580,-1,-1,-1
44,5,1133.11,361.33,147.78,425.92,0.8563,-1,-1,-1
44,9,857.48,443.71,47.87,145.21,0.3886,-1,-1,-1
45,2,924.67,284.41,212.74,660.05,0.8876,-1,-1,-1
45,3,558.20,361.35,153.29,499.78,0.8245,-1,-1,-1
45,4,313.29,371.12,176.75,486.64,0.8454,-1,-1,-1
45,5,1128.85,368.00,148.20,426.42,0.8407,-1,-1,-1
45,9,851.59,449.54,48.39,146.37,0.4302,-1,-1,-1
46,2,920.88,292.35,212.61,664.61,0.8866,-1,-1,-1
46,3,551.19,364.59,154.07,506.97,0.8211,-1,-1,-1
46,4,299.61,377.64,182.06,499.74,0.8412,-1,-1,-1
46,5,1124.43,375.70,149.93,431.61,0.8510,-1,-1,-1
46,9,848.25,456.17,48.89,147.44,0.4777,-1,-1,-1
47,2,916.02,301.45,211.93,668.29,0.8781,-1,-1,-1
47,3,544.09,369.55,154.96,513.34,0.8248,-1,-1,-1
47,4,281.71,382.78,189.30,516.45,0.8436,-1,-1,-1
47,5,1118.89,381.92,150.30,433.95,0.8358,-1,-1,-1
47,9,846.06,467.92,46.47,138.65,0.3348,-1,-1,-1
48,2,910.35,309.10,212.69,676.43,0.8774,-1,-1,-1
48,3,533.39,372.57,157.26,523.04,0.8577,-1,-1,-1
48,4,266.38,390.97,194.45,527.28,0.8569,-1,-1,-1
48,5,1112.02,389.25,149.62,435.41,0.8321,-1,-1,-1
48,9,839.60,469.07,49.50,148.84,0.6836,-1,-1,-1
49,2,903.12,318.32,212.61,682.44,0.8784,-1,-1,-1
49,3,524.75,376.55,159.14,531.18,0.8508,-1,-1,-1
49,4,250.44,398.10,198.53,534.49,0.8719,-1,-1,-1
49,5,1106.46,395.33,149.31,435.08,0.8529,-1,-1,-1
49,9,834.23,473.08,50.13,150.77,0.4990,-1,-1,-1
50,2,897.53,327.15,211.25,684.15,0.8773,-1,-1,-1
50,3,518.75,382.37,160.49,537.59,0.8387,-1,-1,-1
50,4,237.24,405.37,198.83,528.63,0.8354,-1,-1,-1
50,5,1099.34,400.12,149.78,438.75,0.8537,-1,-1,-1
50,9,825.77,477.01,51.13,153.74,0.5773,-1,-1,-1
51,2,891.53,335.11,209.68,685.67,0.8694,-1,-1,-1
51,3,510.11,385.96,162.03,544.53,0.8470,-1,-1,-1
51,4,222.64,412.19,199.51,523.13,0.8440,-1,-1,-1
51,5,1094.51,404.08,149.68,439.81,0.8682,-1,-1,-1
51,9,819.79,480.65,52.23,155.81,0.5900,-1,-1,-1
52,2,886.29,342.33,207.68,685.32,0.8758,-1,-1,-1
52,3,502.20,388.72,162.70,547.47,0.8374,-1,-1,-1
52,4,205.06,417.11,210.46,548.77,0.8292,-1,-1,-1
52,5,1090.84,406.04,150.12,442.36,0.8646,-1,-1,-1
52,9,815.59,489.64,50.15,147.53,0.3281,-1,-1,-1
53,2,881.90,348.49,205.45,683.04,0.8783,-1,-1,-1
53,3,494.98,394.97,163.59,550.67,0.8404,-1,-1,-1
53,4,190.09,420.57,216.26,563.17,0.8704,-1,-1,-1
53,5,1086.35,409.34,150.88,443.35,0.8650,-1,-1,-1
53,9,812.41,492.87,50.32,147.21,0.6580,-1,-1,-1
54,2,877.94,352.07,203.70,680.48,0.8833,-1,-1,-1
54,3,486.87,396.87,166.16,557.69,0.8509,-1,-1,-1
54,4,177.68,422.36,220.54,573.37,0.8822,-1,-1,-1
54,5,1081.89,410.94,152.45,445.61,0.8712,-1,-1,-1
54,9,811.82,494.68,48.67,141.44,0.5959,-1,-1,-1
55,2,871.56,352.22,203.08,680.10,0.8837,-1,-1,-1
55,3,480.39,398.11,169.35,565.05,0.8581,-1,-1,-1
55,4,166.67,421.62,224.08,582.83,0.8952,-1,-1,-1
55,5,1078.63,412.14,153.52,445.76,0.8757,-1,-1,-1
55,9,809.06,494.66,49.48,142.84,0.4670,-1,-1,-1
55,7,749.30,508.22,47.28,140.04,0.5130,-1,-1,-1
56,2,866.54,351.42,203.16,682.49,0.8791,-1,-1,-1
56,3,475.27,399.91,173.79,576.19,0.8728,-1,-1,-1
56,4,156.14,420.45,227.43,593.18,0.8826,-1,-1,-1
56,5,1079.15,413.55,153.30,442.13,0.8745,-1,-1,-1
56,9,806.04,494.89,52.05,150.32,0.4622,-1,-1,-1
56,7,747.69,513.17,47.02,138.79,0.2187,-1,-1,-1
57,2,860.71,350.70,203.85,686.08,0.8751,-1,-1,-1
57,3,469.37,402.86,179.03,589.45,0.8757,-1,-1,-1
57,4,144.78,420.42,229.98,600.96,0.8887,-1,-1,-1
57,5,1078.91,415.37,153.59,439.33,0.8674,-1,-1,-1
57,9,804.98,498.55,53.09,153.55,0.3716,-1,-1,-1
57,7,747.25,523.11,44.60,129.45,0.3010,-1,-1,-1
58,2,857.41,349.90,202.42,680.14,0.8682,-1,-1,-1
58,3,463.54,401.18,184.87,605.15,0.8813,-1,-1,-1
58,4,135.34,419.44,233.25,610.91,0.8760,-1,-1,-1
58,5,1075.90,414.15,156.24,443.56,0.8718,-1,-1,-1
58,9,806.36,505.61,51.13,147.32,0.2948,-1,-1,-1
58,7,746.84,521.30,44.01,128.75,0.2479,-1,-1,-1
59,2,849.62,347.24,201.00,671.82,0.8826,-1,-1,-1
59,3,456.09,396.91,189.84,620.61,0.8828,-1,-1,-1
59,4,125.67,418.58,235.75,617.72,0.8969,-1,-1,-1
59,5,1074.80,415.54,156.95,441.70,0.8702,-1,-1,-1
59,9,803.15,505.00,50.90,146.22,0.3335,-1,-1,-1
59,7,745.64,518.25,41.83,123.07,0.3157,-1,-1,-1
60,2,842.59,346.94,200.73,666.95,0.8873,-1,-1,-1
60,3,451.89,398.10,191.41,625.81,0.8772,-1,-1,-1
60,4,115.10,417.70,238.15,623.57,0.9068,-1,-1,-1
60,5,1072.96,416.20,158.81,442.52,0.8683,-1,-1,-1
60,9,800.77,501.62,49.99,142.28,0.3745,-1,-1,-1
60,7,744.18,517.99,41.63,118.57,0.2687,-1,-1,-1
61,2,833.49,347.31,202.94,667.44,0.8888,-1,-1,-1
61,3,445.36,399.72,194.48,636.28,0.8642,-1,-1,-1
61,4,105.08,417.01,241.52,632.24,0.9052,-1,-1,-1
61,5,1071.22,417.23,160.75,443.08,0.8657,-1,-1,-1
61,9,799.31,500.18,49.76,140.43,0.4122,-1,-1,-1
61,7,740.11,518.72,43.77,118.86,0.2882,-1,-1,-1
62,2,828.90,347.17,205.32,667.74,0.8799,-1,-1,-1
62,3,442.72,399.28,196.50,644.00,0.8512,-1,-1,-1
62,4,95.64,414.22,248.24,651.76,0.9003,-1,-1,-1
62,5,1072.02,416.83,162.47,442.83,0.8628,-1,-1,-1
62,9,797.43,497.73,50.46,141.90,0.3428,-1,-1,-1
62,7,738.93,520.03,44.59,117.63,0.2740,-1,-1,-1
63,2,825.56,344.38,208.41,672.37,0.8811,-1,-1,-1
63,3,440.68,395.84,198.81,651.57,0.8613,-1,-1,-1
63,4,88.49,409.43,252.55,668.00,0.8923,-1,-1,-1
63,5,1074.26,415.81,164.56,442.93,0.8706,-1,-1,-1
63,7,739.48,527.00,43.59,113.18,0.1647,-1,-1,-1
64,2,823.59,342.58,210.59,675.90,0.8783,-1,-1,-1
64,3,443.32,390.00,201.10,660.18,0.8709,-1,-1,-1
64,4,82.47,405.45,253.71,675.85,0.8872,-1,-1,-1
64,5,1076.14,415.48,166.67,443.08,0.8701,-1,-1,-1
64,7,738.75,515.38,51.30,133.81,0.3746,-1,-1,-1
64,13,1020.54,434.32,66.55,316.29,0.7916,-1,-1,-1
65,2,821.53,340.85,213.11,679.19,0.8888,-1,-1,-1
65,3,443.94,383.51,203.53,668.10,0.8722,-1,-1,-1
65,4,75.24,404.77,253.34,678.19,0.8833,-1,-1,-1
65,5,1078.75,413.47,168.95,444.29,0.8627,-1,-1,-1
65,7,740.93,511.58,54.16,139.98,0.5813,-1,-1,-1
65,13,1023.13,435.57,65.98,313.13,0.7870,-1,-1,-1
66,2,821.74,339.02,214.98,681.80,0.8875,-1,-1,-1
66,3,444.00,376.30,206.51,676.28,0.8764,-1,-1,-1
66,4,69.00,403.19,252.68,678.16,0.8884,-1,-1,-1
66,5,1085.17,408.36,172.67,450.19,0.8391,-1,-1,-1
66,7,742.94,506.55,56.29,144.99,0.4663,-1,-1,-1
66,13,1026.17,434.91,65.97,311.88,0.7799,-1,-1,-1
67,2,822.40,338.36,216.47,683.08,0.8930,-1,-1,-1
67,3,444.43,369.55,209.31,683.38,0.8733,-1,-1,-1
67,4,60.05,399.02,253.62,682.45,0.8880,-1,-1,-1
67,5,1089.90,404.38,176.18,455.57,0.8461,-1,-1,-1
67,7,745.03,499.71,58.14,149.34,0.6053,-1,-1,-1
67,13,1028.76,431.94,65.89,309.35,0.7466,-1,-1,-1
68,2,824.27,337.07,217.87,684.46,0.8934,-1,-1,-1
68,3,444.30,359.90,212.82,691.73,0.8708,-1,-1,-1
68,4,49.73,396.01,253.28,680.85,0.8889,-1,-1,-1
68,5,1093.00,401.17,176.46,455.11,0.8457,-1,-1,-1
68,7,747.74,498.41,57.74,147.37,0.5303,-1,-1,-1
68,13,1032.00,424.99,67.30,313.46,0.7263,-1,-1,-1
69,2,828.88,333.02,218.62,685.50,0.8878,-1,-1,-1
69,3,444.62,350.83,216.36,700.18,0.8775,-1,-1,-1
69,4,38.93,387.31,255.85,685.45,0.8998,-1,-1,-1
69,5,1095.92,397.10,177.36,456.31,0.8725,-1,-1,-1
69,7,750.18,493.20,58.66,149.51,0.6037,-1,-1,-1
69,13,1035.29,420.25,68.17,315.05,0.7210,-1,-1,-1
70,2,831.33,329.80,218.81,683.60,0.8967,-1,-1,-1
70,3,442.70,343.57,220.11,707.97,0.8913,-1,-1,-1
70,4,24.53,378.87,260.63,694.61,0.9135,-1,-1,-1
70,5,1098.79,392.78,178.04,456.86,0.8721,-1,-1,-1
70,7,752.21,488.76,59.35,151.39,0.5373,-1,-1,-1
70,13,1037.68,416.25,68.87,315.44,0.7089,-1,-1,-1
71,2,834.07,326.86,218.95,682.24,0.8904,-1,-1,-1
71,3,438.34,336.16,224.96,719.85,0.8901,-1,-1,-1
71,4,7.95,371.03,264.06,702.84,0.9096,-1,-1,-1
71,5,1101.38,388.20,177.63,455.10,0.8641,-1,-1,-1
71,7,753.32,485.79,59.63,151.88,0.5792,-1,-1,-1
71,13,1038.83,412.58,69.72,316.06,0.7220,-1,-1,-1
72,2,835.04,321.55,219.71,682.39,0.8906,-1,-1,-1
72,3,431.80,326.88,232.21,741.16,0.8916,-1,-1,-1
72,4,-3.76,363.19,266.18,711.05,0.9195,-1,-1,-1
72,5,1103.91,385.33,176.86,452.45,0.8592,-1,-1,-1
72,7,754.65,484.59,59.52,151.29,0.5618,-1,-1,-1
72,13,1039.61,410.44,70.20,315.31,0.7231,-1,-1,-1
73,2,836.21,315.58,219.53,680.03,0.8854,-1,-1,-1
73,3,424.97,317.23,238.03,758.28,0.8933,-1,-1,-1
73,4,-13.29,351.67,267.73,722.67,0.9111,-1,-1,-1
73,5,1105.98,382.17,175.13,447.19,0.8555,-1,-1,-1
73,7,752.93,478.79,59.79,152.99,0.4687,-1,-1,-1
73,13,1040.29,409.63,70.36,313.37,0.6760,-1,-1,-1
74,2,837.26,310.14,217.14,669.49,0.8805,-1,-1,-1
74,3,417.73,311.30,240.96,765.37,0.8908,-1,-1,-1
74,4,-21.55,344.42,266.74,732.23,0.9065,-1,-1,-1
74,5,1106.65,378.66,173.66,443.48,0.8567,-1,-1,-1
74,7,751.33,475.75,59.89,153.19,0.5560,-1,-1,-1
74,13,1040.43,409.16,70.70,311.63,0.6852,-1,-1,-1
75,2,838.51,305.56,215.82,664.09,0.8721,-1,-1,-1
75,3,408.13,303.98,244.02,772.93,0.8954,-1,-1,-1
75,4,-28.82,333.28,265.03,744.29,0.8957,-1,-1,-1
75,5,1106.67,375.80,172.90,441.32,0.8616,-1,-1,-1
75,7,749.32,472.39,59.94,153.80,0.5620,-1,-1,-1
75,13,1040.28,419.18,68.56,298.94,0.6643,-1,-1,-1
76,2,841.29,301.37,215.10,661.78,0.8691,-1,-1,-1
76,3,398.65,297.31,246.37,777.22,0.8893,-1,-1,-1
76,4,-34.17,324.64,260.18,750.74,0.8883,-1,-1,-1
76,5,1107.49,373.52,171.93,440.17,0.8559,-1,-1,-1
76,7,749.51,471.70,58.91,149.70,0.5177,-1,-1,-1
76,13,1041.59,431.29,65.99,283.08,0.7230,-1,-1,-1
77,2,842.98,298.47,214.73,663.19,0.8786,-1,-1,-1
77,3,389.66,293.60,247.58,777.16,0.8912,-1,-1,-1
77,4,-39.06,318.07,254.58,758.30,0.8802,-1,-1,-1
77,5,1107.55,371.77,171.99,441.79,0.8657,-1,-1,-1
77,7,749.13,470.77,59.44,149.25,0.5047,-1,-1,-1
77,13,1040.77,435.03,65.99,278.53,0.6327,-1,-1,-1
78,2,844.10,295.80,213.81,665.67,0.8637,-1,-1,-1
78,3,377.39,289.43,250.87,782.63,0.8972,-1,-1,-1
78,4,-43.88,312.01,246.61,762.25,0.8673,-1,-1,-1
78,5,1107.07,370.42,171.93,443.17,0.8638,-1,-1,-1
78,7,746.42,465.91,62.02,154.96,0.5503,-1,-1,-1
78,13,1035.84,423.19,69.81,292.04,0.7076,-1,-1,-1
79,2,844.86,292.44,213.59,670.45,0.8592,-1,-1,-1
79,3,361.95,284.73,254.01,788.00,0.9002,-1,-1,-1
79,4,-47.28,309.27,237.67,765.10,0.8293,-1,-1,-1
79,5,1106.31,367.99,171.82,444.62,0.8599,-1,-1,-1
79,7,741.38,468.46,60.09,152.50,0.4959,-1,-1,-1
79,13,1030.01,408.12,73.71,306.54,0.7193,-1,-1,-1
79,14,811.94,449.83,46.87,165.61,0.6448,-1,-1,-1
80,2,842.88,289.63,212.77,674.84,0.8566,-1,-1,-1
80,3,345.41,276.87,258.27,795.32,0.8965,-1,-1,-1
80,5,1103.18,364.63,171.77,447.25,0.8433,-1,-1,-1
80,7,736.65,469.04,59.62,153.54,0.5406,-1,-1,-1
80,13,1024.95,400.76,75.35,314.04,0.7096,-1,-1,-1
80,14,807.02,446.62,48.52,170.82,0.6153,-1,-1,-1
81,2,840.95,291.37,210.83,675.61,0.8514,-1,-1,-1
81,3,328.05,268.05,262.60,803.20,0.9018,-1,-1,-1
81,5,1099.67,363.69,170.05,446.37,0.8565,-1,-1,-1
81,7,731.26,464.37,59.32,154.56,0.5614,-1,-1,-1
81,13,1019.74,403.18,74.51,310.51,0.6942,-1,-1,-1
81,14,801.92,444.63,48.35,169.35,0.6194,-1,-1,-1
81,15,-19.60,436.57,137.36,420.77,0.6416,-1,-1,-1
82,2,837.60,292.69,208.35,675.14,0.8528,-1,-1,-1
82,3,309.38,255.61,269.92,817.06,0.8974,-1,-1,-1
82,5,1094.43,360.26,168.99,447.56,0.8628,-1,-1,-1
82,7,724.76,457.92,60.08,158.28,0.6338,-1,-1,-1
82,13,1015.71,394.27,75.37,314.62,0.6471,-1,-1,-1
82,14,797.60,441.44,48.63,169.30,0.6748,-1,-1,-1
82,15,-21.03,442.16,120.74,372.67,0.7815,-1,-1,-1
83,2,834.24,291.98,205.27,674.13,0.8514,-1,-1,-1
83,3,287.48,242.85,276.65,829.08,0.8896,-1,-1,-1
83,5,1089.66,358.28,168.51,451.05,0.8517,-1,-1,-1
83,7,721.86,453.22,59.74,157.02,0.3872,-1,-1,-1
83,13,1007.52,384.93,77.56,321.86,0.5453,-1,-1,-1
83,14,794.42,437.32,47.93,166.04,0.5784,-1,-1,-1
84,2,827.06,291.63,202.90,674.91,0.8477,-1,-1,-1
84,3,258.56,230.75,283.28,842.49,0.9033,-1,-1,-1
84,5,1082.64,354.96,168.71,455.58,0.8585,-1,-1,-1
84,7,713.82,450.32,58.92,155.77,0.5917,-1,-1,-1
84,13,999.69,377.89,77.91,321.97,0.7453,-1,-1,-1
84,14,787.19,434.91,48.12,165.99,0.5587,-1,-1,-1
85,2,817.96,290.29,199.93,672.50,0.8274,-1,-1,-1
85,3,232.26,218.45,292.07,856.03,0.9170,-1,-1,-1
85,5,1074.67,353.82,166.42,454.18,0.8485,-1,-1,-1
85,7,707.20,450.64,57.31,152.56,0.4584,-1,-1,-1
85,13,990.18,373.95,77.79,319.36,0.7617,-1,-1,-1
85,14,777.13,427.74,49.61,170.04,0.5999,-1,-1,-1
86,2,806.91,285.32,198.26,672.02,0.8417,-1,-1,-1
86,3,203.92,205.26,299.26,869.95,0.9056,-1,-1,-1
86,5,1067.43,349.79,165.07,454.41,0.8315,-1,-1,-1
86,7,698.21,445.60,58.09,154.68,0.5361,-1,-1,-1
86,13,979.87,369.60,79.16,320.16,0.8070,-1,-1,-1
86,14,769.21,421.21,50.75,175.10,0.5159,-1,-1,-1
87,2,795.97,279.67,198.35,675.21,0.8524,-1,-1,-1
87,3,172.84,190.73,307.01,885.01,0.9104,-1,-1,-1
87,5,1060.00,347.13,163.55,453.01,0.8508,-1,-1,-1
87,7,691.85,446.51,57.40,151.96,0.4651,-1,-1,-1
87,13,970.64,366.45,80.39,320.41,0.7799,-1,-1,-1
87,14,760.17,414.53,51.83,179.90,0.6886,-1,-1,-1
87,16,473.16,411.16,79.76,285.71,0.7299,-1,-1,-1
88,2,785.01,275.33,197.78,671.78,0.8571,-1,-1,-1
88,3,146.35,180.60,313.51,896.20,0.9154,-1,-1,-1
88,5,1050.38,341.35,162.86,454.20,0.8484,-1,-1,-1
88,7,682.25,441.21,58.09,154.35,0.6149,-1,-1,-1
88,13,959.04,359.73,82.66,323.95,0.7448,-1,-1,-1
88,14,749.72,410.12,51.23,177.83,0.4648,-1,-1,-1
88,16,457.62,408.82,80.28,286.50,0.7607,-1,-1,-1
89,2,772.05,269.45,197.83,669.73,0.8476,-1,-1,-1
89,3,120.37,169.00,320.69,906.98,0.9201,-1,-1,-1
89,5,1043.07,335.32,162.80,454.54,0.8534,-1,-1,-1
89,7,673.95,437.12,58.94,156.60,0.5576,-1,-1,-1
89,13,950.60,358.17,83.30,319.65,0.8162,-1,-1,-1
89,14,740.25,407.90,51.15,180.61,0.3301,-1,-1,-1
89,16,441.67,399.02,84.18,298.27,0.7738,-1,-1,-1
90,2,760.87,262.20,197.47,660.44,0.8689,-1,-1,-1
90,3,95.17,154.48,330.28,920.98,0.9241,-1,-1,-1
90,5,1035.86,329.47,163.78,458.74,0.8484,-1,-1,-1
90,7,668.41,433.58,59.21,156.27,0.4320,-1,-1,-1
90,13,944.21,354.77,83.84,316.69,0.7822,-1,-1,-1
90,14,734.23,412.00,44.09,156.87,0.1714,-1,-1,-1
90,16,430.55,390.35,86.33,303.37,0.7800,-1,-1,-1
91,2,750.24,257.63,197.75,651.48,0.8808,-1,-1,-1
91,3,72.95,142.57,338.71,931.05,0.9224,-1,-1,-1
91,5,1031.18,325.05,163.38,457.11,0.8682,-1,-1,-1
91,7,658.81,427.22,58.87,156.82,0.4532,-1,-1,-1
91,13,937.58,350.36,85.72,318.01,0.7996,-1,-1,-1
91,16,421.11,386.20,87.83,305.99,0.7617,-1,-1,-1
92,2,738.32,251.79,200.48,651.10,0.8786,-1,-1,-1
92,3,49.12,128.01,349.58,944.94,0.9221,-1,-1,-1
92,5,1026.68,318.83,163.20,455.14,0.8636,-1,-1,-1
92,7,653.86,423.41,59.38,158.05,0.5491,-1,-1,-1
92,13,929.81,348.52,86.57,317.24,0.7895,-1,-1,-1
92,16,412.12,383.77,89.41,308.08,0.8224,-1,-1,-1
93,2,729.85,245.72,204.56,653.97,0.8890,-1,-1,-1
93,3,27.28,116.72,359.39,956.21,0.9244,-1,-1,-1
93,5,1021.54,314.15,163.94,454.72,0.8704,-1,-1,-1
93,7,650.43,420.60,58.83,157.69,0.3377,-1,-1,-1
93,13,926.22,346.75,87.60,317.07,0.7764,-1,-1,-1
93,16,404.22,379.03,91.60,312.19,0.8070,-1,-1,-1
94,2,719.57,241.37,207.93,657.76,0.8729,-1,-1,-1
94,3,13.82,106.53,367.79,968.59,0.9323,-1,-1,-1
94,5,1017.56,311.96,164.89,454.16,0.8726,-1,-1,-1
94,7,647.61,417.12,59.96,161.06,0.2703,-1,-1,-1
94,13,922.74,345.38,89.13,318.62,0.8028,-1,-1,-1
94,16,397.45,377.32,92.50,310.76,0.8027,-1,-1,-1
95,2,710.99,239.11,211.71,663.70,0.8860,-1,-1,-1
95,3,6.96,96.38,374.71,979.26,0.9307,-1,-1,-1
95,5,1013.29,310.50,166.18,453.81,0.8644,-1,-1,-1
95,7,646.10,417.01,62.51,166.35,0.1883,-1,-1,-1
95,13,919.73,343.38,90.36,320.00,0.7809,-1,-1,-1
95,16,391.11,374.33,94.88,314.54,0.8176,-1,-1,-1
96,2,702.31,240.46,213.92,664.82,0.9045,-1,-1,-1
96,3,-2.98,85.27,379.04,990.38,0.9349,-1,-1,-1
96,5,1010.03,309.77,168.46,455.71,0.8597,-1,-1,-1
96,7,638.87,423.16,60.69,159.13,0.3029,-1,-1,-1
96,13,916.50,343.61,91.55,320.15,0.7543,-1,-1,-1
96,16,384.78,373.15,97.67,320.49,0.8098,-1,-1,-1
97,2,698.36,240.11,216.70,670.25,0.8996,-1,-1,-1
97,3,-10.30,75.02,381.55,1000.43,0.9338,-1,-1,-1
97,5,1008.40,309.69,170.46,456.34,0.8618,-1,-1,-1
97,7,632.90,419.18,61.55,161.55,0.5595,-1,-1,-1
97,13,911.38,342.11,93.07,319.65,0.7329,-1,-1,-1
97,16,381.05,369.99,100.34,326.07,0.8188,-1,-1,-1
98,2,695.31,241.61,218.84,674.64,0.8995,-1,-1,-1
98,3,-16.73,58.95,383.94,1013.83,0.9344,-1,-1,-1
98,5,1008.04,309.47,173.23,458.50,0.8592,-1,-1,-1
98,7,629.44,416.01,62.65,165.51,0.6315,-1,-1,-1
98,13,910.35,342.11,94.41,320.65,0.7305,-1,-1,-1
98,16,378.98,367.77,102.49,330.25,0.8257,-1,-1,-1
99,2,693.76,245.12,220.25,677.00,0.8985,-1,-1,-1
99,3,-21.85,46.98,384.45,1025.46,0.9272,-1,-1,-1
99,5,1009.78,309.94,176.16,460.41,0.8699,-1,-1,-1
99,7,627.96,415.48,61.89,165.58,0.6343,-1,-1,-1
99,13,910.66,342.29,95.44,320.99,0.7370,-1,-1,-1
99,16,377.24,365.80,104.49,334.05,0.8214,-1,-1,-1
100,2,693.50,248.40,220.24,676.12,0.8987,-1,-1,-1
100,3,-27.05,35.61,383.08,1035.64,0.9225,-1,-1,-1
100,5,1012.43,311.34,178.47,460.74,0.8762,-1,-1,-1
100,7,627.53,414.50,61.91,166.30,0.6494,-1,-1,-1
100,13,912.95,346.52,95.73,318.30,0.7435,-1,-1,-1
100,16,375.51,366.78,105.56,334.44,0.8323,-1,-1,-1
101,2,696.03,249.57,219.79,676.08,0.8890,-1,-1,-1
101,3,-34.64,19.10,383.02,1054.96,0.9144,-1,-1,-1
101,5,1014.41,311.28,181.37,462.92,0.8567,-1,-1,-1
101,7,629.50,413.49,61.45,165.64,0.7016,-1,-1,-1
101,13,915.19,347.25,96.43,317.65,0.7682,-1,-1,-1
101,16,375.59,365.20,107.29,337.68,0.8240,-1,-1,-1
102,2,700.44,250.47,218.52,671.28,0.8947,-1,-1,-1
102,3,-40.79,11.55,376.98,1061.68,0.9190,-1,-1,-1
102,5,1018.98,311.83,183.57,464.74,0.8306,-1,-1,-1
102,7,633.11,413.39,61.36,165.82,0.5226,-1,-1,-1
102,13,919.61,346.74,97.36,319.00,0.7923,-1,-1,-1
102,16,376.10,364.17,109.17,341.34,0.8320,-1,-1,-1
103,2,711.20,250.56,217.86,667.83,0.8881,-1,-1,-1
103,3,-45.25,6.55,368.99,1065.68,0.9092,-1,-1,-1
103,5,1026.53,314.12,185.67,465.75,0.8433,-1,-1,-1
103,7,638.77,409.78,61.54,166.43,0.5547,-1,-1,-1
103,13,927.55,342.36,98.37,321.77,0.7446,-1,-1,-1
103,16,382.90,365.14,108.96,338.99,0.8038,-1,-1,-1
104,2,721.54,247.71,218.43,668.35,0.8918,-1,-1,-1
104,3,-47.87,7.90,355.87,1056.18,0.8318,-1,-1,-1
104,5,1041.39,309.75,188.39,468.95,0.8581,-1,-1,-1
104,7,649.59,407.46,61.70,168.45,0.6638,-1,-1,-1
104,13,939.08,339.17,99.39,322.44,0.7347,-1,-1,-1
104,16,392.21,368.34,108.61,336.25,0.8112,-1,-1,-1
105,2,734.24,245.74,217.68,665.07,0.8861,-1,-1,-1
105,3,-30.74,165.16,299.80,902.07,0.7803,-1,-1,-1
105,5,1052.95,308.71,189.79,469.66,0.8546,-1,-1,-1
105,7,658.54,408.01,61.15,167.07,0.3746,-1,-1,-1
105,13,949.30,334.76,101.00,326.93,0.7373,-1,-1,-1
105,16,400.37,366.11,109.38,338.00,0.8088,-1,-1,-1
106,2,744.34,243.09,214.24,654.30,0.8781,-1,-1,-1
106,3,-37.22,225.36,233.74,730.46,0.6225,-1,-1,-1
106,5,1066.09,304.70,193.33,475.55,0.8423,-1,-1,-1
106,7,665.54,405.78,61.50,167.66,0.6818,-1,-1,-1
106,13,956.92,332.60,101.83,328.92,0.7896,-1,-1,-1
106,16,408.25,365.07,109.37,337.12,0.8014,-1,-1,-1
107,2,753.68,237.89,211.96,647.11,0.8783,-1,-1,-1
107,3,-60.70,245.03,232.50,770.12,0.7252,-1,-1,-1
107,5,1072.73,303.20,193.46,475.24,0.8424,-1,-1,-1
107,7,670.11,404.19,62.50,169.08,0.6752,-1,-1,-1
107,13,963.92,330.67,102.04,327.73,0.7449,-1,-1,-1
107,16,413.31,362.25,110.19,338.87,0.7888,-1,-1,-1
108,2,759.47,234.20,211.10,645.13,0.8827,-1,-1,-1
108,5,1074.66,301.60,190.85,473.09,0.8383,-1,-1,-1
108,7,673.77,403.24,63.33,170.03,0.7286,-1,-1,-1
108,13,968.73,328.49,102.82,329.04,0.7284,-1,-1,-1
108,16,415.95,360.56,111.93,344.05,0.7964,-1,-1,-1
109,2,765.99,232.25,210.10,644.89,0.8753,-1,-1,-1
109,5,1077.71,298.39,188.04,470.47,0.8704,-1,-1,-1
109,7,677.29,401.08,63.65,170.80,0.6815,-1,-1,-1
109,13,970.37,326.93,101.62,327.02,0.5495,-1,-1,-1
109,16,415.79,358.31,113.74,349.00,0.8083,-1,-1,-1
110,2,769.04,230.53,209.84,646.47,0.8753,-1,-1,-1
110,5,1082.59,295.23,185.25,466.95,0.8719,-1,-1,-1
110,7,680.43,398.17,64.12,171.17,0.6267,-1,-1,-1
110,13,976.01,324.33,101.91,327.40,0.6671,-1,-1,-1
110,16,413.60,354.48,116.04,355.56,0.7983,-1,-1,-1
111,2,771.57,229.43,209.51,649.21,0.8720,-1,-1,-1
111,5,1086.92,292.09,182.52,463.40,0.8666,-1,-1,-1
111,7,682.82,395.13,64.94,173.25,0.6591,-1,-1,-1
111,13,977.69,323.65,101.81,325.61,0.6154,-1,-1,-1
111,16,412.66,352.66,116.60,355.91,0.8059,-1,-1,-1
112,2,772.92,228.82,208.46,649.61,0.8674,-1,-1,-1
112,5,1092.46,289.12,180.48,461.05,0.8547,-1,-1,-1
112,7,685.63,394.58,65.51,174.25,0.6444,-1,-1,-1
112,13,978.72,323.28,102.78,326.24,0.6348,-1,-1,-1
112,16,411.56,350.06,117.69,357.89,0.7478,-1,-1,-1
113,2,774.41,228.39,207.33,650.27,0.8647,-1,-1,-1
113,5,1097.25,286.42,179.67,462.77,0.8511,-1,-1,-1
113,7,687.16,391.31,67.26,178.84,0.7008,-1,-1,-1
113,13,982.32,322.90,103.20,325.81,0.6031,-1,-1,-1
113,16,410.97,347.92,119.03,362.42,0.7394,-1,-1,-1
114,2,778.25,229.84,205.99,651.24,0.8544,-1,-1,-1
114,5,1101.82,284.82,179.10,465.85,0.8579,-1,-1,-1
114,7,690.50,392.38,66.56,176.76,0.6298,-1,-1,-1
114,13,987.09,321.15,102.07,321.90,0.5939,-1,-1,-1
114,16,411.16,345.25,119.80,365.72,0.7353,-1,-1,-1
115,2,784.00,231.49,204.69,651.52,0.8444,-1,-1,-1
115,5,1105.63,285.30,177.72,466.11,0.8681,-1,-1,-1
115,7,693.76,390.79,67.18,178.88,0.5961,-1,-1,-1
115,13,994.02,320.53,102.01,322.64,0.7351,-1,-1,-1
115,16,410.85,343.81,120.65,368.31,0.7379,-1,-1,-1
116,2,787.07,232.45,203.66,652.04,0.8508,-1,-1,-1
116,5,1109.10,285.34,176.11,464.84,0.8630,-1,-1,-1
116,7,694.82,391.86,67.56,179.43,0.5579,-1,-1,-1
116,13,996.83,321.71,102.12,320.53,0.7071,-1,-1,-1
116,16,407.88,342.33,121.90,370.35,0.7733,-1,-1,-1
117,2,786.80,233.12,202.43,652.33,0.8521,-1,-1,-1
117,5,1112.09,284.53,175.67,466.69,0.8591,-1,-1,-1
117,7,694.12,389.69,68.41,179.72,0.6248,-1,-1,-1
117,13,997.29,320.91,102.80,321.06,0.6704,-1,-1,-1
117,16,405.80,342.55,122.59,370.09,0.7216,-1,-1,-1
118,2,782.51,234.62,200.64,649.99,0.8565,-1,-1,-1
118,5,1114.47,284.90,175.72,469.61,0.8565,-1,-1,-1
118,7,692.82,390.94,69.06,179.64,0.6157,-1,-1,-1
118,13,992.93,321.70,104.57,321.58,0.7299,-1,-1,-1
118,16,400.86,339.35,124.84,374.72,0.7026,-1,-1,-1
119,2,779.44,234.61,199.48,649.67,0.8666,-1,-1,-1
119,5,1117.00,286.33,175.32,472.34,0.8511,-1,-1,-1
119,7,693.26,392.03,69.37,179.48,0.5527,-1,-1,-1
119,13,989.53,323.25,106.58,322.05,0.7559,-1,-1,-1
119,16,395.87,337.94,126.28,376.99,0.8250,-1,-1,-1
120,2,775.58,232.89,198.91,649.36,0.8781,-1,-1,-1
120,5,1117.64,287.31,174.64,474.07,0.8532,-1,-1,-1
120,7,691.36,391.89,69.97,179.05,0.5295,-1,-1,-1
120,13,984.82,324.08,108.81,323.08,0.7078,-1,-1,-1
120,16,390.39,334.37,128.61,382.86,0.8358,-1,-1,-1
121,2,771.31,229.28,197.81,645.80,0.8741,-1,-1,-1
121,5,1116.68,289.17,174.03,475.45,0.8471,-1,-1,-1
121,7,689.20,393.24,72.03,182.03,0.4326,-1,-1,-1
121,13,980.87,325.30,110.69,322.51,0.6074,-1,-1,-1
121,16,384.39,333.22,130.14,386.16,0.8385,-1,-1,-1
122,2,764.98,227.87,195.61,637.92,0.8656,-1,-1,-1
122,5,1114.70,290.46,173.54,477.08,0.8405,-1,-1,-1
122,7,682.53,391.15,73.77,180.04,0.2143,-1,-1,-1
122,13,978.91,325.25,112.65,322.63,0.6375,-1,-1,-1
122,16,375.48,332.63,133.07,393.08,0.8261,-1,-1,-1
123,2,756.22,226.37,195.80,635.95,0.8671,-1,-1,-1
123,5,1112.10,290.50,172.74,478.13,0.8581,-1,-1,-1
123,7,686.48,390.30,74.04,183.53,0.1899,-1,-1,-1
123,13,971.79,325.83,115.43,323.73,0.6226,-1,-1,-1
123,16,367.03,331.68,135.71,400.70,0.8541,-1,-1,-1
124,2,747.60,226.51,196.98,636.56,0.8719,-1,-1,-1
124,5,1107.44,289.47,172.91,482.81,0.8493,-1,-1,-1
124,7,680.22,388.96,76.14,188.81,0.2161,-1,-1,-1
124,13,963.36,326.92,116.44,324.93,0.6118,-1,-1,-1
124,16,359.02,331.72,137.32,404.66,0.8591,-1,-1,-1
125,2,739.42,227.33,199.03,639.59,0.8766,-1,-1,-1
125,5,1104.15,289.38,171.34,481.39,0.8453,-1,-1,-1
125,7,674.90,391.39,76.51,192.16,0.4480,-1,-1,-1
125,13,957.48,325.01,118.70,329.38,0.6957,-1,-1,-1
125,16,350.80,336.24,137.67,404.38,0.8450,-1,-1,-1
126,2,726.85,228.15,202.68,643.92,0.8684,-1,-1,-1
126,5,1099.58,289.89,169.41,478.14,0.8443,-1,-1,-1
126,7,669.06,392.87,75.08,190.12,0.3810,-1,-1,-1
126,13,955.47,321.88,120.49,332.82,0.5804,-1,-1,-1
126,16,339.15,336.33,139.35,407.91,0.8396,-1,-1,-1
127,2,719.69,230.33,205.34,645.99,0.8698,-1,-1,-1
127,5,1094.44,290.47,169.93,480.76,0.8567,-1,-1,-1
127,7,664.74,392.64,73.26,187.11,0.2704,-1,-1,-1
127,13,951.07,320.63,123.16,335.82,0.7701,-1,-1,-1
127,16,330.42,340.70,140.05,409.16,0.8475,-1,-1,-1
128,2,714.91,230.98,208.32,649.92,0.8799,-1,-1,-1
128,5,1089.74,289.36,170.44,482.18,0.8705,-1,-1,-1
128,7,660.80,390.47,74.82,191.27,0.3741,-1,-1,-1
128,13,944.39,322.38,125.07,335.19,0.6103,-1,-1,-1
128,16,321.87,340.99,141.37,411.89,0.8528,-1,-1,-1
129,2,713.85,234.19,209.05,648.82,0.8803,-1,-1,-1
129,5,1086.04,287.26,171.29,483.23,0.8740,-1,-1,-1
129,7,657.14,389.49,74.44,192.73,0.5355,-1,-1,-1
129,13,932.76,321.85,123.41,335.34,0.6499,-1,-1,-1
129,16,314.98,338.23,144.57,420.81,0.8338,-1,-1,-1
130,2,712.25,236.16,210.32,649.09,0.8819,-1,-1,-1
130,5,1083.60,286.79,171.63,483.18,0.8673,-1,-1,-1
130,7,654.66,389.08,73.46,193.24,0.5539,-1,-1,-1
130,13,927.74,320.66,121.66,335.25,0.7351,-1,-1,-1
130,16,310.32,334.67,147.63,429.68,0.8403,-1,-1,-1
131,2,712.16,238.13,211.58,649.34,0.8799,-1,-1,-1
131,5,1082.32,284.72,172.07,482.99,0.8664,-1,-1,-1
131,7,652.86,389.17,72.68,193.60,0.5877,-1,-1,-1
131,13,923.92,319.26,120.26,333.96,0.7374,-1,-1,-1
131,16,306.62,332.13,149.14,435.27,0.8387,-1,-1,-1
132,2,712.57,238.66,212.54,649.57,0.8754,-1,-1,-1
132,5,1081.43,283.03,172.10,482.17,0.8632,-1,-1,-1
132,7,652.37,388.80,72.32,194.87,0.5690,-1,-1,-1
132,13,921.07,317.80,119.44,333.97,0.7340,-1,-1,-1
132,16,304.76,332.11,149.08,437.17,0.8288,-1,-1,-1
132,20,1012.27,367.24,71.21,226.58,0.5589,-1,-1,-1
133,2,715.16,239.06,212.83,647.84,0.8756,-1,-1,-1
133,5,1079.87,282.30,172.84,482.20,0.8686,-1,-1,-1
133,7,652.26,389.07,71.55,195.34,0.4435,-1,-1,-1
133,13,919.69,316.48,118.89,335.83,0.7473,-1,-1,-1
133,16,297.58,330.32,151.05,441.34,0.8194,-1,-1,-1
133,20,1013.22,367.87,70.87,225.39,0.5766,-1,-1,-1
134,2,715.56,238.79,213.48,649.13,0.8765,-1,-1,-1
134,5,1078.66,283.27,174.73,484.94,0.8678,-1,-1,-1
134,7,653.21,391.02,71.27,195.25,0.5312,-1,-1,-1
134,13,919.30,317.57,117.67,337.39,0.7330,-1,-1,-1
134,16,290.18,326.15,154.71,451.93,0.8401,-1,-1,-1
134,20,1013.23,367.73,70.40,223.58,0.6113,-1,-1,-1
135,2,716.76,239.69,213.34,648.48,0.8799,-1,-1,-1
135,5,1076.98,284.31,176.58,487.92,0.8648,-1,-1,-1
135,7,651.94,392.75,71.58,195.69,0.5435,-1,-1,-1
135,13,917.73,317.72,116.85,340.55,0.7099,-1,-1,-1
135,16,286.07,328.44,155.33,454.14,0.8317,-1,-1,-1
135,20,1013.81,369.74,69.48,219.78,0.6534,-1,-1,-1
136,2,720.43,240.18,211.79,643.91,0.8737,-1,-1,-1
136,5,1076.13,286.57,178.26,489.73,0.8666,-1,-1,-1
136,7,649.06,394.26,72.88,196.83,0.6851,-1,-1,-1
136,13,917.61,319.44,115.09,340.04,0.7318,-1,-1,-1
136,16,281.69,327.43,157.16,459.24,0.8389,-1,-1,-1
136,20,1013.23,365.74,72.19,227.77,0.7071,-1,-1,-1
137,2,724.32,240.65,208.09,630.78,0.8832,-1,-1,-1
137,5,1076.03,289.49,180.41,491.88,0.8634,-1,-1,-1
137,7,649.14,394.87,74.43,200.39,0.6355,-1,-1,-1
137,13,918.32,319.40,113.80,341.39,0.7315,-1,-1,-1
137,16,280.21,324.60,158.66,465.09,0.8409,-1,-1,-1
137,20,1015.64,368.53,71.94,226.09,0.7447,-1,-1,-1
138,2,726.56,241.98,207.22,624.45,0.8864,-1,-1,-1
138,5,1080.45,293.31,181.44,491.50,0.8619,-1,-1,-1
138,7,649.38,396.50,74.29,200.83,0.5944,-1,-1,-1
138,13,919.24,320.65,112.43,342.17,0.7457,-1,-1,-1
138,16,277.33,323.15,159.88,469.36,0.8040,-1,-1,-1
138,20,1018.45,368.32,72.85,228.48,0.7446,-1,-1,-1
139,2,730.33,242.47,207.09,622.37,0.8851,-1,-1,-1
139,5,1085.02,295.12,182.57,491.43,0.8480,-1,-1,-1
139,7,649.22,395.96,74.96,203.87,0.5827,-1,-1,-1
139,13,921.36,320.80,111.38,343.56,0.7268,-1,-1,-1
139,16,271.44,320.78,162.00,474.92,0.8148,-1,-1,-1
139,20,1021.33,365.53,73.49,230.10,0.7170,-1,-1,-1
140,2,736.87,241.91,207.47,626.11,0.8779,-1,-1,-1
140,5,1090.11,296.51,182.76,490.19,0.8452,-1,-1,-1
140,7,648.66,396.71,75.46,205.02,0.6323,-1,-1,-1
140,13,926.29,320.29,110.04,345.14,0.7152,-1,-1,-1
140,16,268.01,318.85,165.22,484.31,0.8303,-1,-1,-1
140,20,1024.10,367.77,73.08,227.88,0.7777,-1,-1,-1
141,2,741.57,244.83,207.10,628.97,0.8735,-1,-1,-1
141,5,1093.72,296.27,184.79,494.71,0.8584,-1,-1,-1
141,7,648.34,395.79,76.44,206.67,0.7633,-1,-1,-1
141,13,927.93,321.61,108.75,344.78,0.7387,-1,-1,-1
141,16,267.59,319.10,168.32,494.96,0.8243,-1,-1,-1
141,20,1026.96,367.16,73.68,228.10,0.6854,-1,-1,-1
142,2,746.61,249.85,205.56,628.51,0.8693,-1,-1,-1
142,5,1098.80,296.74,186.13,498.44,0.8517,-1,-1,-1
142,7,651.22,398.87,76.58,204.01,0.6914,-1,-1,-1
142,13,929.67,324.31,106.97,342.14,0.7640,-1,-1,-1
142,16,267.77,321.36,169.95,500.58,0.8491,-1,-1,-1
142,20,1031.18,370.83,73.69,226.73,0.7247,-1,-1,-1
143,2,755.74,252.91,204.68,632.10,0.8787,-1,-1,-1
143,5,1105.07,296.99,187.26,501.74,0.8675,-1,-1,-1
143,7,655.34,400.02,77.41,204.53,0.6636,-1,-1,-1
143,13,939.21,325.40,104.77,341.36,0.7235,-1,-1,-1
143,16,267.58,324.36,171.12,503.81,0.8472,-1,-1,-1
143,20,1036.39,371.99,73.46,226.19,0.7464,-1,-1,-1
144,2,761.90,255.49,203.18,632.99,0.8729,-1,-1,-1
144,5,1110.53,297.07,187.24,501.76,0.8616,-1,-1,-1
144,7,659.43,398.16,78.09,207.15,0.7032,-1,-1,-1
144,13,947.23,329.65,101.13,335.42,0.8007,-1,-1,-1
144,16,266.53,324.94,173.55,510.51,0.8578,-1,-1,-1
144,20,1041.12,372.52,74.11,227.06,0.7545,-1,-1,-1
145,2,768.97,257.92,201.76,634.09,0.8604,-1,-1,-1
145,5,1118.81,296.95,187.12,501.39,0.8608,-1,-1,-1
145,7,663.04,397.13,79.14,209.70,0.7023,-1,-1,-1
145,13,952.06,329.52,99.92,337.21,0.7497,-1,-1,-1
145,16,265.53,324.68,175.21,514.18,0.8532,-1,-1,-1
145,20,1044.53,375.06,73.69,224.03,0.7403,-1,-1,-1
146,2,773.89,261.63,200.99,635.67,0.8636,-1,-1,-1
146,5,1126.62,300.07,184.92,495.55,0.8740,-1,-1,-1
146,7,668.08,397.58,79.44,210.24,0.6983,-1,-1,-1
146,13,960.05,331.49,98.69,337.31,0.6870,-1,-1,-1
146,16,266.09,324.53,178.08,522.84,0.8771,-1,-1,-1
146,20,1049.82,377.59,73.08,220.64,0.6477,-1,-1,-1
147,2,776.93,264.76,200.33,636.97,0.8649,-1,-1,-1
147,5,1134.07,299.12,184.15,492.30,0.8668,-1,-1,-1
147,7,669.61,396.63,81.08,214.50,0.7261,-1,-1,-1
147,13,961.37,331.30,98.72,339.92,0.7116,-1,-1,-1
147,16,263.38,325.42,180.32,528.73,0.8600,-1,-1,-1
147,20,1053.07,380.92,73.67,220.47,0.6334,-1,-1,-1
148,2,782.43,266.05,198.62,636.06,0.8554,-1,-1,-1
148,5,1139.27,298.19,183.67,491.48,0.8669,-1,-1,-1
148,7,670.65,395.61,81.64,217.81,0.7259,-1,-1,-1
148,13,964.85,331.44,98.24,340.81,0.7302,-1,-1,-1
148,16,259.28,325.59,184.08,539.36,0.8683,-1,-1,-1
148,20,1055.01,378.41,75.48,225.60,0.6770,-1,-1,-1
149,2,786.67,266.76,197.60,637.47,0.8615,-1,-1,-1
149,5,1145.50,298.54,182.41,489.08,0.8619,-1,-1,-1
149,7,672.74,399.48,81.18,217.87,0.6011,-1,-1,-1
149,13,968.17,335.08,96.68,338.90,0.7347,-1,-1,-1
149,16,251.86,323.77,186.72,548.55,0.8650,-1,-1,-1
149,20,1056.77,378.63,76.41,228.20,0.6367,-1,-1,-1
150,2,788.57,267.20,196.42,637.42,0.8497,-1,-1,-1
150,5,1149.56,299.66,182.32,489.96,0.8641,-1,-1,-1
150,7,673.45,404.05,80.69,216.76,0.6138,-1,-1,-1
150,13,971.78,338.71,96.00,338.96,0.7367,-1,-1,-1
150,16,244.28,319.94,188.84,557.85,0.8501,-1,-1,-1
150,20,1056.56,372.40,78.66,235.97,0.6724,-1,-1,-1
151,2,790.47,267.27,194.94,634.51,0.8407,-1,-1,-1
151,5,1150.98,299.64,184.62,497.80,0.8715,-1,-1,-1
151,7,674.65,408.21,79.72,214.60,0.6689,-1,-1,-1
151,13,975.11,340.50,95.43,341.16,0.7334,-1,-1,-1
151,16,233.82,318.11,191.40,567.47,0.8508,-1,-1,-1
151,20,1056.39,370.31,79.75,240.19,0.5984,-1,-1,-1
152,2,790.82,266.28,192.93,627.63,0.8416,-1,-1,-1
152,5,1152.85,300.22,184.74,499.06,0.8800,-1,-1,-1
152,7,675.72,409.60,80.21,215.65,0.7134,-1,-1,-1
152,13,975.37,341.59,94.66,341.33,0.7104,-1,-1,-1
152,16,225.04,314.89,193.95,576.87,0.8508,-1,-1,-1
152,20,1056.01,372.00,79.32,238.64,0.6059,-1,-1,-1
153,2,790.18,264.22,191.98,620.48,0.8416,-1,-1,-1
153,5,1156.19,302.01,184.18,498.84,0.8825,-1,-1,-1
153,7,676.56,410.31,81.51,218.54,0.7123,-1,-1,-1
153,13,977.67,341.86,94.28,344.56,0.7250,-1,-1,-1
153,16,215.55,312.06,196.09,583.17,0.8584,-1,-1,-1
153,20,1056.32,372.26,79.54,239.38,0.6200,-1,-1,-1
154,2,787.41,262.33,193.23,618.44,0.8593,-1,-1,-1
154,5,1157.93,302.89,183.18,497.28,0.8731,-1,-1,-1
154,7,677.89,411.24,82.67,220.47,0.7176,-1,-1,-1
154,13,977.31,341.80,93.40,344.73,0.7265,-1,-1,-1
154,16,205.79,309.61,198.59,589.06,0.8723,-1,-1,-1
154,20,1055.70,373.51,79.62,239.21,0.6570,-1,-1,-1
155,2,782.87,259.98,195.69,618.85,0.8684,-1,-1,-1
155,5,1158.93,302.91,183.27,499.29,0.8789,-1,-1,-1
155,7,678.63,408.53,85.31,223.48,0.7299,-1,-1,-1
155,13,978.84,341.00,91.83,343.27,0.7274,-1,-1,-1
155,16,196.40,307.06,200.88,593.43,0.8712,-1,-1,-1
155,20,1055.27,372.95,79.73,239.34,0.7019,-1,-1,-1
156,2,779.40,258.39,199.26,621.54,0.8701,-1,-1,-1
156,5,1158.35,305.55,184.70,504.66,0.8774,-1,-1,-1
156,7,678.53,406.46,87.52,226.01,0.7666,-1,-1,-1
156,13,978.68,340.35,91.21,343.93,0.7025,-1,-1,-1
156,16,185.37,303.19,203.32,599.38,0.8714,-1,-1,-1
156,20,1053.61,371.10,80.63,242.20,0.6925,-1,-1,-1
157,2,774.85,259.56,202.99,624.13,0.8773,-1,-1,-1
157,5,1154.98,307.49,184.96,507.43,0.8729,-1,-1,-1
157,7,675.10,407.09,88.85,226.40,0.7040,-1,-1,-1
157,13,974.73,341.14,91.93,346.03,0.6968,-1,-1,-1
157,16,175.19,301.00,205.84,604.93,0.8634,-1,-1,-1
157,20,1051.58,370.37,81.30,243.85,0.6792,-1,-1,-1
158,2,771.12,257.98,206.28,628.34,0.8731,-1,-1,-1
158,5,1150.05,305.99,184.36,507.83,0.8647,-1,-1,-1
158,7,663.70,406.31,88.50,228.03,0.6732,-1,-1,-1
158,13,969.78,341.62,91.63,345.10,0.7418,-1,-1,-1
158,16,162.03,297.83,208.66,611.40,0.8608,-1,-1,-1
158,20,1048.29,370.76,81.76,243.98,0.7391,-1,-1,-1
159,2,770.84,261.32,207.42,628.77,0.8666,-1,-1,-1
159,5,1145.89,306.82,182.74,505.42,0.8760,-1,-1,-1
159,7,659.07,402.89,89.01,230.36,0.6601,-1,-1,-1
159,13,966.26,342.01,90.29,341.43,0.6550,-1,-1,-1
159,16,145.25,295.06,212.45,620.91,0.8558,-1,-1,-1
159,20,1044.97,375.48,80.86,239.45,0.7013,-1,-1,-1
160,2,770.55,263.94,208.17,630.17,0.8641,-1,-1,-1
160,5,1140.54,306.45,182.29,506.69,0.8767,-1,-1,-1
160,7,654.76,402.09,89.73,230.40,0.6724,-1,-1,-1
160,13,963.55,340.13,90.19,340.51,0.7255,-1,-1,-1
160,16,130.97,291.63,218.22,637.19,0.8640,-1,-1,-1
160,20,1041.17,377.80,80.15,236.26,0.6982,-1,-1,-1
161,2,771.38,269.10,207.93,628.92,0.8708,-1,-1,-1
161,5,1136.26,306.48,181.32,506.58,0.8782,-1,-1,-1
161,7,648.11,399.12,91.50,235.20,0.6920,-1,-1,-1
161,13,957.62,339.27,90.18,341.17,0.6702,-1,-1,-1
161,16,115.77,290.22,224.07,654.35,0.8548,-1,-1,-1
161,20,1037.79,382.94,78.81,230.01,0.7510,-1,-1,-1
162,2,772.54,271.05,207.21,627.48,0.8823,-1,-1,-1
162,5,1130.36,301.64,181.98,511.73,0.8731,-1,-1,-1
162,7,636.35,396.38,91.40,238.71,0.7045,-1,-1,-1
162,13,949.49,337.07,90.54,346.34,0.6475,-1,-1,-1
162,16,99.93,285.07,226.86,661.28,0.8687,-1,-1,-1
162,20,1031.28,385.73,78.14,226.33,0.7440,-1,-1,-1
163,2,771.57,270.88,206.86,628.53,0.8929,-1,-1,-1
163,5,1123.05,300.33,181.71,512.51,0.8680,-1,-1,-1
163,7,628.42,394.89,91.28,240.59,0.7252,-1,-1,-1
163,13,945.14,333.25,91.04,350.60,0.6177,-1,-1,-1
163,16,81.79,284.00,230.74,675.66,0.8465,-1,-1,-1
163,20,1025.37,387.17,78.22,224.61,0.6820,-1,-1,-1
163,24,725.74,358.10,78.87,280.68,0.6667,-1,-1,-1
164,2,768.28,269.15,205.78,625.74,0.8909,-1,-1,-1
164,5,1116.52,298.34,181.57,511.28,0.8671,-1,-1,-1
164,7,619.57,393.02,91.89,243.49,0.7240,-1,-1,-1
164,13,940.79,333.26,90.24,350.58,0.6628,-1,-1,-1
164,16,63.46,282.31,237.46,693.06,0.8833,-1,-1,-1
164,20,1020.95,389.90,77.00,220.51,0.7018,-1,-1,-1
164,24,716.43,361.66,78.33,278.69,0.6747,-1,-1,-1
165,2,762.84,265.17,205.44,627.14,0.8865,-1,-1,-1
165,5,1109.99,298.80,180.53,507.72,0.8746,-1,-1,-1
165,7,610.04,392.75,91.58,244.40,0.6889,-1,-1,-1
165,13,938.68,332.88,88.98,348.45,0.6925,-1,-1,-1
165,16,43.50,280.27,244.18,711.42,0.8713,-1,-1,-1
165,20,1016.96,391.23,75.88,216.37,0.6874,-1,-1,-1
165,24,709.04,363.91,77.99,277.36,0.7066,-1,-1,-1
166,2,761.26,260.92,205.26,630.12,0.8856,-1,-1,-1
166,5,1104.96,297.67,179.70,503.15,0.8767,-1,-1,-1
166,7,604.55,391.37,92.08,246.66,0.7178,-1,-1,-1
166,13,932.72,328.04,89.35,351.68,0.6961,-1,-1,-1
166,16,26.94,278.41,250.06,724.97,0.8876,-1,-1,-1
166,20,1011.94,390.87,75.59,214.25,0.6680,-1,-1,-1
166,24,704.78,365.26,78.11,277.52,0.7309,-1,-1,-1
167,2,761.14,257.60,204.24,630.79,0.8746,-1,-1,-1
167,5,1099.92,293.73,181.42,504.90,0.8659,-1,-1,-1
167,7,598.87,390.01,92.28,248.84,0.7265,-1,-1,-1
167,13,931.28,325.75,88.60,350.53,0.6921,-1,-1,-1
167,16,8.97,274.60,254.28,736.87,0.8650,-1,-1,-1
167,20,1010.11,395.93,74.26,209.43,0.5618,-1,-1,-1
167,24,701.04,363.15,79.41,280.82,0.7087,-1,-1,-1
168,2,764.76,254.57,200.31,623.39,0.8656,-1,-1,-1
168,5,1095.78,292.05,182.22,504.38,0.8648,-1,-1,-1
168,7,594.58,389.37,92.14,249.50,0.6913,-1,-1,-1
168,13,929.28,327.96,88.20,349.61,0.6993,-1,-1,-1
168,16,-1.91,266.86,258.77,750.62,0.8877,-1,-1,-1
168,20,1006.17,382.21,79.46,225.40,0.6039,-1,-1,-1
168,24,692.00,358.91,81.58,285.45,0.7781,-1,-1,-1
169,2,769.57,250.47,196.51,615.27,0.8632,-1,-1,-1
169,5,1092.26,291.35,182.97,503.22,0.8698,-1,-1,-1
169,7,589.85,387.74,92.86,251.95,0.7354,-1,-1,-1
169,13,928.16,328.67,86.67,344.90,0.6957,-1,-1,-1
169,16,-11.28,259.33,261.03,763.20,0.9024,-1,-1,-1
169,20,1003.86,377.43,80.26,227.70,0.6373,-1,-1,-1
169,24,687.20,356.89,81.85,283.15,0.7693,-1,-1,-1
170,2,771.61,248.34,193.99,611.59,0.8546,-1,-1,-1
170,5,1087.96,290.74,185.03,505.09,0.8706,-1,-1,-1
170,7,584.32,386.78,91.83,252.18,0.6208,-1,-1,-1
170,13,926.00,329.13,85.85,343.36,0.6889,-1,-1,-1
170,16,-18.66,252.36,261.93,776.07,0.9022,-1,-1,-1
170,20,1002.84,373.03,81.34,231.07,0.6340,-1,-1,-1
170,24,682.06,353.51,84.26,286.80,0.7919,-1,-1,-1
171,2,771.43,246.30,193.02,612.89,0.8563,-1,-1,-1
171,5,1084.87,290.36,187.60,508.42,0.8685,-1,-1,-1
171,7,579.26,383.31,93.59,258.07,0.6406,-1,-1,-1
171,13,925.23,328.56,86.30,346.51,0.7117,-1,-1,-1
171,16,-24.46,246.78,261.67,789.07,0.9018,-1,-1,-1
171,20,1002.88,368.40,80.92,230.97,0.6714,-1,-1,-1
171,24,676.28,352.46,87.36,291.13,0.8042,-1,-1,-1
172,2,770.97,246.50,193.13,616.47,0.8505,-1,-1,-1
172,5,1082.27,290.01,189.44,509.17,0.8734,-1,-1,-1
172,7,575.08,383.81,95.00,260.70,0.6858,-1,-1,-1
172,13,925.79,335.15,83.80,337.38,0.6800,-1,-1,-1
172,16,-29.58,241.66,259.55,800.07,0.8958,-1,-1,-1
172,20,1001.16,367.06,80.54,230.39,0.6567,-1,-1,-1
172,24,671.69,350.90,90.57,294.81,0.8317,-1,-1,-1
173,2,770.98,245.31,192.76,619.70,0.8552,-1,-1,-1
173,5,1079.59,289.02,191.28,510.91,0.8677,-1,-1,-1
173,7,569.34,384.82,96.20,261.90,0.7056,-1,-1,-1
173,13,924.21,336.11,82.91,335.83,0.6682,-1,-1,-1
173,16,-33.98,236.50,257.63,814.82,0.8877,-1,-1,-1
173,20,1001.63,370.46,78.50,224.14,0.6627,-1,-1,-1
173,24,669.20,348.32,94.03,298.34,0.8318,-1,-1,-1
174,2,771.05,245.51,192.40,621.97,0.8592,-1,-1,-1
174,5,1080.00,288.62,193.73,514.61,0.8718,-1,-1,-1
174,7,561.99,381.47,98.08,268.16,0.6960,-1,-1,-1
174,13,924.59,335.66,82.50,336.34,0.6468,-1,-1,-1
174,16,-36.58,232.12,254.55,827.66,0.8844,-1,-1,-1
174,20,1000.93,368.10,79.16,226.91,0.6681,-1,-1,-1
174,24,667.51,345.94,97.30,300.98,0.8183,-1,-1,-1
175,2,772.43,246.50,192.16,626.10,0.8636,-1,-1,-1
175,5,1081.71,288.61,196.04,518.73,0.8728,-1,-1,-1
175,7,557.71,379.59,99.18,272.18,0.6822,-1,-1,-1
175,13,925.97,331.47,82.96,340.62,0.6397,-1,-1,-1
175,16,-38.18,227.03,250.24,837.94,0.8854,-1,-1,-1
175,20,1001.15,367.48,79.71,229.66,0.6667,-1,-1,-1
175,24,665.89,344.88,100.71,303.77,0.8185,-1,-1,-1
176,2,775.94,251.36,191.02,627.74,0.8478,-1,-1,-1
176,5,1084.46,289.15,197.17,520.11,0.8721,-1,-1,-1
176,7,554.41,378.50,100.55,275.93,0.7236,-1,-1,-1
176,13,927.11,327.23,83.11,345.27,0.6382,-1,-1,-1
176,16,-38.82,225.50,245.09,846.06,0.8836,-1,-1,-1
176,20,1003.71,365.97,79.71,231.25,0.6802,-1,-1,-1
176,24,663.93,344.73,104.48,309.10,0.8107,-1,-1,-1
177,2,779.15,256.03,189.53,627.27,0.8483,-1,-1,-1
177,5,1087.46,290.07,197.25,518.72,0.8749,-1,-1,-1
177,7,553.17,379.06,100.73,275.89,0.7128,-1,-1,-1
177,13,926.33,324.77,81.92,348.15,0.5912,-1,-1,-1
177,16,-40.02,223.91,239.07,853.03,0.8760,-1,-1,-1
177,20,1005.83,367.17,78.86,229.85,0.6890,-1,-1,-1
177,24,662.75,345.13,107.15,311.37,0.8151,-1,-1,-1
178,2,783.49,260.41,188.13,626.17,0.8574,-1,-1,-1
178,5,1091.24,290.01,199.42,522.80,0.8787,-1,-1,-1
178,7,552.29,379.15,101.29,277.71,0.7326,-1,-1,-1
178,13,928.21,326.23,80.38,351.95,0.4104,-1,-1,-1
178,16,-40.25,221.60,232.27,857.48,0.8740,-1,-1,-1
178,20,1010.08,369.47,78.19,228.98,0.6447,-1,-1,-1
178,24,662.94,347.15,110.31,314.21,0.8252,-1,-1,-1
179,2,786.59,262.72,186.79,624.97,0.8564,-1,-1,-1
179,5,1096.39,288.29,200.72,526.26,0.8803,-1,-1,-1
179,7,551.52,379.14,102.15,280.05,0.7101,-1,-1,-1
179,13,926.25,309.07,82.46,366.08,0.5764,-1,-1,-1
179,16,-40.59,224.14,223.50,855.67,0.8739,-1,-1,-1
179,20,1013.52,373.12,76.63,224.59,0.6754,-1,-1,-1
179,24,662.84,348.64,113.42,315.35,0.8251,-1,-1,-1
180,2,791.92,265.90,184.78,619.40,0.8629,-1,-1,-1
180,5,1102.39,289.68,200.34,524.70,0.8716,-1,-1,-1
180,7,551.47,378.60,103.47,283.43,0.7638,-1,-1,-1
180,13,931.48,316.06,78.63,358.36,0.3258,-1,-1,-1
180,16,-40.82,227.89,214.30,852.59,0.8652,-1,-1,-1
180,20,1017.39,380.75,74.49,218.09,0.6116,-1,-1,-1
180,24,662.19,350.27,115.70,316.27,0.7985,-1,-1,-1
181,2,795.19,266.13,184.46,618.52,0.8678,-1,-1,-1
181,5,1109.13,286.24,200.77,527.04,0.8746,-1,-1,-1
181,7,552.09,380.85,103.74,284.21,0.7261,-1,-1,-1
181,13,933.23,312.46,77.18,359.96,0.3651,-1,-1,-1
181,16,-38.05,249.17,201.40,831.30,0.8625,-1,-1,-1
181,20,1018.48,374.44,76.76,224.92,0.6326,-1,-1,-1
181,24,662.15,350.83,118.86,319.89,0.8165,-1,-1,-1
182,2,796.87,265.69,184.29,617.70,0.8722,-1,-1,-1
182,5,1116.28,285.94,200.40,527.06,0.8726,-1,-1,-1
182,7,553.80,382.35,104.84,286.59,0.7499,-1,-1,-1
182,13,936.64,312.77,76.07,360.87,0.4417,-1,-1,-1
182,16,-35.54,275.38,188.01,805.34,0.8565,-1,-1,-1
182,20,1022.63,377.02,76.14,221.57,0.7338,-1,-1,-1
182,24,661.44,351.14,121.64,323.16,0.8203,-1,-1,-1
183,2,801.89,264.31,183.71,612.59,0.8732,-1,-1,-1
183,5,1125.55,283.42,197.96,522.18,0.8706,-1,-1,-1
183,7,554.47,385.30,105.33,287.23,0.7398,-1,-1,-1
183,13,940.69,313.71,74.31,357.18,0.3322,-1,-1,-1
183,16,-34.21,301.83,174.52,777.88,0.8433,-1,-1,-1
183,20,1026.62,382.36,75.55,217.35,0.6708,-1,-1,-1
183,24,662.53,349.57,124.33,325.05,0.8299,-1,-1,-1
184,2,806.69,264.90,181.81,601.72,0.8760,-1,-1,-1
184,5,1131.16,282.61,196.04,517.67,0.8755,-1,-1,-1
184,7,556.38,388.22,105.34,285.46,0.7551,-1,-1,-1
184,13,945.01,307.81,75.25,366.07,0.4235,-1,-1,-1
184,16,-30.54,358.86,155.28,719.58,0.8428,-1,-1,-1
184,20,1031.26,381.84,76.98,220.51,0.6440,-1,-1,-1
184,24,666.17,348.04,127.03,327.55,0.8311,-1,-1,-1
185,2,808.25,263.17,182.25,598.89,0.8585,-1,-1,-1
185,5,1137.60,282.81,194.52,514.02,0.8708,-1,-1,-1
185,7,559.78,390.01,106.66,286.13,0.7161,-1,-1,-1
185,13,952.70,310.63,74.53,364.38,0.6067,-1,-1,-1
185,16,-29.22,384.25,143.58,693.19,0.8065,-1,-1,-1
185,20,1036.25,384.02,76.19,217.92,0.6760,-1,-1,-1
185,24,668.84,335.16,133.23,343.33,0.8511,-1,-1,-1
186,2,808.56,259.29,184.22,602.73,0.8641,-1,-1,-1
186,5,1144.27,283.84,193.73,514.28,0.8791,-1,-1,-1
186,7,561.69,390.70,108.45,287.91,0.7528,-1,-1,-1
186,13,957.83,315.76,73.17,360.78,0.5445,-1,-1,-1
186,16,-26.92,397.20,135.47,679.92,0.7607,-1,-1,-1
186,20,1039.48,384.04,76.86,218.13,0.6858,-1,-1,-1
186,24,669.39,327.62,137.19,353.55,0.8471,-1,-1,-1
187,2,810.50,255.46,185.49,603.70,0.8674,-1,-1,-1
187,5,1149.92,280.71,194.89,519.11,0.8826,-1,-1,-1
187,7,562.62,387.42,111.64,293.00,0.7655,-1,-1,-1
187,13,965.23,337.56,68.05,339.05,0.3719,-1,-1,-1
187,20,1042.91,380.13,77.66,219.92,0.7041,-1,-1,-1
187,24,671.02,327.49,137.32,353.40,0.8514,-1,-1,-1
188,2,809.50,253.25,187.75,605.86,0.8690,-1,-1,-1
188,5,1152.85,279.35,194.75,520.19,0.8860,-1,-1,-1
188,7,562.61,385.98,113.49,294.44,0.7759,-1,-1,-1
188,13,968.62,340.78,66.37,335.86,0.2902,-1,-1,-1
188,20,1041.73,377.87,79.15,222.42,0.7110,-1,-1,-1
188,24,670.23,325.58,137.75,353.95,0.8552,-1,-1,-1
189,2,807.32,252.73,190.12,609.03,0.8674,-1,-1,-1
189,5,1154.85,276.79,194.40,522.78,0.8824,-1,-1,-1
189,7,561.35,383.00,116.36,297.94,0.7089,-1,-1,-1
189,13,970.88,337.12,65.94,339.58,0.2308,-1,-1,-1
189,20,1041.21,375.99,80.12,223.68,0.7259,-1,-1,-1
189,24,668.90,324.53,138.97,356.24,0.8494,-1,-1,-1
190,2,807.65,251.67,191.83,612.09,0.8584,-1,-1,-1
190,5,1156.42,275.46,194.61,526.01,0.8807,-1,-1,-1
190,7,558.97,380.76,119.87,301.22,0.7272,-1,-1,-1
190,13,972.47,334.47,65.63,344.53,0.2671,-1,-1,-1
190,20,1038.96,376.10,80.75,222.17,0.7134,-1,-1,-1
190,24,669.72,322.88,140.03,359.98,0.8444,-1,-1,-1
191,2,807.78,252.41,193.57,616.45,0.8553,-1,-1,-1
191,5,1157.87,277.05,194.55,528.44,0.8796,-1,-1,-1
191,7,554.53,378.81,122.81,305.03,0.6635,-1,-1,-1
191,13,973.70,330.49,65.94,351.75,0.3145,-1,-1,-1
191,20,1038.40,374.56,82.40,224.75,0.6992,-1,-1,-1
191,24,669.48,323.45,140.34,361.97,0.8074,-1,-1,-1
192,2,810.01,257.71,193.73,617.73,0.8578,-1,-1,-1
192,5,1157.58,282.51,193.53,528.42,0.8862,-1,-1,-1
192,7,539.19,377.78,121.57,307.31,0.7032,-1,-1,-1
192,20,1036.86,377.19,82.67,223.38,0.7034,-1,-1,-1
192,24,667.44,324.33,140.68,362.83,0.8328,-1,-1,-1
193,2,810.78,262.41,193.79,617.67,0.8681,-1,-1,-1
193,5,1155.97,284.23,192.86,530.55,0.8836,-1,-1,-1
193,7,538.51,377.10,123.09,309.00,0.6638,-1,-1,-1
193,20,1034.39,376.40,84.12,226.09,0.6985,-1,-1,-1
193,24,663.14,328.14,141.22,361.94,0.7864,-1,-1,-1
194,2,810.07,266.67,193.59,615.19,0.8654,-1,-1,-1
194,5,1153.80,286.82,192.44,533.78,0.8793,-1,-1,-1
194,7,534.83,377.20,125.31,312.66,0.7533,-1,-1,-1
194,20,1034.99,377.64,84.47,226.98,0.7262,-1,-1,-1
194,24,659.30,330.57,142.76,365.06,0.8254,-1,-1,-1
195,2,809.12,272.24,193.76,611.53,0.8796,-1,-1,-1
195,5,1150.44,289.97,191.10,534.52,0.8688,-1,-1,-1
195,7,521.34,379.28,125.32,316.04,0.7482,-1,-1,-1
195,20,1031.53,379.99,84.73,225.93,0.7373,-1,-1,-1
195,24,652.48,335.02,144.61,367.49,0.8444,-1,-1,-1
196,2,805.62,271.65,195.71,614.17,0.8865,-1,-1,-1
196,5,1145.18,293.26,190.35,536.54,0.8561,-1,-1,-1
196,7,512.15,379.45,126.40,321.88,0.7626,-1,-1,-1
196,20,1027.45,382.81,84.97,224.12,0.7188,-1,-1,-1
196,24,648.39,340.17,145.16,367.12,0.8287,-1,-1,-1
197,2,803.24,271.86,197.17,614.92,0.8946,-1,-1,-1
197,5,1140.07,294.71,188.90,536.85,0.8555,-1,-1,-1
197,7,503.68,381.96,126.11,324.10,0.7715,-1,-1,-1
197,20,1024.15,386.79,85.24,222.49,0.7609,-1,-1,-1
197,24,640.56,341.80,146.94,369.75,0.8225,-1,-1,-1
198,2,802.58,273.02,198.32,615.58,0.8890,-1,-1,-1
198,5,1136.40,296.72,185.91,530.33,0.8547,-1,-1,-1
198,7,493.74,384.51,127.30,329.57,0.7919,-1,-1,-1
198,20,1020.22,390.00,85.45,221.26,0.7206,-1,-1,-1
198,24,628.48,343.15,149.77,374.50,0.8376,-1,-1,-1
199,2,806.55,275.67,194.04,600.96,0.8819,-1,-1,-1
199,5,1130.98,297.88,188.24,539.82,0.8627,-1,-1,-1
199,7,486.73,387.40,127.86,332.51,0.8201,-1,-1,-1
199,20,1015.56,395.74,84.47,216.65,0.7437,-1,-1,-1
199,24,614.67,346.90,153.54,381.20,0.8337,-1,-1,-1
200,2,806.73,279.87,191.57,589.53,0.8845,-1,-1,-1
200,5,1125.12,299.45,188.33,541.47,0.8615,-1,-1,-1
200,7,480.35,391.74,129.46,335.88,0.7003,-1,-1,-1
200,20,1012.97,403.80,82.87,211.01,0.6668,-1,-1,-1
200,24,608.57,348.91,154.25,383.84,0.8438,-1,-1,-1
201,2,804.34,281.26,191.46,588.11,0.8868,-1,-1,-1
201,5,1119.74,303.05,186.20,534.21,0.8700,-1,-1,-1
201,7,466.26,394.98,128.05,335.53,0.7717,-1,-1,-1
201,20,1008.09,397.61,85.44,219.17,0.7351,-1,-1,-1
201,24,592.70,348.23,155.79,384.78,0.7970,-1,-1,-1
202,2,799.33,281.77,192.49,590.99,0.8919,-1,-1,-1
202,5,1114.43,304.28,186.14,532.64,0.8721,-1,-1,-1
202,7,458.97,398.66,128.32,335.67,0.8074,-1,-1,-1
202,20,1004.98,403.39,83.73,215.68,0.6843,-1,-1,-1
202,24,584.22,347.12,157.06,389.07,0.8089,-1,-1,-1
203,2,797.68,282.37,192.63,593.60,0.8817,-1,-1,-1
203,5,1110.37,304.90,186.70,532.21,0.8731,-1,-1,-1
203,7,439.85,397.59,128.84,342.98,0.6161,-1,-1,-1
203,20,1001.34,407.79,83.37,215.11,0.7239,-1,-1,-1
203,24,577.25,345.36,159.27,395.61,0.8279,-1,-1,-1
204,2,799.08,284.56,191.48,595.26,0.8650,-1,-1,-1
204,5,1106.89,304.39,186.86,531.25,0.8711,-1,-1,-1
204,7,437.11,398.85,131.34,346.36,0.7254,-1,-1,-1
204,20,1000.59,412.03,83.18,216.34,0.7367,-1,-1,-1
204,24,571.26,344.94,159.84,397.86,0.8170,-1,-1,-1
205,2,799.66,286.23,190.33,597.00,0.8644,-1,-1,-1
205,5,1105.25,304.26,187.10,530.13,0.8740,-1,-1,-1
205,7,430.63,399.37,133.65,348.99,0.7802,-1,-1,-1
205,20,999.49,414.10,82.05,214.91,0.7011,-1,-1,-1
205,24,562.43,344.11,160.06,400.36,0.8009,-1,-1,-1
205,28,758.25,397.69,69.43,244.26,0.6582,-1,-1,-1
206,2,799.84,287.85,189.10,598.73,0.8670,-1,-1,-1
206,5,1104.04,306.56,188.60,531.14,0.8667,-1,-1,-1
206,7,424.57,397.97,136.48,352.53,0.7965,-1,-1,-1
206,20,998.59,415.88,80.85,212.14,0.6889,-1,-1,-1
206,24,556.14,343.15,161.12,404.50,0.8319,-1,-1,-1
206,28,755.97,396.72,70.51,248.17,0.6906,-1,-1,-1
207,2,800.24,289.34,187.31,598.46,0.8644,-1,-1,-1
207,5,1102.17,307.78,190.69,533.00,0.8681,-1,-1,-1
207,7,416.97,396.30,138.85,356.13,0.8314,-1,-1,-1
207,20,997.89,415.39,81.06,213.59,0.6986,-1,-1,-1
207,24,550.77,343.93,162.11,406.96,0.8533,-1,-1,-1
207,28,754.35,396.05,70.73,248.81,0.6906,-1,-1,-1
208,2,800.85,290.29,185.47,598.07,0.8560,-1,-1,-1
208,5,1100.26,305.68,193.83,537.91,0.8680,-1,-1,-1
208,7,407.37,395.48,140.14,358.52,0.8412,-1,-1,-1
208,20,999.36,411.88,80.03,212.21,0.7249,-1,-1,-1
208,24,544.54,338.34,164.23,413.16,0.8586,-1,-1,-1
208,28,753.68,394.19,71.20,250.45,0.6880,-1,-1,-1
209,2,800.75,291.56,184.00,598.10,0.8554,-1,-1,-1
209,5,1100.12,305.61,196.25,540.92,0.8675,-1,-1,-1
209,7,401.35,392.71,142.14,362.23,0.8271,-1,-1,-1
209,20,999.09,406.27,80.72,215.50,0.7166,-1,-1,-1
209,24,539.23,336.28,167.33,419.27,0.8639,-1,-1,-1
209,28,752.60,393.95,71.41,251.85,0.6312,-1,-1,-1
210,2,800.04,294.25,182.80,597.50,0.8647,-1,-1,-1
210,5,1101.26,308.02,197.53,540.52,0.8718,-1,-1,-1
210,7,393.88,390.46,143.83,365.76,0.8244,-1,-1,-1
210,20,999.52,404.90,80.70,216.24,0.5578,-1,-1,-1
210,24,534.89,338.48,169.53,422.62,0.8500,-1,-1,-1
210,28,748.95,392.97,72.12,254.44,0.6422,-1,-1,-1
211,2,799.48,294.51,182.67,599.87,0.8700,-1,-1,-1
211,5,1101.05,309.76,199.84,543.95,0.8725,-1,-1,-1
211,7,386.31,389.69,144.94,367.71,0.8251,-1,-1,-1
211,20,1001.82,414.89,76.79,206.11,0.5491,-1,-1,-1
211,24,525.48,331.77,176.24,437.23,0.8324,-1,-1,-1
211,28,745.68,393.59,72.90,257.41,0.6484,-1,-1,-1
212,2,797.97,293.27,182.91,600.25,0.8608,-1,-1,-1
212,5,1101.26,313.57,200.59,542.10,0.8651,-1,-1,-1
212,7,376.23,389.46,147.15,374.54,0.8262,-1,-1,-1
212,20,998.95,408.03,79.82,214.88,0.6690,-1,-1,-1
212,24,514.35,331.01,181.83,446.45,0.8212,-1,-1,-1
212,28,743.33,394.63,73.46,258.99,0.6526,-1,-1,-1
213,2,794.83,293.75,182.95,600.25,0.8643,-1,-1,-1
213,5,1100.01,312.21,202.82,545.48,0.8609,-1,-1,-1
213,7,368.04,390.29,150.77,384.07,0.8420,-1,-1,-1
213,20,996.25,404.38,81.68,220.00,0.7170,-1,-1,-1
213,24,510.88,337.27,182.78,446.11,0.8367,-1,-1,-1
213,28,739.08,396.00,74.17,262.62,0.6704,-1,-1,-1
214,2,793.40,297.73,181.24,592.99,0.8604,-1,-1,-1
214,5,1100.21,317.26,203.82,545.58,0.8703,-1,-1,-1
214,7,362.30,395.02,152.88,390.15,0.8434,-1,-1,-1
214,20,995.74,409.13,81.72,219.48,0.7443,-1,-1,-1
214,24,507.58,341.85,184.69,448.98,0.8454,-1,-1,-1
214,28,737.01,400.93,73.47,261.25,0.6719,-1,-1,-1
215,2,792.62,295.24,180.01,585.58,0.8647,-1,-1,-1
215,5,1101.20,314.81,206.59,552.67,0.8722,-1,-1,-1
215,7,356.96,396.30,154.66,396.01,0.8483,-1,-1,-1
215,20,995.45,407.48,82.90,221.85,0.7165,-1,-1,-1
215,24,504.52,341.62,187.78,455.11,0.8642,-1,-1,-1
215,28,735.77,401.33,72.98,260.88,0.6942,-1,-1,-1
216,2,791.38,292.97,181.59,586.98,0.8661,-1,-1,-1
216,5,1105.69,312.18,207.69,558.04,0.8833,-1,-1,-1
216,7,353.00,396.95,156.22,401.85,0.8469,-1,-1,-1
216,20,1000.52,412.02,81.30,217.85,0.7527,-1,-1,-1
216,24,500.26,338.58,191.71,464.82,0.8709,-1,-1,-1
216,28,737.16,400.94,72.30,259.96,0.6179,-1,-1,-1
217,2,791.05,291.38,183.18,588.26,0.8724,-1,-1,-1
217,5,1110.95,310.09,207.68,559.76,0.8829,-1,-1,-1
217,7,350.89,397.70,156.19,403.44,0.8452,-1,-1,-1
217,20,1005.32,416.11,80.38,215.06,0.7734,-1,-1,-1
217,24,497.84,335.05,194.70,473.09,0.8697,-1,-1,-1
217,28,738.61,399.26,73.31,265.58,0.6355,-1,-1,-1
218,2,793.39,290.52,184.82,590.61,0.8777,-1,-1,-1
218,5,1118.14,312.12,205.02,554.77,0.8740,-1,-1,-1
218,7,350.54,397.52,158.28,409.01,0.8515,-1,-1,-1
218,20,1010.04,422.03,78.55,209.51,0.7530,-1,-1,-1
218,24,496.57,328.74,197.71,483.13,0.8720,-1,-1,-1
218,28,741.61,397.96,73.61,269.63,0.6781,-1,-1,-1
219,2,797.15,290.81,186.10,591.82,0.8761,-1,-1,-1
219,5,1125.81,313.25,202.55,549.53,0.8746,-1,-1,-1
219,7,351.83,397.16,160.85,414.27,0.8511,-1,-1,-1
219,20,1014.53,420.82,80.48,214.62,0.7158,-1,-1,-1
219,24,498.79,325.12,198.87,488.61,0.8771,-1,-1,-1
219,28,744.86,397.99,73.77,272.60,0.6845,-1,-1,-1
220,2,798.53,294.44,187.47,592.62,0.8704,-1,-1,-1
220,5,1132.33,314.19,201.20,546.95,0.8721,-1,-1,-1
220,7,352.83,395.87,162.71,417.55,0.8581,-1,-1,-1
220,20,1018.74,420.20,81.01,216.07,0.7221,-1,-1,-1
220,24,501.53,323.16,199.24,492.32,0.8668,-1,-1,-1
220,28,747.88,398.50,73.85,273.29,0.6721,-1,-1,-1
221,2,804.03,297.22,189.16,594.77,0.8588,-1,-1,-1
221,5,1141.60,314.78,200.79,546.14,0.8733,-1,-1,-1
221,7,352.53,391.77,165.49,423.17,0.8507,-1,-1,-1
221,20,1024.17,422.56,80.63,214.96,0.7114,-1,-1,-1
221,24,502.64,319.47,200.04,497.33,0.8653,-1,-1,-1
221,28,751.91,397.17,74.76,276.40,0.7017,-1,-1,-1
221,29,665.84,404.35,62.49,184.24,0.5404,-1,-1,-1
222,2,808.46,299.47,190.46,597.26,0.8565,-1,-1,-1
222,5,1149.71,317.43,199.94,545.91,0.8892,-1,-1,-1
222,7,351.52,388.20,167.91,428.11,0.8545,-1,-1,-1
222,20,1026.01,423.64,81.76,216.23,0.7129,-1,-1,-1
222,24,503.45,316.24,201.02,502.94,0.8747,-1,-1,-1
222,28,756.25,397.09,75.48,278.07,0.7174,-1,-1,-1
222,29,669.11,406.12,63.69,187.48,0.5039,-1,-1,-1
223,2,815.42,302.10,190.41,596.62,0.8709,-1,-1,-1
223,5,1156.91,317.71,199.49,547.40,0.8805,-1,-1,-1
223,7,349.76,386.31,169.72,431.04,0.8502,-1,-1,-1
223,20,1031.22,421.92,82.13,218.52,0.7053,-1,-1,-1
223,24,505.17,313.29,200.68,504.07,0.8739,-1,-1,-1
223,28,759.85,396.16,76.26,279.63,0.7205,-1,-1,-1
223,29,671.27,406.90,64.83,190.37,0.5438,-1,-1,-1
224,2,822.44,304.60,190.16,594.51,0.8797,-1,-1,-1
224,5,1162.44,313.73,200.37,553.35,0.8860,-1,-1,-1
224,7,348.08,385.19,170.65,432.51,0.8486,-1,-1,-1
224,20,1036.30,419.96,82.20,219.09,0.7570,-1,-1,-1
224,24,504.51,307.04,203.18,512.27,0.8762,-1,-1,-1
224,28,762.18,393.81,78.06,284.50,0.8185,-1,-1,-1
224,29,672.82,406.61,66.59,195.24,0.4122,-1,-1,-1
225,2,829.07,304.57,190.97,593.90,0.8805,-1,-1,-1
225,5,1169.33,313.88,199.75,554.81,0.8826,-1,-1,-1
225,7,345.68,384.39,171.42,435.41,0.8528,-1,-1,-1
225,20,1039.15,420.92,81.46,216.85,0.7668,-1,-1,-1
225,24,503.14,301.76,206.82,523.15,0.8706,-1,-1,-1
225,28,764.32,393.35,79.60,286.59,0.8125,-1,-1,-1
225,29,673.17,405.03,68.55,201.02,0.5325,-1,-1,-1
226,2,837.43,303.08,190.08,589.18,0.8722,-1,-1,-1
226,5,1173.49,313.72,199.36,557.31,0.8713,-1,-1,-1
226,7,340.59,382.44,172.48,438.58,0.8616,-1,-1,-1
226,20,1040.31,422.45,80.75,214.19,0.7552,-1,-1,-1
226,24,498.82,300.15,210.04,531.86,0.8715,-1,-1,-1
226,28,766.07,393.55,81.42,288.06,0.7939,-1,-1,-1
226,29,672.49,405.29,72.15,211.78,0.6473,-1,-1,-1
227,2,841.97,302.19,188.79,581.98,0.8734,-1,-1,-1
227,5,1177.68,314.46,198.67,558.36,0.8637,-1,-1,-1
227,7,333.49,379.64,175.25,447.00,0.8501,-1,-1,-1
227,20,1043.83,425.72,79.83,209.80,0.7622,-1,-1,-1
227,24,492.78,296.74,214.49,543.88,0.8762,-1,-1,-1
227,28,764.72,393.45,83.90,290.26,0.7858,-1,-1,-1
227,29,672.01,403.86,74.09,217.64,0.6701,-1,-1,-1
228,2,843.08,299.94,192.19,592.08,0.8665,-1,-1,-1
228,5,1179.71,315.20,198.87,562.51,0.8641,-1,-1,-1
228,7,324.67,373.87,178.36,459.67,0.8495,-1,-1,-1
228,20,1045.45,422.09,81.27,212.59,0.7660,-1,-1,-1
228,24,482.09,292.56,219.34,552.93,0.8746,-1,-1,-1
228,28,764.17,393.20,86.57,292.95,0.7976,-1,-1,-1
228,29,669.47,401.66,76.85,225.41,0.6483,-1,-1,-1
229,2,846.99,297.71,192.00,592.53,0.8580,-1,-1,-1
229,5,1180.30,316.29,198.51,564.93,0.8663,-1,-1,-1
229,7,314.69,369.99,180.73,471.11,0.8457,-1,-1,-1
229,20,1047.51,421.25,81.49,212.85,0.7606,-1,-1,-1
229,24,475.92,290.59,221.48,556.67,0.8691,-1,-1,-1
229,28,762.71,393.46,88.88,295.86,0.8024,-1,-1,-1
229,29,666.46,401.11,78.02,228.07,0.6378,-1,-1,-1
230,2,853.05,297.50,189.55,585.58,0.8512,-1,-1,-1
230,5,1181.42,316.73,197.56,565.42,0.8678,-1,-1,-1
230,7,305.80,370.44,183.43,480.57,0.8695,-1,-1,-1
230,20,1048.29,419.90,82.10,215.07,0.7607,-1,-1,-1
230,24,463.52,289.98,226.95,566.11,0.8505,-1,-1,-1
230,28,761.70,395.14,90.59,297.58,0.8084,-1,-1,-1
230,29,663.03,398.82,80.00,232.39,0.6840,-1,-1,-1
231,2,858.99,298.33,186.60,577.99,0.8568,-1,-1,-1
231,5,1181.40,316.28,197.13,567.27,0.8616,-1,-1,-1
231,7,294.34,374.04,183.73,482.77,0.8448,-1,-1,-1
231,20,1047.81,417.79,82.88,217.85,0.7493,-1,-1,-1
231,24,453.60,288.32,233.52,578.90,0.8316,-1,-1,-1
231,28,760.69,395.51,92.38,300.17,0.8187,-1,-1,-1
231,29,658.34,397.91,84.13,242.87,0.6945,-1,-1,-1
232,2,861.38,298.56,185.07,574.98,0.8498,-1,-1,-1
232,5,1179.96,316.43,197.03,570.14,0.8623,-1,-1,-1
232,7,276.96,372.92,186.49,492.55,0.8270,-1,-1,-1
232,20,1046.08,420.68,81.91,215.84,0.7543,-1,-1,-1
232,24,443.40,287.02,237.91,588.44,0.8570,-1,-1,-1
232,28,756.68,398.87,93.56,300.85,0.8367,-1,-1,-1
232,29,650.43,398.17,90.41,260.88,0.7756,-1,-1,-1
232,31,1850.05,402.55,67.72,90.77,0.5294,-1,-1,-1
233,2,857.87,300.74,186.41,580.29,0.8623,-1,-1,-1
233,5,1177.33,317.77,198.00,575.49,0.8610,-1,-1,-1
233,7,258.82,370.89,191.93,506.75,0.8720,-1,-1,-1
233,20,1043.04,421.67,82.66,218.70,0.7542,-1,-1,-1
233,24,430.34,284.67,243.81,602.86,0.8818,-1,-1,-1
233,28,746.91,396.34,96.70,305.82,0.8273,-1,-1,-1
233,29,640.69,403.03,95.29,275.29,0.7755,-1,-1,-1
233,31,1849.78,407.02,66.28,88.81,0.5329,-1,-1,-1
234,2,856.90,302.47,187.04,583.33,0.8706,-1,-1,-1
234,5,1174.11,320.71,197.73,575.72,0.8715,-1,-1,-1
234,7,246.37,368.46,195.97,519.52,0.8782,-1,-1,-1
234,20,1038.69,425.10,82.43,218.35,0.7212,-1,-1,-1
234,24,413.62,281.10,248.05,614.88,0.8917,-1,-1,-1
234,28,741.38,392.88,99.22,311.20,0.8218,-1,-1,-1
234,29,632.79,403.41,98.71,285.79,0.7805,-1,-1,-1
234,31,1849.74,411.90,63.93,85.52,0.4890,-1,-1,-1
235,2,855.75,303.84,187.82,586.85,0.8744,-1,-1,-1
235,5,1167.41,321.09,198.42,577.41,0.8778,-1,-1,-1
235,7,230.83,364.92,199.50,531.71,0.8849,-1,-1,-1
235,20,1037.01,426.35,81.87,217.69,0.7091,-1,-1,-1
235,24,397.64,274.69,251.92,625.54,0.8765,-1,-1,-1
235,28,731.52,391.83,101.25,314.22,0.8087,-1,-1,-1
235,29,624.91,404.28,100.14,291.31,0.7868,-1,-1,-1
235,31,1850.14,414.02,64.05,85.69,0.4452,-1,-1,-1
236,2,855.10,306.39,187.76,588.90,0.8761,-1,-1,-1
236,5,1162.25,322.85,199.02,577.38,0.8717,-1,-1,-1
236,7,217.48,363.07,200.99,537.40,0.8437,-1,-1,-1
236,20,1034.44,428.30,81.05,215.04,0.6684,-1,-1,-1
236,24,383.44,270.24,254.49,635.26,0.8691,-1,-1,-1
236,28,726.11,392.00,103.17,318.44,0.7960,-1,-1,-1
236,29,614.99,405.32,103.35,301.44,0.8306,-1,-1,-1
236,31,1850.73,416.13,63.83,85.30,0.5010,-1,-1,-1
237,2,855.00,310.43,186.78,588.99,0.8785,-1,-1,-1
237,5,1159.62,324.57,198.68,573.08,0.8787,-1,-1,-1
237,7,203.81,361.09,202.90,543.65,0.8653,-1,-1,-1
237,20,1033.25,428.16,81.66,218.21,0.6898,-1,-1,-1
237,24,371.08,266.30,256.18,643.08,0.8656,-1,-1,-1
237,28,718.02,392.86,105.65,321.89,0.7995,-1,-1,-1
237,29,606.92,406.08,104.53,306.44,0.7909,-1,-1,-1
237,31,1849.96,416.97,65.25,87.14,0.5013,-1,-1,-1
238,2,853.49,312.45,186.29,591.61,0.8762,-1,-1,-1
238,5,1157.01,328.05,198.22,566.69,0.8779,-1,-1,-1
238,7,188.52,354.06,206.31,555.39,0.8589,-1,-1,-1
238,20,1032.99,427.65,81.88,221.03,0.5364,-1,-1,-1
238,24,354.55,261.17,259.20,655.98,0.8687,-1,-1,-1
238,28,715.68,389.73,107.59,326.34,0.8140,-1,-1,-1
238,29,599.78,406.30,105.27,309.00,0.7958,-1,-1,-1
238,31,1847.62,417.08,67.63,90.30,0.5429,-1,-1,-1
239,2,852.12,316.97,184.94,591.14,0.8673,-1,-1,-1
239,5,1153.78,328.25,199.06,564.97,0.8812,-1,-1,-1
239,7,171.90,350.61,208.12,564.71,0.8869,-1,-1,-1
239,20,1028.73,427.36,81.94,224.31,0.5563,-1,-1,-1
239,24,338.30,257.77,261.46,662.97,0.8638,-1,-1,-1
239,28,708.48,388.18,109.91,330.58,0.8320,-1,-1,-1
239,29,592.32,405.49,106.40,313.78,0.7612,-1,-1,-1
239,31,1846.49,418.70,68.03,91.03,0.5650,-1,-1,-1
240,2,847.15,321.43,183.24,590.13,0.8587,-1,-1,-1
240,5,1146.86,327.96,201.58,567.13,0.8883,-1,-1,-1
240,7,153.05,346.58,211.05,574.42,0.8436,-1,-1,-1
240,20,1026.96,431.76,82.10,227.20,0.5882,-1,-1,-1
240,24,319.70,253.29,266.42,671.05,0.8766,-1,-1,-1
240,28,702.42,387.91,111.90,334.31,0.8188,-1,-1,-1
240,29,586.68,406.64,106.68,316.05,0.7662,-1,-1,-1
240,31,1842.60,420.80,68.81,92.13,0.5895,-1,-1,-1
241,2,840.93,323.33,181.70,589.71,0.8660,-1,-1,-1
241,5,1140.73,327.19,203.94,570.07,0.8763,-1,-1,-1
241,7,137.06,346.45,211.35,576.05,0.8462,-1,-1,-1
241,20,1021.11,428.83,81.88,226.82,0.5000,-1,-1,-1
241,24,305.27,250.28,268.74,678.03,0.8830,-1,-1,-1
241,28,696.93,389.02,113.19,335.62,0.8160,-1,-1,-1
241,29,577.69,406.99,108.38,322.93,0.8256,-1,-1,-1
241,31,1841.62,423.69,67.21,89.78,0.4501,-1,-1,-1
242,2,832.67,324.49,180.36,588.93,0.8502,-1,-1,-1
242,5,1136.30,328.29,205.14,570.36,0.8683,-1,-1,-1
242,7,111.94,341.50,217.32,588.32,0.8460,-1,-1,-1
242,20,1013.26,425.83,83.03,231.52,0.5248,-1,-1,-1
242,24,287.43,246.08,275.01,692.81,0.8867,-1,-1,-1
242,28,688.61,389.40,114.86,338.32,0.8131,-1,-1,-1
242,29,568.48,405.04,109.65,328.65,0.8343,-1,-1,-1
242,31,1834.63,422.83,69.96,92.81,0.4367,-1,-1,-1
243,2,825.00,321.22,180.36,591.04,0.8413,-1,-1,-1
243,5,1130.16,329.33,206.32,571.48,0.8705,-1,-1,-1
243,7,90.65,338.68,221.64,597.13,0.8169,-1,-1,-1
243,20,1006.45,426.14,85.01,239.36,0.5490,-1,-1,-1
243,24,262.61,241.73,285.30,713.98,0.8872,-1,-1,-1
243,28,682.10,389.42,116.20,342.61,0.8162,-1,-1,-1
243,29,557.68,403.54,111.10,332.14,0.8130,-1,-1,-1
243,31,1828.28,421.97,70.83,93.95,0.5535,-1,-1,-1
244,2,817.24,318.98,180.40,591.72,0.8402,-1,-1,-1
244,5,1123.82,331.74,207.19,571.40,0.8608,-1,-1,-1
244,7,67.98,336.15,230.32,620.96,0.8241,-1,-1,-1
244,20,1003.52,426.15,83.66,236.78,0.6818,-1,-1,-1
244,24,233.35,237.27,301.20,748.24,0.8654,-1,-1,-1
244,28,675.67,391.56,116.20,343.34,0.8384,-1,-1,-1
244,29,546.54,401.33,113.28,338.43,0.7688,-1,-1,-1
244,31,1824.79,422.13,70.16,92.92,0.5693,-1,-1,-1
245,2,808.10,317.80,179.88,587.98,0.8471,-1,-1,-1
245,5,1118.95,332.93,207.97,571.50,0.8653,-1,-1,-1
245,7,38.58,335.20,237.04,633.79,0.8574,-1,-1,-1
245,20,999.94,416.82,84.25,241.06,0.5801,-1,-1,-1
245,24,215.93,235.64,305.38,752.07,0.8577,-1,-1,-1
245,28,668.13,392.86,117.16,345.84,0.8309,-1,-1,-1
245,29,534.38,399.55,115.48,345.24,0.7876,-1,-1,-1
245,31,1821.37,422.47,69.88,92.74,0.5656,-1,-1,-1
246,2,801.54,317.21,179.24,580.71,0.8484,-1,-1,-1
246,5,1114.41,333.54,209.39,573.01,0.8729,-1,-1,-1
246,7,17.75,333.83,240.93,643.40,0.8509,-1,-1,-1
246,20,996.55,417.86,81.62,235.20,0.6104,-1,-1,-1
246,24,193.38,232.78,321.64,788.85,0.8851,-1,-1,-1
246,28,657.53,392.42,119.55,351.92,0.8208,-1,-1,-1
246,29,524.12,397.99,117.76,350.75,0.8028,-1,-1,-1
246,31,1817.86,422.58,69.39,92.27,0.5319,-1,-1,-1
247,2,796.93,317.07,179.91,577.42,0.8436,-1,-1,-1
247,5,1110.39,335.22,210.62,573.53,0.8730,-1,-1,-1
247,7,0.12,334.68,245.53,655.88,0.8650,-1,-1,-1
247,20,994.04,427.03,78.11,225.64,0.5132,-1,-1,-1
247,24,166.23,230.00,333.37,810.38,0.8751,-1,-1,-1
247,28,650.19,393.06,121.32,355.43,0.8229,-1,-1,-1
247,29,514.06,398.17,120.05,358.52,0.7664,-1,-1,-1
247,31,1812.15,421.45,69.70,92.62,0.5253,-1,-1,-1
248,2,793.44,319.29,182.00,576.91,0.8274,-1,-1,-1
248,5,1104.67,335.93,213.90,580.61,0.8770,-1,-1,-1
248,7,-11.83,334.71,250.58,674.74,0.8501,-1,-1,-1
248,20,988.92,425.76,80.37,235.03,0.4324,-1,-1,-1
248,24,138.87,228.85,340.67,815.73,0.8777,-1,-1,-1
248,28,642.64,396.02,122.59,358.37,0.7828,-1,-1,-1
248,29,503.90,399.23,121.90,366.16,0.8088,-1,-1,-1
248,31,1811.70,424.55,68.30,92.10,0.3506,-1,-1,-1
249,2,786.21,321.96,183.41,577.90,0.8298,-1,-1,-1
249,5,1102.27,338.08,215.78,585.18,0.8771,-1,-1,-1
249,7,-24.43,347.10,249.75,685.91,0.8294,-1,-1,-1
249,20,984.30,435.07,81.48,241.41,0.3225,-1,-1,-1
249,24,113.64,225.65,351.79,834.90,0.8828,-1,-1,-1
249,28,635.06,395.80,125.69,365.85,0.7803,-1,-1,-1
249,29,495.98,401.88,124.79,375.66,0.7965,-1,-1,-1
249,31,1806.92,425.39,68.18,91.51,0.4907,-1,-1,-1
250,2,780.81,322.02,185.66,581.74,0.8365,-1,-1,-1
250,5,1101.14,339.38,216.99,588.31,0.8789,-1,-1,-1
250,7,-36.06,344.15,252.77,714.56,0.8307,-1,-1,-1
250,20,974.76,446.84,91.49,280.19,0.1913,-1,-1,-1
250,24,93.14,221.43,360.09,849.06,0.8588,-1,-1,-1
250,28,629.88,396.12,128.07,371.86,0.8157,-1,-1,-1
250,29,489.97,405.12,125.94,380.82,0.7873,-1,-1,-1
250,31,1808.40,426.68,67.49,90.77,0.3875,-1,-1,-1
250,32,940.42,371.85,66.77,378.92,0.5603,-1,-1,-1
251,2,777.70,325.55,187.37,584.76,0.8483,-1,-1,-1
251,5,1101.11,339.17,218.04,591.63,0.8795,-1,-1,-1
251,7,-41.70,340.43,250.05,729.60,0.8394,-1,-1,-1
251,20,972.73,453.30,92.76,290.49,0.3731,-1,-1,-1
251,24,76.82,217.24,365.31,859.24,0.8853,-1,-1,-1
251,28,626.27,397.81,129.88,375.94,0.8168,-1,-1,-1
251,29,485.37,410.19,126.82,383.13,0.8384,-1,-1,-1
251,31,1809.70,428.70,66.28,88.46,0.3560,-1,-1,-1
251,32,939.71,371.65,67.30,382.00,0.4819,-1,-1,-1
252,2,774.38,328.41,188.94,589.49,0.8510,-1,-1,-1
252,5,1101.79,341.06,218.13,592.30,0.8808,-1,-1,-1
252,7,-46.01,338.75,243.23,736.10,0.8275,-1,-1,-1
252,20,970.32,451.64,94.03,302.90,0.2919,-1,-1,-1
252,24,64.62,211.93,368.23,866.72,0.8886,-1,-1,-1
252,28,618.28,399.30,132.69,379.95,0.8205,-1,-1,-1
252,29,479.94,412.77,128.37,386.05,0.8332,-1,-1,-1
252,31,1810.57,430.17,67.21,88.18,0.3162,-1,-1,-1
252,32,939.98,363.18,69.54,393.64,0.4320,-1,-1,-1
253,2,772.63,330.02,190.66,595.04,0.8523,-1,-1,-1
253,5,1104.78,341.21,218.66,595.07,0.8715,-1,-1,-1
253,7,-50.26,336.27,235.11,742.21,0.8348,-1,-1,-1
253,20,957.31,439.62,99.52,320.14,0.3776,-1,-1,-1
253,24,57.25,204.15,368.15,870.63,0.9057,-1,-1,-1
253,28,611.61,398.15,134.83,380.31,0.8345,-1,-1,-1
253,29,474.75,413.06,130.51,390.66,0.8361,-1,-1,-1
253,31,1813.15,428.51,68.00,88.74,0.3176,-1,-1,-1
253,32,938.94,368.89,68.96,387.91,0.4851,-1,-1,-1
254,2,773.94,333.40,191.24,595.82,0.8485,-1,-1,-1
254,5,1107.54,340.47,217.52,593.63,0.8703,-1,-1,-1
254,7,-52.18,336.19,224.51,742.00,0.8302,-1,-1,-1
254,20,945.79,409.39,110.43,356.49,0.6337,-1,-1,-1
254,24,42.66,198.11,368.82,875.86,0.9119,-1,-1,-1
254,28,609.27,398.86,137.00,381.55,0.8475,-1,-1,-1
254,29,470.14,415.66,132.47,395.98,0.8382,-1,-1,-1
254,31,1818.44,426.53,64.97,83.81,0.3261,-1,-1,-1
254,32,936.38,377.92,67.22,375.76,0.2292,-1,-1,-1
255,2,778.01,337.90,191.69,594.31,0.8591,-1,-1,-1
255,5,1112.07,339.10,216.58,591.66,0.8780,-1,-1,-1
255,7,-55.18,333.90,213.98,744.76,0.7593,-1,-1,-1
255,20,945.17,401.19,114.61,368.29,0.6908,-1,-1,-1
255,24,27.67,190.07,372.10,885.42,0.9113,-1,-1,-1
255,28,607.24,399.44,139.77,384.40,0.8397,-1,-1,-1
255,29,467.31,416.45,134.07,400.79,0.8349,-1,-1,-1
255,31,1821.86,424.49,69.16,88.67,0.4647,-1,-1,-1
256,2,783.42,344.54,190.70,590.52,0.8654,-1,-1,-1
256,5,1118.55,340.94,214.89,586.41,0.8771,-1,-1,-1
256,7,-56.27,333.71,202.06,743.01,0.7023,-1,-1,-1
256,20,948.83,397.54,117.65,374.57,0.6649,-1,-1,-1
256,24,12.81,180.71,376.75,896.85,0.9072,-1,-1,-1
256,28,604.87,401.34,143.21,388.12,0.8378,-1,-1,-1
256,29,465.57,416.23,136.50,407.06,0.8294,-1,-1,-1
256,31,1825.75,424.60,72.46,91.45,0.5409,-1,-1,-1
257,2,789.80,350.47,189.47,584.92,0.8737,-1,-1,-1
257,5,1125.43,341.80,213.20,581.47,0.8827,-1,-1,-1
257,20,955.94,413.06,115.29,361.32,0.5355,-1,-1,-1
257,24,3.54,178.63,375.90,894.85,0.9080,-1,-1,-1
257,28,601.73,401.18,147.38,395.44,0.8298,-1,-1,-1
257,29,463.64,416.16,138.43,412.16,0.8237,-1,-1,-1
257,31,1831.13,425.54,73.56,92.46,0.3616,-1,-1,-1
258,2,795.05,351.02,189.46,584.65,0.8658,-1,-1,-1
258,5,1131.25,341.15,212.88,581.10,0.8778,-1,-1,-1
258,20,963.93,431.37,111.42,342.71,0.5041,-1,-1,-1
258,24,-3.64,174.01,376.85,897.56,0.9188,-1,-1,-1
258,28,598.42,401.10,151.63,403.56,0.8383,-1,-1,-1
258,29,461.46,414.20,139.36,415.51,0.8267,-1,-1,-1
258,31,1831.54,422.60,76.75,95.18,0.4481,-1,-1,-1
259,2,798.82,351.44,190.07,586.31,0.8702,-1,-1,-1
259,5,1135.72,340.92,212.52,581.18,0.8936,-1,-1,-1
259,20,966.38,428.20,113.92,346.47,0.5852,-1,-1,-1
259,24,-8.00,168.78,378.17,902.09,0.9222,-1,-1,-1
259,28,594.81,403.85,153.57,403.67,0.8511,-1,-1,-1
259,29,457.28,411.39,139.46,416.30,0.8326,-1,-1,-1
259,31,1841.77,422.00,75.47,94.36,0.4243,-1,-1,-1
260,2,803.33,349.52,190.70,587.89,0.8502,-1,-1,-1
260,5,1140.07,340.41,213.33,585.94,0.8958,-1,-1,-1
260,20,975.44,430.69,112.74,342.02,0.5951,-1,-1,-1
260,24,-11.76,160.80,380.36,910.79,0.9303,-1,-1,-1
260,28,592.10,408.01,155.49,403.23,0.8413,-1,-1,-1
260,29,452.61,408.75,141.31,421.37,0.8237,-1,-1,-1
260,31,1847.34,422.99,74.30,93.83,0.3697,-1,-1,-1
261,2,812.21,345.98,187.43,578.72,0.8508,-1,-1,-1
261,5,1143.19,340.45,213.26,588.47,0.9040,-1,-1,-1
261,20,977.79,430.95,113.87,343.38,0.6729,-1,-1,-1
261,24,-15.69,152.16,382.19,921.08,0.9334,-1,-1,-1
261,28,590.36,410.35,157.76,405.98,0.8246,-1,-1,-1
261,29,449.20,405.49,142.79,425.37,0.8190,-1,-1,-1
261,31,1849.62,423.77,73.94,94.43,0.3956,-1,-1,-1
262,2,818.73,343.23,184.71,571.22,0.8615,-1,-1,-1
262,5,1146.41,339.90,213.01,590.58,0.9056,-1,-1,-1
262,20,979.76,429.58,115.41,345.39,0.6620,-1,-1,-1
262,24,-19.98,143.93,382.49,930.35,0.9328,-1,-1,-1
262,28,590.16,411.20,158.82,409.17,0.7840,-1,-1,-1
262,29,444.42,404.10,144.92,432.22,0.8476,-1,-1,-1
262,31,1853.29,423.33,72.91,95.06,0.4686,-1,-1,-1
262,34,784.51,455.07,57.15,207.47,0.5739,-1,-1,-1
263,2,822.85,342.01,182.47,566.44,0.8498,-1,-1,-1
263,5,1150.18,337.99,212.93,593.51,0.9056,-1,-1,-1
263,20,984.49,427.46,116.63,347.44,0.6633,-1,-1,-1
263,24,-25.06,132.15,382.32,941.81,0.9310,-1,-1,-1
263,28,585.84,409.14,161.11,417.39,0.7173,-1,-1,-1
263,29,438.44,401.49,147.02,439.54,0.8474,-1,-1,-1
263,31,1856.61,423.47,70.70,94.26,0.3669,-1,-1,-1
263,34,785.26,452.09,58.24,211.23,0.5934,-1,-1,-1
264,2,824.13,340.71,181.29,564.29,0.8389,-1,-1,-1
264,5,1153.22,336.47,212.62,595.50,0.8980,-1,-1,-1
264,20,987.85,422.81,119.65,352.72,0.6280,-1,-1,-1
264,24,-29.48,123.77,379.09,948.42,0.9193,-1,-1,-1
264,28,581.12,405.55,162.64,424.29,0.7753,-1,-1,-1
264,29,429.57,396.64,151.92,452.54,0.8480,-1,-1,-1
264,31,1856.21,421.19,68.10,93.87,0.3383,-1,-1,-1
264,34,786.45,449.01,59.49,215.88,0.6361,-1,-1,-1
265,2,824.90,333.00,180.96,567.23,0.8413,-1,-1,-1
265,5,1155.14,334.66,212.49,597.82,0.8975,-1,-1,-1
265,20,995.46,416.37,121.52,357.09,0.7843,-1,-1,-1
265,24,-35.04,115.13,374.27,954.81,0.8963,-1,-1,-1
265,28,577.26,398.85,162.27,428.70,0.7813,-1,-1,-1
265,29,420.44,395.15,154.37,456.48,0.8462,-1,-1,-1
265,31,1859.97,420.36,67.01,94.77,0.3797,-1,-1,-1
265,34,786.34,445.33,62.42,226.65,0.6927,-1,-1,-1
266,2,826.13,326.61,181.66,574.07,0.8497,-1,-1,-1
266,5,1156.41,332.39,212.55,600.85,0.8977,-1,-1,-1
266,20,1001.97,410.63,124.24,360.21,0.7646,-1,-1,-1
266,24,-40.03,115.94,363.23,948.39,0.8294,-1,-1,-1
266,28,571.18,392.36,161.65,429.60,0.7628,-1,-1,-1
266,29,410.30,396.34,155.21,457.35,0.8253,-1,-1,-1
266,31,1865.02,419.69,64.93,95.25,0.4603,-1,-1,-1
266,34,786.85,443.46,63.51,230.23,0.7495,-1,-1,-1
267,2,828.78,324.08,180.93,577.29,0.8437,-1,-1,-1
267,5,1158.31,330.85,212.35,603.06,0.8953,-1,-1,-1
267,20,1008.77,406.77,125.23,361.01,0.7734,-1,-1,-1
267,24,-33.94,196.01,324.16,862.45,0.8196,-1,-1,-1
267,28,555.69,383.18,167.32,441.84,0.8281,-1,-1,-1
267,29,402.75,391.70,157.19,464.68,0.8341,-1,-1,-1
267,31,1869.45,418.88,62.17,95.04,0.4993,-1,-1,-1
267,34,787.62,442.15,64.98,234.97,0.7603,-1,-1,-1
268,2,831.87,323.73,179.08,579.27,0.8448,-1,-1,-1
268,5,1159.39,328.52,212.02,604.68,0.8972,-1,-1,-1
268,20,1012.48,404.12,126.49,363.47,0.8021,-1,-1,-1
268,24,-34.58,226.43,287.78,785.06,0.8356,-1,-1,-1
268,28,550.77,376.43,170.38,450.76,0.8386,-1,-1,-1
268,29,398.54,390.03,158.33,469.59,0.8424,-1,-1,-1
268,31,1872.04,416.94,59.99,95.63,0.4883,-1,-1,-1
268,34,788.17,440.85,66.01,237.32,0.7925,-1,-1,-1
269,2,834.78,324.21,176.47,579.52,0.8459,-1,-1,-1
269,5,1159.09,325.50,213.06,610.43,0.8879,-1,-1,-1
269,20,1010.73,401.22,130.10,370.18,0.7271,-1,-1,-1
269,24,-48.52,225.76,284.72,807.01,0.8225,-1,-1,-1
269,28,545.02,366.37,173.59,461.36,0.8324,-1,-1,-1
269,29,391.54,382.51,161.30,480.25,0.8692,-1,-1,-1
269,31,1873.46,413.76,59.02,98.28,0.4548,-1,-1,-1
269,34,787.63,438.56,66.31,237.13,0.7773,-1,-1,-1
270,2,830.26,320.80,176.31,581.86,0.8153,-1,-1,-1
270,5,1157.82,319.81,213.41,614.51,0.8820,-1,-1,-1
270,20,1010.71,397.45,132.80,373.54,0.6430,-1,-1,-1
270,28,540.16,354.95,176.81,471.54,0.8410,-1,-1,-1
270,29,384.68,373.38,164.09,488.62,0.8760,-1,-1,-1
270,31,1875.49,410.97,57.42,100.22,0.3747,-1,-1,-1
270,34,786.41,434.99,66.12,234.87,0.7538,-1,-1,-1
271,2,828.95,320.32,174.70,579.91,0.7982,-1,-1,-1
271,5,1157.52,316.80,211.92,612.84,0.8905,-1,-1,-1
271,20,1012.71,396.00,133.84,375.11,0.7602,-1,-1,-1
271,28,535.13,348.99,178.08,475.53,0.8421,-1,-1,-1
271,29,377.05,366.43,166.68,495.02,0.8748,-1,-1,-1
271,34,784.55,431.00,66.25,233.66,0.7620,-1,-1,-1
272,2,829.11,318.59,171.53,577.48,0.8417,-1,-1,-1
272,5,1155.92,311.21,210.48,611.62,0.8949,-1,-1,-1
272,20,1012.98,393.86,134.10,374.48,0.7889,-1,-1,-1
272,28,529.03,344.80,178.87,478.63,0.8576,-1,-1,-1
272,29,361.12,355.24,170.32,505.77,0.8721,-1,-1,-1
272,34,781.05,426.41,65.89,230.39,0.7922,-1,-1,-1
273,2,825.87,317.34,168.76,573.03,0.8369,-1,-1,-1
273,5,1152.92,306.25,209.25,610.41,0.8988,-1,-1,-1
273,20,1011.20,391.68,134.92,375.70,0.7886,-1,-1,-1
273,28,522.19,340.25,178.85,480.39,0.8675,-1,-1,-1
273,29,344.88,346.03,172.35,512.62,0.8804,-1,-1,-1
273,34,774.96,420.46,66.29,229.16,0.7440,-1,-1,-1
274,2,821.47,309.64,168.21,575.97,0.8516,-1,-1,-1
274,5,1150.13,302.26,207.67,606.63,0.8961,-1,-1,-1
274,20,1006.10,388.07,136.91,378.42,0.7954,-1,-1,-1
274,28,517.68,335.24,181.77,488.38,0.8621,-1,-1,-1
274,29,330.82,336.30,173.51,518.27,0.8697,-1,-1,-1
274,34,768.77,414.33,69.06,238.39,0.7061,-1,-1,-1
275,2,815.33,303.22,168.17,575.52,0.8570,-1,-1,-1
275,5,1144.69,295.86,206.80,602.00,0.8891,-1,-1,-1
275,20,998.71,382.24,139.74,381.96,0.8149,-1,-1,-1
275,28,509.40,327.67,184.80,495.90,0.8631,-1,-1,-1
275,29,318.74,324.93,175.87,524.82,0.8608,-1,-1,-1
275,34,760.95,405.80,71.61,247.60,0.6669,-1,-1,-1
276,2,806.28,292.35,169.07,580.24,0.8376,-1,-1,-1
276,5,1141.12,290.05,206.01,597.02,0.8892,-1,-1,-1
276,20,991.40,375.15,142.76,386.87,0.8267,-1,-1,-1
276,28,499.88,319.77,188.21,505.38,0.8690,-1,-1,-1
276,29,304.26,317.67,178.58,531.50,0.8738,-1,-1,-1
276,34,753.39,399.64,72.53,252.02,0.6721,-1,-1,-1
277,2,799.41,284.54,166.50,571.52,0.8437,-1,-1,-1
277,5,1136.60,282.59,206.58,595.71,0.8845,-1,-1,-1
277,20,990.92,368.29,144.50,393.20,0.7621,-1,-1,-1
277,28,490.19,308.18,189.66,509.59,0.8566,-1,-1,-1
277,29,288.52,305.86,182.39,545.09,0.8824,-1,-1,-1
277,34,745.25,393.25,71.76,250.29,0.6604,-1,-1,-1
278,2,791.06,278.86,164.93,564.38,0.8565,-1,-1,-1
278,5,1130.66,276.18,207.49,596.11,0.8731,-1,-1,-1
278,20,983.83,357.95,147.22,398.88,0.7671,-1,-1,-1
278,28,478.29,299.76,193.45,523.16,0.8626,-1,-1,-1
278,29,272.79,300.72,184.41,553.70,0.8596,-1,-1,-1
278,34,739.75,388.25,69.24,243.03,0.6235,-1,-1,-1
279,2,783.07,270.75,165.80,563.46,0.8401,-1,-1,-1
279,5,1126.88,268.24,208.67,596.87,0.8720,-1,-1,-1
279,20,979.99,348.20,149.10,402.72,0.7962,-1,-1,-1
279,28,469.00,294.39,195.03,530.67,0.8795,-1,-1,-1
279,29,258.68,294.03,188.53,566.49,0.8748,-1,-1,-1
279,34,733.25,378.80,69.02,243.08,0.6375,-1,-1,-1
279,32,925.77,304.79,72.87,408.27,0.6057,-1,-1,-1
280,2,777.73,262.01,166.16,562.26,0.8441,-1,-1,-1
280,5,1122.89,259.02,210.78,600.31,0.8696,-1,-1,-1
280,20,979.70,337.45,150.53,407.27,0.7760,-1,-1,-1
280,28,462.08,283.87,197.80,542.64,0.8745,-1,-1,-1
280,29,245.09,281.43,192.28,579.32,0.8668,-1,-1,-1
280,34,728.60,371.68,69.51,246.16,0.6925,-1,-1,-1
280,32,926.36,300.21,73.61,409.56,0.4331,-1,-1,-1
281,2,778.20,252.77,165.58,557.41,0.8472,-1,-1,-1
281,5,1122.55,251.63,211.57,600.66,0.8827,-1,-1,-1
281,20,979.41,323.78,153.46,417.04,0.7969,-1,-1,-1
281,28,456.82,273.53,200.17,552.82,0.8880,-1,-1,-1
281,29,235.10,272.10,196.06,589.54,0.8720,-1,-1,-1
281,34,726.13,366.51,67.06,239.15,0.6351,-1,-1,-1
281,32,925.72,284.64,76.30,417.76,0.6052,-1,-1,-1
282,2,771.59,240.30,169.80,565.96,0.8555,-1,-1,-1
282,5,1120.03,241.95,213.54,604.56,0.8779,-1,-1,-1
282,20,980.26,310.48,154.29,422.16,0.7744,-1,-1,-1
282,28,451.74,252.68,204.55,568.63,0.8818,-1,-1,-1
282,29,226.66,255.54,199.97,599.55,0.8828,-1,-1,-1
282,34,723.82,356.82,68.08,245.00,0.6162,-1,-1,-1
282,32,922.21,273.95,76.05,414.66,0.4663,-1,-1,-1
283,2,769.08,231.78,172.07,567.99,0.8244,-1,-1,-1
283,5,1120.60,231.02,215.17,607.31,0.8830,-1,-1,-1
283,20,980.11,300.14,155.78,428.58,0.7856,-1,-1,-1
283,28,447.48,234.32,206.68,576.74,0.8749,-1,-1,-1
283,29,216.19,241.29,204.47,609.90,0.8723,-1,-1,-1
283,34,721.80,347.41,68.88,250.40,0.6341,-1,-1,-1
283,32,919.91,264.47,75.80,415.09,0.5177,-1,-1,-1
284,2,769.40,223.76,173.81,568.64,0.8239,-1,-1,-1
284,5,1121.57,221.88,217.77,613.41,0.8841,-1,-1,-1
284,20,978.54,290.13,158.42,434.94,0.7919,-1,-1,-1
284,28,443.16,222.31,207.40,577.39,0.8762,-1,-1,-1
284,29,206.26,228.17,210.46,626.18,0.8725,-1,-1,-1
284,34,721.66,341.70,67.65,246.91,0.6230,-1,-1,-1
284,32,918.17,255.95,75.96,418.13,0.5830,-1,-1,-1
285,2,770.12,215.89,175.75,572.10,0.8502,-1,-1,-1
285,5,1123.09,213.61,219.96,618.18,0.8894,-1,-1,-1
285,20,980.15,282.60,160.30,439.60,0.7204,-1,-1,-1
285,28,437.66,209.34,212.15,588.91,0.8818,-1,-1,-1
285,29,197.13,215.07,214.53,635.63,0.8813,-1,-1,-1
285,34,722.26,333.71,68.30,250.39,0.6384,-1,-1,-1
285,32,919.23,248.68,75.75,420.41,0.3613,-1,-1,-1
286,2,772.60,210.03,176.65,573.26,0.8569,-1,-1,-1
286,5,1124.90,206.50,221.81,622.52,0.8912,-1,-1,-1
286,20,979.95,273.02,165.19,450.66,0.7823,-1,-1,-1
286,28,434.83,194.14,215.42,596.80,0.8973,-1,-1,-1
286,29,184.95,202.10,218.64,645.46,0.8712,-1,-1,-1
286,34,722.79,324.74,69.12,253.34,0.6690,-1,-1,-1
286,32,919.56,238.45,76.31,424.51,0.4866,-1,-1,-1
287,2,776.12,203.52,176.69,573.86,0.8645,-1,-1,-1
287,5,1128.39,201.10,222.51,621.05,0.8860,-1,-1,-1
287,20,980.55,262.74,169.45,457.77,0.7522,-1,-1,-1
287,28,431.98,180.18,219.13,606.38,0.9020,-1,-1,-1
287,29,175.10,188.58,222.24,654.29,0.8781,-1,-1,-1
287,34,724.58,314.65,70.79,258.84,0.7309,-1,-1,-1
287,32,922.34,232.15,76.58,423.27,0.5898,-1,-1,-1
288,2,778.86,199.20,176.35,571.09,0.8553,-1,-1,-1
288,5,1137.39,192.75,223.81,623.99,0.8755,-1,-1,-1
288,20,987.35,257.17,172.21,462.74,0.6569,-1,-1,-1
288,28,429.00,167.58,223.19,617.86,0.8978,-1,-1,-1
288,29,167.43,177.92,224.91,661.52,0.8819,-1,-1,-1
288,34,727.73,305.52,71.23,260.85,0.7742,-1,-1,-1
288,32,922.96,226.80,76.34,416.43,0.4561,-1,-1,-1
289,2,784.05,190.76,176.99,569.66,0.8407,-1,-1,-1
289,5,1145.77,185.00,225.31,626.91,0.8710,-1,-1,-1
289,20,997.71,253.29,173.12,467.46,0.6332,-1,-1,-1
289,28,422.95,160.04,229.14,632.44,0.9002,-1,-1,-1
289,29,155.91,163.76,229.39,673.46,0.8979,-1,-1,-1
289,34,730.03,298.17,72.94,266.93,0.7493,-1,-1,-1
289,32,926.89,223.24,74.54,406.38,0.5353,-1,-1,-1
290,2,791.49,187.51,178.42,569.98,0.8398,-1,-1,-1
290,5,1155.60,181.47,224.51,625.15,0.8728,-1,-1,-1
290,20,1009.78,245.98,174.96,478.36,0.7885,-1,-1,-1
290,28,417.39,152.74,236.03,649.91,0.9081,-1,-1,-1
290,29,146.88,150.30,233.35,685.79,0.9037,-1,-1,-1
290,34,733.18,294.16,73.14,267.18,0.7409,-1,-1,-1
290,32,942.53,223.76,77.43,407.91,0.4266,-1,-1,-1
291,2,797.96,183.67,177.97,566.85,0.8224,-1,-1,-1
291,5,1166.81,177.94,222.93,623.06,0.8648,-1,-1,-1
291,20,1018.15,238.87,176.92,488.59,0.7919,-1,-1,-1
291,28,413.09,148.56,240.64,659.46,0.9072,-1,-1,-1
291,29,137.16,140.32,237.06,695.99,0.9060,-1,-1,-1
291,34,737.41,287.98,73.88,268.76,0.7281,-1,-1,-1
291,32,947.74,216.19,79.18,410.82,0.3620,-1,-1,-1
292,2,802.14,179.94,177.62,561.65,0.8276,-1,-1,-1
292,5,1177.57,172.15,221.06,618.95,0.8790,-1,-1,-1
292,20,1025.80,232.32,177.20,492.11,0.8051,-1,-1,-1
292,28,409.12,146.72,246.04,671.06,0.9081,-1,-1,-1
292,29,126.37,133.35,240.88,709.50,0.9045,-1,-1,-1
292,34,740.90,282.20,75.36,271.95,0.7389,-1,-1,-1
292,32,950.00,207.85,80.19,414.32,0.3779,-1,-1,-1
293,2,810.28,174.89,176.33,555.33,0.8412,-1,-1,-1
293,5,1187.53,169.02,218.24,612.09,0.8884,-1,-1,-1
293,20,1034.37,228.45,178.93,496.63,0.8317,-1,-1,-1
293,28,402.85,143.58,252.38,686.72,0.9056,-1,-1,-1
293,29,110.92,130.65,247.77,730.36,0.8796,-1,-1,-1
293,34,745.78,277.41,76.71,274.06,0.7461,-1,-1,-1
293,32,961.91,201.23,81.54,415.00,0.6720,-1,-1,-1
294,2,818.18,171.53,175.85,553.34,0.8254,-1,-1,-1
294,5,1200.64,168.03,216.92,611.23,0.8749,-1,-1,-1
294,20,1043.11,224.78,180.36,500.55,0.8478,-1,-1,-1
294,28,398.09,141.77,257.55,700.31,0.9051,-1,-1,-1
294,29,89.89,129.67,256.73,751.74,0.8919,-1,-1,-1
294,34,752.43,276.34,77.90,274.41,0.7554,-1,-1,-1
294,32,968.88,198.72,85.04,426.14,0.7166,-1,-1,-1
295,2,827.28,177.20,175.38,550.55,0.8325,-1,-1,-1
295,5,1213.33,168.63,215.87,613.36,0.8756,-1,-1,-1
295,20,1050.76,219.63,183.93,510.61,0.8541,-1,-1,-1
295,28,391.95,139.29,266.24,725.15,0.9052,-1,-1,-1
295,29,69.99,127.51,265.05,767.89,0.8917,-1,-1,-1
295,34,759.10,276.01,79.60,276.85,0.7887,-1,-1,-1
295,32,972.48,198.79,85.96,430.32,0.6428,-1,-1,-1
296,2,834.81,175.06,175.87,553.58,0.8425,-1,-1,-1
296,5,1224.50,170.04,214.82,616.23,0.8677,-1,-1,-1
296,20,1056.64,210.83,189.84,529.56,0.8657,-1,-1,-1
296,28,386.95,134.89,273.26,744.70,0.9053,-1,-1,-1
296,29,50.94,127.44,272.77,780.65,0.8953,-1,-1,-1
296,34,763.89,274.92,81.44,279.06,0.7958,-1,-1,-1
296,32,977.65,198.12,87.02,429.95,0.6072,-1,-1,-1
297,2,842.85,175.72,174.88,555.26,0.8253,-1,-1,-1
297,5,1236.61,170.12,214.87,623.58,0.8732,-1,-1,-1
297,20,1067.47,206.14,193.23,538.88,0.8557,-1,-1,-1
297,28,380.09,129.14,278.48,759.14,0.9119,-1,-1,-1
297,29,38.13,124.83,281.36,799.13,0.8992,-1,-1,-1
297,34,769.90,274.23,82.20,279.20,0.7942,-1,-1,-1
297,32,989.01,203.17,87.78,418.12,0.6993,-1,-1,-1
298,2,850.52,177.54,173.96,555.81,0.8206,-1,-1,-1
298,5,1247.32,170.01,214.03,629.22,0.8680,-1,-1,-1
298,20,1075.70,202.68,196.07,546.83,0.8599,-1,-1,-1
298,28,373.18,119.28,284.27,776.01,0.9056,-1,-1,-1
298,29,29.70,122.00,288.12,815.82,0.9005,-1,-1,-1
298,34,775.53,275.71,82.08,275.97,0.8061,-1,-1,-1
298,32,993.00,210.22,89.27,418.35,0.6982,-1,-1,-1
299,2,857.68,179.19,172.14,555.48,0.8377,-1,-1,-1
299,5,1253.14,168.05,213.51,634.85,0.8651,-1,-1,-1
299,20,1081.46,201.67,199.34,553.23,0.8725,-1,-1,-1
299,28,364.65,107.56,290.16,793.92,0.9076,-1,-1,-1
299,29,19.99,113.39,297.36,841.52,0.8968,-1,-1,-1
299,34,780.76,275.71,83.67,278.74,0.7900,-1,-1,-1
299,32,995.75,204.04,91.45,425.71,0.6975,-1,-1,-1
300,2,861.11,181.97,171.28,557.87,0.8304,-1,-1,-1
300,5,1254.76,167.38,214.09,639.55,0.8556,-1,-1,-1
300,20,1088.03,199.71,205.27,567.37,0.8650,-1,-1,-1
300,28,354.59,96.76,296.38,810.42,0.9086,-1,-1,-1
300,29,8.58,105.94,307.18,869.42,0.8934,-1,-1,-1
300,34,785.42,275.40,84.98,279.67,0.7576,-1,-1,-1
300,32,1000.49,201.44,92.03,426.40,0.7377,-1,-1,-1
301,2,864.96,181.51,169.89,558.68,0.8476,-1,-1,-1
301,5,1254.83,165.64,216.47,646.87,0.8449,-1,-1,-1
301,20,1092.36,198.67,211.08,582.08,0.8556,-1,-1,-1
301,28,343.26,83.40,303.65,829.61,0.9150,-1,-1,-1
301,29,-3.04,96.92,313.84,890.32,0.9062,-1,-1,-1
301,34,788.32,275.54,85.94,279.42,0.7731,-1,-1,-1
301,32,1008.77,200.81,93.12,425.46,0.7580,-1,-1,-1
302,2,868.58,182.82,168.27,558.74,0.8386,-1,-1,-1
302,5,1258.96,167.67,216.55,649.33,0.8352,-1,-1,-1
302,20,1097.90,197.14,212.39,584.96,0.8600,-1,-1,-1
302,28,330.89,73.79,309.57,842.95,0.8991,-1,-1,-1
302,29,-14.20,84.05,319.07,913.79,0.8999,-1,-1,-1
302,34,788.70,275.66,87.54,280.75,0.7840,-1,-1,-1
302,32,1012.01,200.22,93.93,426.30,0.7564,-1,-1,-1
303,2,871.50,183.26,166.21,558.19,0.8490,-1,-1,-1
303,5,1261.84,169.65,215.85,650.59,0.8203,-1,-1,-1
303,20,1102.73,197.27,212.17,586.11,0.8450,-1,-1,-1
303,28,318.27,59.63,317.20,861.05,0.9052,-1,-1,-1
303,29,-24.36,66.02,323.05,940.02,0.9199,-1,-1,-1
303,34,788.71,275.95,88.88,281.24,0.7874,-1,-1,-1
303,32,1012.62,201.06,94.01,426.51,0.7693,-1,-1,-1
304,2,869.84,182.99,165.32,560.47,0.8529,-1,-1,-1
304,5,1265.81,169.80,214.79,653.02,0.8168,-1,-1,-1
304,20,1101.27,195.72,218.13,607.19,0.8093,-1,-1,-1
304,28,306.57,53.82,323.33,873.83,0.9151,-1,-1,-1
304,29,-37.08,49.71,321.99,961.26,0.9053,-1,-1,-1
304,34,789.12,276.75,89.47,281.01,0.7859,-1,-1,-1
304,32,1013.75,204.70,93.70,423.61,0.7774,-1,-1,-1
305,2,865.65,185.21,165.28,563.65,0.8584,-1,-1,-1
305,5,1269.98,169.37,213.05,655.48,0.8157,-1,-1,-1
305,20,1100.96,195.75,220.96,619.21,0.8279,-1,-1,-1
305,28,293.30,46.05,336.28,909.25,0.9232,-1,-1,-1
305,29,-49.11,35.36,317.72,981.37,0.8994,-1,-1,-1
305,34,788.23,277.75,90.16,281.45,0.7692,-1,-1,-1
305,32,1013.71,208.58,93.38,420.72,0.7821,-1,-1,-1
306,2,861.13,184.93,164.90,563.58,0.8554,-1,-1,-1
306,5,1272.91,169.08,209.96,653.56,0.8278,-1,-1,-1
306,20,1098.57,195.11,226.36,639.86,0.8549,-1,-1,-1
306,28,276.32,42.28,348.84,943.40,0.9222,-1,-1,-1
306,29,-57.20,29.94,311.62,1000.18,0.9007,-1,-1,-1
306,34,787.16,277.81,91.77,285.30,0.7622,-1,-1,-1
306,32,1012.54,208.62,94.07,422.51,0.7794,-1,-1,-1
307,2,858.92,184.17,162.35,555.55,0.8396,-1,-1,-1
307,5,1278.69,168.52,207.39,656.49,0.8342,-1,-1,-1
307,20,1098.70,193.97,229.49,653.03,0.8695,-1,-1,-1
307,28,257.94,37.61,360.63,973.69,0.9121,-1,-1,-1
307,29,-65.18,29.33,305.97,1026.81,0.8719,-1,-1,-1
307,34,784.30,275.99,93.27,290.17,0.7259,-1,-1,-1
307,32,1010.18,211.52,94.45,420.58,0.7993,-1,-1,-1
308,2,856.82,181.64,161.37,552.36,0.8264,-1,-1,-1
308,5,1279.75,166.23,204.56,658.07,0.8201,-1,-1,-1
308,20,1098.48,190.07,233.57,668.20,0.8624,-1,-1,-1
308,28,240.34,32.57,370.68,1002.44,0.9128,-1,-1,-1
308,29,-62.12,96.00,274.87,965.10,0.7840,-1,-1,-1
308,34,781.59,275.26,93.09,289.81,0.7535,-1,-1,-1
308,32,1006.95,211.69,95.77,423.47,0.7789,-1,-1,-1
309,2,853.30,182.02,161.60,551.76,0.8235,-1,-1,-1
309,5,1279.71,167.61,200.12,654.85,0.8161,-1,-1,-1
309,20,1095.44,188.09,236.44,678.95,0.8719,-1,-1,-1
309,28,221.49,32.45,377.75,1022.11,0.9072,-1,-1,-1
309,29,-58.77,149.71,245.72,904.85,0.8345,-1,-1,-1
309,34,777.85,278.00,90.62,283.13,0.7656,-1,-1,-1
309,32,1004.52,211.86,96.92,425.51,0.7737,-1,-1,-1
310,2,851.52,182.13,161.34,547.66,0.8141,-1,-1,-1
310,5,1280.75,166.86,198.06,660.00,0.8175,-1,-1,-1
310,20,1093.74,180.24,241.22,695.30,0.8821,-1,-1,-1
310,28,204.00,27.91,382.20,1032.21,0.9192,-1,-1,-1
310,34,775.07,277.41,90.87,286.35,0.7567,-1,-1,-1
310,32,1003.62,212.01,97.87,425.87,0.7732,-1,-1,-1
311,2,844.19,183.79,163.78,547.77,0.8268,-1,-1,-1
311,5,1284.82,166.05,193.73,656.92,0.8227,-1,-1,-1
311,20,1094.22,175.19,244.23,705.05,0.8850,-1,-1,-1
311,28,185.12,17.58,391.39,1057.42,0.9179,-1,-1,-1
311,34,773.33,274.25,91.03,290.03,0.7437,-1,-1,-1
311,32,1001.82,210.00,98.60,428.07,0.7596,-1,-1,-1
311,37,-5.62,197.89,107.64,501.16,0.7666,-1,-1,-1
312,2,838.78,183.85,167.19,550.89,0.8291,-1,-1,-1
312,5,1291.98,164.99,188.59,650.82,0.8074,-1,-1,-1
312,20,1097.88,164.39,248.40,719.77,0.8852,-1,-1,-1
312,28,168.13,7.98,397.25,1072.16,0.9187,-1,-1,-1
312,34,771.04,272.38,90.88,292.84,0.7624,-1,-1,-1
312,32,1001.36,207.05,99.77,432.37,0.7453,-1,-1,-1
313,2,833.19,183.82,170.81,553.87,0.8409,-1,-1,-1
313,5,1293.92,163.76,185.28,649.82,0.8350,-1,-1,-1
313,20,1099.79,150.38,254.23,739.86,0.9039,-1,-1,-1
313,28,151.28,3.41,400.17,1074.26,0.9193,-1,-1,-1
313,34,767.90,270.70,91.00,296.24,0.7452,-1,-1,-1
313,32,1001.78,208.15,100.01,432.10,0.7385,-1,-1,-1
314,2,828.61,184.23,173.18,553.82,0.8280,-1,-1,-1
314,5,1294.96,160.95,183.67,653.38,0.8443,-1,-1,-1
314,20,1099.61,141.48,259.02,756.40,0.9015,-1,-1,-1
314,28,134.79,1.10,404.33,1076.67,0.9262,-1,-1,-1
314,34,765.46,270.92,90.11,294.73,0.7470,-1,-1,-1
314,32,998.66,210.26,100.11,433.40,0.7384,-1,-1,-1
315,2,827.53,183.09,174.19,552.33,0.8236,-1,-1,-1
315,5,1299.91,157.79,179.18,647.09,0.8538,-1,-1,-1
315,20,1099.38,133.53,265.60,781.11,0.8932,-1,-1,-1
315,28,112.90,-0.61,409.98,1077.99,0.9280,-1,-1,-1
315,34,763.18,269.63,90.06,296.45,0.7852,-1,-1,-1
315,32,998.57,215.29,99.01,425.27,0.7509,-1,-1,-1
316,2,825.67,183.18,175.80,552.74,0.8325,-1,-1,-1
316,5,1301.51,154.73,177.21,648.48,0.8471,-1,-1,-1
316,20,1101.07,126.84,272.09,806.90,0.8757,-1,-1,-1
316,28,86.89,-1.79,416.87,1078.36,0.9244,-1,-1,-1
316,34,760.25,266.57,90.13,298.28,0.8012,-1,-1,-1
316,32,996.67,214.97,99.66,429.35,0.7437,-1,-1,-1
317,2,823.73,181.71,177.53,553.73,0.8485,-1,-1,-1
317,5,1304.17,150.52,175.91,655.69,0.8293,-1,-1,-1
317,20,1102.97,117.27,278.58,832.04,0.8755,-1,-1,-1
317,28,61.02,-0.62,425.25,1079.64,0.9127,-1,-1,-1
317,34,759.12,264.09,90.00,299.59,0.8027,-1,-1,-1
317,32,994.32,215.79,99.48,428.78,0.7490,-1,-1,-1
318,2,823.34,181.41,177.71,550.84,0.8555,-1,-1,-1
318,5,1306.13,148.19,173.69,660.13,0.8409,-1,-1,-1
318,20,1107.18,110.63,282.74,848.85,0.8674,-1,-1,-1
318,28,38.29,-0.12,431.46,1076.87,0.9352,-1,-1,-1
318,34,756.68,262.02,89.69,298.86,0.8061,-1,-1,-1
318,32,992.54,213.82,99.60,427.30,0.7451,-1,-1,-1
319,2,820.83,177.43,179.59,553.38,0.8724,-1,-1,-1
319,5,1309.15,144.78,170.56,661.49,0.7975,-1,-1,-1
319,20,1110.30,100.04,290.20,876.13,0.8562,-1,-1,-1
319,28,23.89,1.77,435.50,1073.06,0.9363,-1,-1,-1
319,34,749.98,260.48,91.29,300.98,0.7687,-1,-1,-1
319,32,990.03,210.91,100.33,428.14,0.7696,-1,-1,-1
320,2,818.20,172.51,180.62,552.44,0.8590,-1,-1,-1
320,5,1315.33,139.87,167.30,664.91,0.7605,-1,-1,-1
320,20,1113.40,94.98,295.88,898.11,0.8740,-1,-1,-1
320,28,11.86,2.55,437.69,1070.82,0.9442,-1,-1,-1
320,34,746.08,258.06,93.01,304.56,0.7757,-1,-1,-1
320,32,987.71,206.64,101.14,428.56,0.7799,-1,-1,-1
321,2,814.02,167.29,183.15,556.32,0.8604,-1,-1,-1
321,5,1321.67,134.81,163.52,665.33,0.6844,-1,-1,-1
321,20,1119.23,88.80,303.88,929.26,0.8599,-1,-1,-1
321,28,-0.12,1.58,438.26,1071.38,0.9350,-1,-1,-1
321,34,742.53,255.73,94.22,306.76,0.7508,-1,-1,-1
321,32,985.53,203.36,101.96,428.08,0.7957,-1,-1,-1
322,2,818.32,165.46,182.60,554.86,0.8671,-1,-1,-1
322,20,1134.79,81.11,314.11,958.56,0.8696,-1,-1,-1
322,28,-10.11,3.47,435.37,1068.86,0.9326,-1,-1,-1
322,34,738.83,252.70,95.49,309.28,0.7627,-1,-1,-1
322,32,983.06,199.21,102.70,427.47,0.8071,-1,-1,-1
323,2,819.91,162.86,180.94,549.97,0.8679,-1,-1,-1
323,20,1143.50,71.51,322.70,981.35,0.8946,-1,-1,-1
323,28,-20.27,3.82,429.77,1065.62,0.9174,-1,-1,-1
323,34,734.61,250.36,97.30,312.95,0.7614,-1,-1,-1
323,32,980.86,196.79,103.00,423.89,0.7988,-1,-1,-1
324,2,820.37,165.74,177.57,539.57,0.8711,-1,-1,-1
324,20,1149.83,61.86,329.96,1005.22,0.9057,-1,-1,-1
324,28,-32.29,4.27,422.51,1065.19,0.9323,-1,-1,-1
324,34,730.19,250.28,98.70,316.27,0.7617,-1,-1,-1
324,32,979.12,195.33,103.71,422.48,0.7911,-1,-1,-1
325,2,823.19,165.30,176.48,538.96,0.8732,-1,-1,-1
325,20,1154.68,51.13,335.02,1024.74,0.9014,-1,-1,-1
325,28,-44.28,5.42,411.97,1063.21,0.9180,-1,-1,-1
325,34,724.76,251.16,99.94,318.00,0.7679,-1,-1,-1
325,32,977.93,194.54,104.98,424.08,0.7898,-1,-1,-1
326,2,824.58,164.49,176.04,540.44,0.8596,-1,-1,-1
326,20,1160.42,35.09,339.58,1041.93,0.9037,-1,-1,-1
326,28,-45.93,6.27,403.08,1063.14,0.8384,-1,-1,-1
326,34,718.85,250.17,102.06,320.75,0.8043,-1,-1,-1
326,32,977.08,193.40,106.48,427.39,0.7919,-1,-1,-1
327,2,825.49,165.87,175.63,542.20,0.8587,-1,-1,-1
327,20,1170.74,23.46,343.27,1054.37,0.8797,-1,-1,-1
327,28,-66.63,6.89,387.24,1063.17,0.7921,-1,-1,-1
327,34,715.52,251.19,103.37,321.66,0.8104,-1,-1,-1
327,32,976.50,194.26,107.34,428.98,0.8010,-1,-1,-1
328,2,826.36,166.88,174.98,543.35,0.8507,-1,-1,-1
328,20,1182.59,11.78,348.81,1067.21,0.8863,-1,-1,-1
328,28,-85.25,7.73,366.35,1059.72,0.5427,-1,-1,-1
328,34,714.64,250.95,103.54,320.47,0.8148,-1,-1,-1
328,32,976.40,194.87,107.87,429.84,0.7967,-1,-1,-1
329,2,830.69,165.21,175.54,550.06,0.8472,-1,-1,-1
329,20,1196.63,3.54,352.54,1072.92,0.8879,-1,-1,-1
329,34,712.40,249.67,105.35,323.43,0.8110,-1,-1,-1
329,32,976.79,196.23,108.43,430.90,0.7772,-1,-1,-1
329,37,3.47,60.71,124.69,575.73,0.6088,-1,-1,-1
330,2,833.64,163.43,176.22,558.22,0.8479,-1,-1,-1
330,20,1213.12,-0.22,355.65,1077.93,0.9027,-1,-1,-1
330,34,711.22,249.77,107.28,327.43,0.8102,-1,-1,-1
330,32,981.26,198.66,108.74,429.91,0.7865,-1,-1,-1
331,2,837.14,169.60,174.65,558.68,0.8284,-1,-1,-1
331,20,1235.23,-2.42,358.20,1075.29,0.9053,-1,-1,-1
331,34,710.98,250.55,108.67,330.82,0.7927,-1,-1,-1
331,32,985.31,201.37,109.40,430.89,0.7895,-1,-1,-1
332,2,841.88,176.65,173.09,559.68,0.8325,-1,-1,-1
332,20,1254.17,-2.70,361.65,1073.69,0.9074,-1,-1,-1
332,34,710.88,252.52,109.18,330.73,0.8179,-1,-1,-1
332,32,987.71,203.79,110.33,433.31,0.7768,-1,-1,-1
333,2,843.37,181.84,171.74,560.79,0.8341,-1,-1,-1
333,20,1275.68,-2.36,367.02,1077.35,0.8985,-1,-1,-1
333,34,709.66,254.64,110.08,331.31,0.8161,-1,-1,-1
333,32,989.01,207.87,110.37,432.15,0.7653,-1,-1,-1
334,2,843.56,187.87,170.65,561.30,0.8281,-1,-1,-1
334,20,1294.27,0.01,371.86,1071.97,0.8801,-1,-1,-1
334,34,707.26,255.56,112.20,335.57,0.8235,-1,-1,-1
334,32,990.81,213.97,110.77,431.23,0.7868,-1,-1,-1
335,2,843.67,192.95,168.46,558.32,0.8272,-1,-1,-1
335,20,1310.61,-0.16,380.82,1070.26,0.8815,-1,-1,-1
335,34,705.03,256.83,113.85,338.69,0.8353,-1,-1,-1
335,32,992.92,219.00,111.17,431.09,0.7875,-1,-1,-1
336,2,841.45,195.24,167.77,559.96,0.8165,-1,-1,-1
336,20,1343.76,0.42,390.02,1071.41,0.8629,-1,-1,-1
336,34,702.52,259.25,114.66,339.44,0.8276,-1,-1,-1
336,32,992.23,221.74,112.52,433.45,0.7734,-1,-1,-1
337,2,839.76,197.36,166.63,558.71,0.8060,-1,-1,-1
337,20,1375.70,0.73,403.59,1075.09,0.8613,-1,-1,-1
337,34,696.73,259.40,117.19,345.86,0.8260,-1,-1,-1
337,32,988.08,223.98,113.22,434.11,0.7442,-1,-1,-1
337,38,1250.78,166.08,179.25,641.88,0.8166,-1,-1,-1
338,2,834.91,198.69,166.52,558.16,0.8051,-1,-1,-1
338,20,1385.79,1.18,422.74,1074.20,0.8668,-1,-1,-1
338,34,692.12,263.74,117.82,346.13,0.8233,-1,-1,-1
338,32,985.92,227.16,115.04,437.10,0.7654,-1,-1,-1
338,38,1244.61,165.97,184.73,660.27,0.7975,-1,-1,-1
339,2,830.91,193.61,166.28,555.42,0.8116,-1,-1,-1
339,20,1388.31,2.14,438.87,1069.55,0.8687,-1,-1,-1
339,34,687.51,266.62,119.64,350.57,0.8342,-1,-1,-1
339,32,983.51,229.93,116.03,437.74,0.7798,-1,-1,-1
339,38,1238.52,164.11,192.93,688.90,0.7662,-1,-1,-1
340,2,828.02,190.94,166.03,551.06,0.8298,-1,-1,-1
340,20,1389.90,2.62,455.12,1067.93,0.9069,-1,-1,-1
340,34,683.80,268.09,120.41,352.59,0.8166,-1,-1,-1
340,32,982.49,230.13,116.92,438.23,0.7770,-1,-1,-1
340,38,1232.80,167.49,192.77,689.82,0.7245,-1,-1,-1
340,39,808.64,248.14,67.44,367.49,0.5411,-1,-1,-1
341,2,827.39,190.25,166.10,547.97,0.8322,-1,-1,-1
341,20,1388.29,0.88,469.88,1068.86,0.7951,-1,-1,-1
341,34,680.09,267.78,121.72,356.49,0.8113,-1,-1,-1
341,32,984.40,228.09,117.96,439.75,0.7800,-1,-1,-1
341,38,1239.11,161.86,197.25,702.94,0.8385,-1,-1,-1
341,39,805.97,246.22,68.22,371.19,0.5491,-1,-1,-1
342,2,824.25,189.07,167.84,548.25,0.8411,-1,-1,-1
342,20,1386.83,-0.50,482.39,1071.04,0.7246,-1,-1,-1
342,34,675.25,263.76,124.15,362.94,0.8049,-1,-1,-1
342,32,985.23,226.60,118.31,439.78,0.7762,-1,-1,-1
342,38,1240.75,161.41,197.37,700.12,0.8681,-1,-1,-1
342,39,803.87,242.54,68.48,372.04,0.4382,-1,-1,-1
343,2,820.76,190.21,169.47,547.59,0.8416,-1,-1,-1
343,20,1388.24,-0.87,490.48,1067.44,0.8408,-1,-1,-1
343,34,670.11,259.33,125.62,367.10,0.8083,-1,-1,-1
343,32,984.01,225.69,119.09,439.24,0.7749,-1,-1,-1
343,38,1239.77,160.45,197.83,697.85,0.8766,-1,-1,-1
343,39,794.02,238.70,69.71,375.80,0.4873,-1,-1,-1
344,2,818.06,188.05,172.22,551.90,0.8397,-1,-1,-1
344,20,1397.49,-0.99,495.80,1067.38,0.6125,-1,-1,-1
344,34,665.08,258.08,125.63,367.01,0.8234,-1,-1,-1
344,32,982.95,224.40,119.64,439.07,0.7762,-1,-1,-1
344,38,1235.43,159.01,199.78,701.37,0.8709,-1,-1,-1
344,39,788.66,236.99,72.53,389.47,0.5837,-1,-1,-1
345,2,813.56,187.01,174.99,555.43,0.8208,-1,-1,-1
345,20,1422.12,0.87,480.90,1027.54,0.2915,-1,-1,-1
345,34,659.91,255.52,126.86,371.59,0.8164,-1,-1,-1
345,32,983.93,223.09,119.00,434.76,0.7704,-1,-1,-1
345,38,1232.38,149.28,203.85,710.46,0.8771,-1,-1,-1
345,39,784.74,234.68,73.92,395.57,0.5975,-1,-1,-1
346,2,806.81,187.28,177.04,556.51,0.8372,-1,-1,-1
346,20,1469.45,2.54,433.93,915.68,0.4365,-1,-1,-1
346,34,654.86,251.60,127.10,373.11,0.8280,-1,-1,-1
346,32,979.16,218.18,120.07,433.24,0.7825,-1,-1,-1
346,38,1229.13,145.74,207.99,715.03,0.8884,-1,-1,-1
346,39,779.34,232.32,74.04,393.80,0.5098,-1,-1,-1
347,2,802.98,188.34,177.70,555.95,0.8245,-1,-1,-1
347,20,1492.39,6.78,434.00,921.35,0.7918,-1,-1,-1
347,34,647.21,249.08,127.38,374.31,0.8121,-1,-1,-1
347,32,974.48,216.69,120.54,431.25,0.7905,-1,-1,-1
347,38,1221.50,145.53,210.83,712.53,0.8844,-1,-1,-1
347,39,774.17,231.48,74.44,391.09,0.5978,-1,-1,-1
348,2,802.36,189.75,177.87,554.66,0.8372,-1,-1,-1
348,20,1527.11,16.66,425.69,922.24,0.8336,-1,-1,-1
348,34,639.30,245.78,128.57,377.97,0.8084,-1,-1,-1
348,32,970.95,215.73,120.98,429.44,0.7688,-1,-1,-1
348,38,1215.86,142.95,213.96,710.65,0.8904,-1,-1,-1
348,39,767.59,229.80,76.64,397.38,0.6800,-1,-1,-1
349,2,801.76,190.19,178.46,554.88,0.8328,-1,-1,-1
349,20,1584.98,42.76,379.82,844.73,0.6176,-1,-1,-1
349,34,630.86,238.97,131.74,387.48,0.8215,-1,-1,-1
349,32,967.33,214.80,122.18,429.68,0.7865,-1,-1,-1
349,38,1209.19,141.57,215.37,701.78,0.8941,-1,-1,-1
349,39,764.16,226.23,78.47,402.93,0.6884,-1,-1,-1
350,2,800.83,191.48,178.01,551.39,0.8526,-1,-1,-1
350,34,623.98,236.05,132.80,390.51,0.8170,-1,-1,-1
350,32,965.13,215.85,122.65,429.85,0.7828,-1,-1,-1
350,38,1202.18,141.53,217.73,695.93,0.9022,-1,-1,-1
350,39,760.51,224.06,80.51,408.27,0.7422,-1,-1,-1
351,2,799.83,191.61,177.87,547.91,0.8546,-1,-1,-1
351,34,618.48,236.58,133.94,394.09,0.8096,-1,-1,-1
351,32,964.62,216.32,122.47,430.81,0.7628,-1,-1,-1
351,38,1194.08,142.31,221.58,694.65,0.9032,-1,-1,-1
351,39,755.99,221.15,82.45,413.68,0.7205,-1,-1,-1
352,2,800.86,190.85,178.18,548.09,0.8533,-1,-1,-1
352,34,612.20,235.51,135.10,397.83,0.8204,-1,-1,-1
352,32,961.31,216.63,123.05,433.57,0.7866,-1,-1,-1
352,38,1186.64,142.50,226.87,697.81,0.9019,-1,-1,-1
352,39,750.03,218.54,84.83,419.67,0.7635,-1,-1,-1
353,2,802.15,189.47,178.79,549.22,0.8544,-1,-1,-1
353,34,605.61,230.86,136.03,402.54,0.8320,-1,-1,-1
353,32,958.56,216.34,122.54,433.00,0.7814,-1,-1,-1
353,38,1178.55,142.24,231.77,701.74,0.9061,-1,-1,-1
353,39,743.50,213.49,87.52,426.69,0.7588,-1,-1,-1
354,2,800.38,190.73,176.95,542.21,0.8786,-1,-1,-1
354,34,596.94,228.74,136.51,403.86,0.8402,-1,-1,-1
354,32,956.34,217.41,121.34,431.55,0.8014,-1,-1,-1
354,38,1169.51,142.72,236.66,706.83,0.9092,-1,-1,-1
354,39,737.10,211.62,90.14,430.93,0.7821,-1,-1,-1
355,2,798.64,190.05,175.12,536.08,0.8715,-1,-1,-1
355,34,588.04,228.60,136.80,406.14,0.8502,-1,-1,-1
355,32,950.58,218.84,120.11,429.97,0.8028,-1,-1,-1
355,38,1162.76,143.08,240.98,710.42,0.9114,-1,-1,-1
355,39,729.38,208.17,93.72,437.92,0.7994,-1,-1,-1
356,2,796.82,187.89,173.81,531.67,0.8466,-1,-1,-1
356,34,576.37,225.44,138.99,411.71,0.7329,-1,-1,-1
356,32,944.19,219.80,119.35,429.67,0.7971,-1,-1,-1
356,38,1155.54,142.23,245.23,713.25,0.9122,-1,-1,-1
356,39,721.85,206.52,96.03,441.93,0.7956,-1,-1,-1
357,2,794.87,188.34,172.30,527.15,0.8534,-1,-1,-1
357,34,567.54,223.84,140.16,416.69,0.8209,-1,-1,-1
357,32,937.88,216.87,118.92,431.30,0.7733,-1,-1,-1
357,38,1149.38,140.96,248.70,716.58,0.9101,-1,-1,-1
357,39,710.92,203.86,99.25,447.40,0.8156,-1,-1,-1
358,2,787.21,185.27,174.11,534.14,0.8456,-1,-1,-1
358,34,556.38,221.09,140.08,416.93,0.8381,-1,-1,-1
358,32,933.01,215.97,118.59,434.51,0.7533,-1,-1,-1
358,38,1141.98,141.12,251.98,719.19,0.9096,-1,-1,-1
358,39,698.92,199.53,102.92,453.28,0.8259,-1,-1,-1
358,41,1029.00,320.03,64.18,182.68,0.6308,-1,-1,-1
359,2,783.26,182.28,174.06,538.13,0.8553,-1,-1,-1
359,34,542.43,221.27,141.34,420.50,0.8264,-1,-1,-1
359,32,923.52,216.43,118.66,437.79,0.7788,-1,-1,-1
359,38,1134.86,140.64,254.93,720.80,0.9081,-1,-1,-1
359,39,688.91,195.47,106.27,453.83,0.7881,-1,-1,-1
359,41,1020.02,315.09,66.54,189.24,0.4346,-1,-1,-1
360,2,777.09,179.70,174.53,543.44,0.8694,-1,-1,-1
360,34,529.04,220.10,143.72,427.03,0.8213,-1,-1,-1
360,32,914.91,214.73,118.65,441.91,0.8036,-1,-1,-1
360,38,1127.26,140.26,257.95,723.98,0.9103,-1,-1,-1
360,39,675.81,193.20,110.53,458.61,0.8507,-1,-1,-1
360,41,1009.62,315.42,66.44,188.64,0.5751,-1,-1,-1
361,2,770.45,179.08,174.00,545.27,0.8703,-1,-1,-1
361,34,514.80,218.67,145.29,431.05,0.8108,-1,-1,-1
361,32,908.11,214.58,117.80,444.14,0.8196,-1,-1,-1
361,38,1120.36,140.48,260.31,726.53,0.9073,-1,-1,-1
361,39,665.46,190.52,114.94,466.43,0.8321,-1,-1,-1
361,41,999.20,313.72,67.54,191.08,0.6068,-1,-1,-1
362,2,764.05,179.94,174.08,549.99,0.8696,-1,-1,-1
362,34,498.75,221.31,146.31,431.98,0.8175,-1,-1,-1
362,32,901.24,215.68,115.81,441.31,0.7837,-1,-1,-1
362,38,1114.30,140.67,261.37,726.26,0.9080,-1,-1,-1
362,39,652.37,190.63,118.75,467.18,0.8563,-1,-1,-1
362,41,993.16,317.38,66.80,187.92,0.6272,-1,-1,-1
363,2,758.66,183.27,172.40,549.27,0.8489,-1,-1,-1
363,34,484.42,221.64,149.86,441.94,0.7934,-1,-1,-1
363,32,894.12,213.18,114.36,441.83,0.7350,-1,-1,-1
363,38,1107.80,140.03,264.51,732.80,0.9079,-1,-1,-1
363,39,638.25,190.99,123.37,470.20,0.8523,-1,-1,-1
363,41,986.06,319.37,67.98,190.30,0.5426,-1,-1,-1
364,2,755.12,188.40,170.74,549.84,0.8128,-1,-1,-1
364,34,468.72,219.28,154.54,454.14,0.7917,-1,-1,-1
364,32,889.69,211.07,112.69,441.45,0.7013,-1,-1,-1
364,38,1104.32,137.65,266.24,736.39,0.9065,-1,-1,-1
364,39,625.88,189.28,129.63,478.78,0.8518,-1,-1,-1
364,41,977.32,314.14,70.61,196.13,0.5646,-1,-1,-1
365,2,755.10,192.14,169.18,548.78,0.8135,-1,-1,-1
365,34,450.87,220.45,159.04,458.74,0.8289,-1,-1,-1
365,32,885.81,209.49,111.66,445.43,0.6427,-1,-1,-1
365,38,1102.37,136.54,267.05,738.02,0.8993,-1,-1,-1
365,39,613.62,190.40,135.87,483.66,0.8249,-1,-1,-1
365,41,972.12,315.71,71.36,196.18,0.5229,-1,-1,-1
366,2,753.42,198.02,166.68,544.88,0.8147,-1,-1,-1
366,34,444.11,221.36,161.17,462.17,0.8047,-1,-1,-1
366,32,883.55,211.41,108.70,441.77,0.6736,-1,-1,-1
366,38,1100.60,137.48,265.57,733.03,0.9022,-1,-1,-1
366,39,606.30,194.61,140.24,483.87,0.8612,-1,-1,-1
366,41,968.50,320.61,71.60,194.24,0.4406,-1,-1,-1
367,2,752.54,198.69,165.14,544.06,0.8245,-1,-1,-1
367,34,436.68,221.75,162.98,466.52,0.7961,-1,-1,-1
367,32,882.63,208.71,106.53,441.15,0.6703,-1,-1,-1
367,38,1100.69,135.89,264.16,727.62,0.9027,-1,-1,-1
367,39,603.34,193.17,145.05,489.66,0.8712,-1,-1,-1
367,41,965.94,314.42,73.80,198.69,0.4086,-1,-1,-1
368,2,752.69,198.42,164.51,545.41,0.8273,-1,-1,-1
368,34,433.49,220.78,165.65,471.78,0.8179,-1,-1,-1
368,32,882.74,206.86,103.76,437.79,0.6241,-1,-1,-1
368,38,1100.75,133.94,263.08,722.97,0.9023,-1,-1,-1
368,39,600.82,192.43,149.58,498.29,0.8599,-1,-1,-1
368,41,961.97,310.67,74.83,199.59,0.4084,-1,-1,-1
369,2,754.45,196.08,164.61,546.81,0.8538,-1,-1,-1
369,34,427.78,220.36,167.17,474.40,0.8273,-1,-1,-1
369,32,883.69,204.43,101.86,437.76,0.5823,-1,-1,-1
369,38,1102.68,133.43,261.51,717.36,0.9053,-1,-1,-1
369,39,596.67,190.81,153.04,505.23,0.8629,-1,-1,-1
369,41,961.98,313.94,75.12,197.79,0.4774,-1,-1,-1
370,2,756.92,194.40,163.51,542.16,0.8226,-1,-1,-1
370,34,423.15,220.99,168.45,476.42,0.8256,-1,-1,-1
370,32,885.17,205.08,100.26,437.88,0.6354,-1,-1,-1
370,38,1103.50,132.82,261.53,716.70,0.9057,-1,-1,-1
370,39,591.39,192.08,155.48,509.62,0.8552,-1,-1,-1
370,41,957.15,289.31,83.11,221.20,0.2562,-1,-1,-1
371,2,757.67,195.30,162.97,538.96,0.8487,-1,-1,-1
371,34,419.85,222.74,170.24,479.24,0.8528,-1,-1,-1
371,32,887.50,206.75,99.17,439.93,0.6904,-1,-1,-1
371,38,1103.57,132.92,262.51,720.31,0.9058,-1,-1,-1
371,39,586.87,193.87,158.41,516.51,0.8636,-1,-1,-1
371,41,961.20,303.40,78.76,208.50,0.2859,-1,-1,-1
372,2,759.72,195.19,163.10,539.20,0.8480,-1,-1,-1
372,34,417.01,223.39,171.69,481.45,0.8710,-1,-1,-1
372,32,890.51,208.10,97.91,442.06,0.6810,-1,-1,-1
372,38,1105.07,132.62,263.64,726.14,0.9056,-1,-1,-1
372,39,582.43,193.20,161.51,523.93,0.8649,-1,-1,-1
372,41,963.09,312.49,76.22,200.78,0.4475,-1,-1,-1
373,2,761.29,197.53,163.45,538.99,0.8569,-1,-1,-1
373,34,413.55,224.79,172.81,483.39,0.8658,-1,-1,-1
373,32,892.48,209.20,95.93,439.84,0.6624,-1,-1,-1
373,38,1106.44,135.72,263.81,729.64,0.8971,-1,-1,-1
373,39,577.74,192.67,164.26,528.91,0.8676,-1,-1,-1
373,41,966.33,319.96,75.55,196.97,0.4449,-1,-1,-1
374,2,762.99,197.55,164.26,540.26,0.8472,-1,-1,-1
374,34,408.45,225.21,174.33,487.34,0.8637,-1,-1,-1
374,32,895.47,209.78,95.62,443.23,0.6742,-1,-1,-1
374,38,1107.13,138.23,264.27,735.09,0.8923,-1,-1,-1
374,39,572.87,191.16,166.92,532.99,0.8707,-1,-1,-1
374,41,969.18,326.04,75.09,193.34,0.4820,-1,-1,-1
375,2,764.72,199.95,165.20,543.07,0.8540,-1,-1,-1
375,34,402.32,228.37,174.84,488.86,0.8467,-1,-1,-1
375,32,898.27,210.25,94.87,446.18,0.6609,-1,-1,-1
375,38,1108.13,140.00,264.31,740.82,0.8946,-1,-1,-1
375,39,567.34,190.77,171.29,541.13,0.8769,-1,-1,-1
375,41,968.70,329.15,76.29,195.24,0.5213,-1,-1,-1
376,2,766.99,202.65,165.96,546.39,0.8527,-1,-1,-1
376,34,393.08,228.89,177.79,499.14,0.8512,-1,-1,-1
376,32,901.03,216.73,93.82,447.15,0.6487,-1,-1,-1
376,38,1108.62,142.11,263.77,746.79,0.8951,-1,-1,-1
376,39,563.33,190.64,175.19,548.85,0.8626,-1,-1,-1
376,41,967.68,321.33,80.89,206.72,0.3930,-1,-1,-1
377,2,769.87,205.58,166.26,549.04,0.8858,-1,-1,-1
377,34,387.59,226.01,181.36,512.56,0.8410,-1,-1,-1
377,32,904.38,221.72,92.17,447.13,0.7020,-1,-1,-1
377,38,1109.59,149.41,261.82,747.80,0.8949,-1,-1,-1
377,39,557.60,188.19,178.61,553.68,0.8650,-1,-1,-1
377,41,971.56,332.98,78.56,199.57,0.4268,-1,-1,-1
378,2,775.29,210.33,165.10,548.03,0.8388,-1,-1,-1
378,34,381.38,221.92,184.20,524.44,0.8225,-1,-1,-1
378,32,908.15,229.11,89.80,441.48,0.7254,-1,-1,-1
378,38,1111.39,155.05,259.98,748.83,0.8988,-1,-1,-1
378,39,552.81,187.22,181.55,555.85,0.8594,-1,-1,-1
378,41,974.16,337.49,78.45,198.45,0.3577,-1,-1,-1
379,2,776.71,213.80,165.64,551.53,0.8406,-1,-1,-1
379,34,376.22,220.99,185.38,533.61,0.8024,-1,-1,-1
379,32,911.09,234.50,87.76,437.18,0.6472,-1,-1,-1
379,38,1112.10,156.69,259.40,754.11,0.8961,-1,-1,-1
379,39,546.95,188.89,185.38,560.50,0.8640,-1,-1,-1
379,41,973.65,338.33,79.85,201.11,0.4146,-1,-1,-1
380,2,780.11,216.83,164.60,549.87,0.8445,-1,-1,-1
380,34,369.36,216.89,188.25,546.02,0.8125,-1,-1,-1
380,32,912.62,238.57,86.83,434.68,0.7158,-1,-1,-1
380,38,1112.52,158.85,258.03,756.88,0.8913,-1,-1,-1
380,39,541.84,188.02,189.76,567.93,0.8709,-1,-1,-1
380,41,977.49,344.95,78.29,196.79,0.3364,-1,-1,-1
381,2,782.22,220.14,163.91,548.58,0.8390,-1,-1,-1
381,34,365.71,213.43,190.22,556.69,0.8108,-1,-1,-1
381,32,913.77,242.39,86.05,433.16,0.7361,-1,-1,-1
381,38,1111.43,158.57,255.83,756.44,0.8835,-1,-1,-1
381,39,533.16,185.14,194.86,577.39,0.8745,-1,-1,-1
381,41,979.45,344.01,78.91,198.68,0.3937,-1,-1,-1
381,42,735.33,316.13,59.39,209.63,0.6482,-1,-1,-1
382,2,783.26,220.39,162.89,546.17,0.8463,-1,-1,-1
382,34,363.06,211.01,192.18,566.60,0.8096,-1,-1,-1
382,32,916.59,244.04,86.04,434.52,0.7016,-1,-1,-1
382,38,1108.84,157.19,254.82,760.12,0.8809,-1,-1,-1
382,39,528.24,183.08,199.91,588.36,0.8719,-1,-1,-1
382,41,982.33,351.19,76.55,192.51,0.4971,-1,-1,-1
382,42,733.86,316.59,60.06,211.92,0.6496,-1,-1,-1
383,2,784.65,219.31,161.81,543.05,0.8407,-1,-1,-1
383,34,357.58,208.68,192.17,571.06,0.8214,-1,-1,-1
383,32,918.82,242.80,86.33,437.16,0.6832,-1,-1,-1
383,38,1104.86,155.50,253.51,762.09,0.8807,-1,-1,-1
383,39,521.24,180.77,205.26,599.37,0.8766,-1,-1,-1
383,41,983.33,353.93,75.55,190.36,0.4690,-1,-1,-1
383,42,732.69,318.02,59.28,209.02,0.6423,-1,-1,-1
384,2,786.29,218.51,161.38,541.24,0.8469,-1,-1,-1
384,34,351.55,207.36,192.13,573.83,0.8233,-1,-1,-1
384,32,924.08,244.90,87.40,435.97,0.5744,-1,-1,-1
384,38,1101.82,153.45,253.09,766.19,0.8834,-1,-1,-1
384,39,514.06,178.59,209.42,607.32,0.8648,-1,-1,-1
384,41,982.38,352.31,76.32,192.37,0.2777,-1,-1,-1
384,42,729.79,320.04,59.60,209.83,0.6524,-1,-1,-1
385,2,786.54,217.93,162.20,543.20,0.8420,-1,-1,-1
385,34,346.34,209.10,192.42,574.91,0.8393,-1,-1,-1
385,32,925.38,245.97,88.78,435.54,0.6022,-1,-1,-1
385,38,1101.23,155.46,251.25,763.26,0.8836,-1,-1,-1
385,39,509.99,176.58,213.28,616.17,0.8602,-1,-1,-1
385,41,979.48,351.08,77.46,195.64,0.2928,-1,-1,-1
385,42,728.53,321.64,60.31,211.61,0.6962,-1,-1,-1
386,2,785.78,216.18,161.17,536.17,0.8175,-1,-1,-1
386,34,338.87,208.79,191.47,573.66,0.8334,-1,-1,-1
386,32,923.12,245.07,87.62,429.70,0.5452,-1,-1,-1
386,38,1098.32,156.34,250.50,758.95,0.8873,-1,-1,-1
386,39,502.29,174.65,217.07,622.00,0.8639,-1,-1,-1
386,41,977.84,351.02,77.71,196.68,0.3372,-1,-1,-1
386,42,727.97,320.97,59.97,210.23,0.6585,-1,-1,-1
387,2,783.40,214.76,161.10,532.43,0.8363,-1,-1,-1
387,34,329.62,203.59,194.12,583.71,0.8386,-1,-1,-1
387,32,918.47,245.55,87.02,430.25,0.6183,-1,-1,-1
387,38,1093.97,156.89,250.32,752.83,0.8935,-1,-1,-1
387,39,493.59,170.70,221.84,631.11,0.8619,-1,-1,-1
387,41,977.42,350.70,77.91,197.61,0.3528,-1,-1,-1
387,42,724.77,318.99,60.66,211.57,0.6777,-1,-1,-1
388,2,782.75,212.87,161.90,531.86,0.8343,-1,-1,-1
388,34,319.45,195.82,197.21,595.12,0.8473,-1,-1,-1
388,32,917.43,242.07,87.38,433.11,0.5092,-1,-1,-1
388,38,1092.21,158.52,250.42,747.02,0.8875,-1,-1,-1
388,39,484.60,167.76,227.88,646.03,0.8644,-1,-1,-1
388,41,975.87,349.42,78.28,199.12,0.3801,-1,-1,-1
388,42,722.51,318.00,60.96,210.80,0.7096,-1,-1,-1
389,2,780.58,210.37,163.33,536.44,0.8424,-1,-1,-1
389,34,311.38,187.95,199.33,604.55,0.8409,-1,-1,-1
389,32,915.46,242.79,87.10,433.75,0.5924,-1,-1,-1
389,38,1090.47,157.99,252.42,747.90,0.8912,-1,-1,-1
389,39,479.36,163.06,232.04,657.42,0.8636,-1,-1,-1
389,41,972.74,334.63,84.42,216.25,0.3130,-1,-1,-1
389,42,720.86,317.18,61.79,212.00,0.6896,-1,-1,-1
390,2,778.13,210.35,164.09,539.47,0.8471,-1,-1,-1
390,34,304.43,184.36,200.70,609.50,0.8351,-1,-1,-1
390,32,913.30,242.47,86.45,433.41,0.6595,-1,-1,-1
390,38,1087.93,157.38,255.32,750.32,0.8850,-1,-1,-1
390,39,476.22,157.34,235.73,668.67,0.8716,-1,-1,-1
390,41,973.97,337.41,83.48,214.95,0.3818,-1,-1,-1
390,42,719.65,316.97,62.71,212.75,0.7293,-1,-1,-1
391,2,773.90,210.10,164.93,542.48,0.8496,-1,-1,-1
391,34,295.12,181.41,202.37,614.41,0.8369,-1,-1,-1
391,32,910.53,238.74,86.77,436.29,0.6522,-1,-1,-1
391,38,1081.72,157.72,259.61,754.76,0.8883,-1,-1,-1
391,39,473.87,150.71,238.90,678.51,0.8719,-1,-1,-1
391,41,973.92,341.37,81.38,211.39,0.6000,-1,-1,-1
391,42,717.01,316.60,63.78,213.26,0.7365,-1,-1,-1
392,2,770.68,211.30,165.64,545.79,0.8333,-1,-1,-1
392,34,285.89,176.25,205.39,624.71,0.8499,-1,-1,-1
392,32,907.30,236.35,86.84,439.20,0.6605,-1,-1,-1
392,38,1075.16,157.30,265.17,763.44,0.8942,-1,-1,-1
392,39,471.40,144.67,241.71,689.04,0.8749,-1,-1,-1
392,41,972.88,336.18,82.15,216.02,0.4812,-1,-1,-1
392,42,714.17,315.08,65.29,214.68,0.7613,-1,-1,-1
393,2,770.24,217.07,164.30,540.25,0.8213,-1,-1,-1
393,34,274.33,172.17,208.46,633.34,0.8569,-1,-1,-1
393,32,905.52,238.33,86.31,437.18,0.6176,-1,-1,-1
393,38,1070.70,157.30,269.52,768.87,0.8968,-1,-1,-1
393,39,467.72,140.02,243.16,696.50,0.8783,-1,-1,-1
393,41,971.08,331.67,82.71,219.61,0.5628,-1,-1,-1
393,42,712.01,314.20,66.80,216.52,0.7597,-1,-1,-1
394,2,767.12,219.13,163.63,538.89,0.8077,-1,-1,-1
394,34,263.40,165.62,212.24,642.71,0.8637,-1,-1,-1
394,32,903.45,235.56,85.61,436.06,0.6201,-1,-1,-1
394,38,1067.36,156.98,272.86,772.16,0.9046,-1,-1,-1
394,39,461.47,134.13,245.04,704.78,0.8821,-1,-1,-1
394,41,970.06,330.74,82.37,220.02,0.6044,-1,-1,-1
394,42,708.91,313.75,67.65,216.02,0.7511,-1,-1,-1
395,2,762.34,220.34,163.74,538.99,0.8039,-1,-1,-1
395,34,242.11,160.53,217.55,648.77,0.8654,-1,-1,-1
395,32,900.14,233.10,85.36,436.94,0.6272,-1,-1,-1
395,38,1063.47,156.52,276.52,776.67,0.9004,-1,-1,-1
395,39,455.51,127.70,246.94,714.52,0.8771,-1,-1,-1
395,41,969.00,338.82,78.47,210.61,0.6177,-1,-1,-1
395,42,705.86,311.94,68.87,217.29,0.7431,-1,-1,-1
396,2,759.35,222.38,162.62,535.52,0.8093,-1,-1,-1
396,34,229.86,157.17,222.01,660.03,0.8676,-1,-1,-1
396,32,898.46,235.95,84.49,434.03,0.6877,-1,-1,-1
396,38,1061.52,156.38,279.23,778.29,0.8992,-1,-1,-1
396,39,448.80,118.69,249.56,726.09,0.8803,-1,-1,-1
396,41,967.29,338.61,77.86,210.17,0.6425,-1,-1,-1
396,42,702.01,309.80,69.92,218.35,0.7349,-1,-1,-1
397,2,756.30,222.21,161.40,532.14,0.8139,-1,-1,-1
397,34,210.62,155.65,227.57,667.21,0.8704,-1,-1,-1
397,32,896.22,237.93,83.59,430.14,0.6888,-1,-1,-1
397,38,1059.69,156.22,281.58,780.01,0.8981,-1,-1,-1
397,39,440.62,110.86,252.21,736.57,0.8861,-1,-1,-1
397,41,966.68,337.56,77.68,210.15,0.6283,-1,-1,-1
397,42,698.16,309.23,70.59,219.72,0.7448,-1,-1,-1
398,2,751.12,219.30,162.18,535.98,0.8315,-1,-1,-1
398,34,190.43,149.01,237.21,684.40,0.8857,-1,-1,-1
398,32,893.87,238.72,83.53,430.09,0.6818,-1,-1,-1
398,38,1057.40,156.27,283.35,781.43,0.8983,-1,-1,-1
398,39,432.48,102.79,255.38,747.18,0.8952,-1,-1,-1
398,41,967.01,338.68,76.97,208.46,0.6035,-1,-1,-1
398,42,694.05,307.45,71.05,221.30,0.7580,-1,-1,-1
399,2,745.82,216.60,162.20,537.44,0.8551,-1,-1,-1
399,34,163.39,144.27,246.78,697.68,0.8968,-1,-1,-1
399,32,890.14,238.47,84.15,430.50,0.7183,-1,-1,-1
399,38,1055.58,155.71,285.20,784.59,0.8964,-1,-1,-1
399,39,425.09,94.80,258.30,756.74,0.8931,-1,-1,-1
399,41,966.23,336.59,77.56,210.62,0.6223,-1,-1,-1
399,42,690.27,304.84,71.51,224.01,0.7869,-1,-1,-1
400,2,740.37,216.25,160.48,531.74,0.8430,-1,-1,-1
400,34,146.58,141.15,253.78,705.75,0.8944,-1,-1,-1
400,32,885.31,238.76,85.12,431.31,0.7513,-1,-1,-1
400,38,1053.94,155.08,286.91,787.96,0.8989,-1,-1,-1
400,39,419.75,90.05,261.37,764.37,0.8945,-1,-1,-1
400,41,965.62,331.07,80.13,216.96,0.5428,-1,-1,-1
400,42,688.31,304.85,70.83,223.47,0.7743,-1,-1,-1
401,2,734.43,216.13,158.38,521.76,0.8636,-1,-1,-1
401,34,131.63,139.33,261.06,717.65,0.8956,-1,-1,-1
401,32,881.04,235.79,86.96,437.27,0.7815,-1,-1,-1
401,38,1053.60,154.66,286.08,784.87,0.8997,-1,-1,-1
401,39,414.80,84.90,265.59,774.79,0.8992,-1,-1,-1
401,41,965.93,330.10,80.77,217.70,0.6051,-1,-1,-1
401,42,685.18,303.94,70.40,223.64,0.7249,-1,-1,-1
402,2,730.74,213.65,158.69,520.35,0.8793,-1,-1,-1
402,34,121.37,136.20,266.44,727.67,0.8979,-1,-1,-1
402,32,878.48,235.44,88.21,438.52,0.8049,-1,-1,-1
402,38,1052.89,150.24,287.55,790.62,0.8974,-1,-1,-1
402,39,408.56,80.27,271.67,790.68,0.8986,-1,-1,-1
402,41,965.60,330.21,80.36,216.78,0.6069,-1,-1,-1
402,42,683.22,302.65,70.14,225.27,0.5681,-1,-1,-1
403,2,727.76,212.44,159.58,521.31,0.8770,-1,-1,-1
403,34,107.88,134.50,273.47,746.09,0.8964,-1,-1,-1
403,32,876.75,236.19,89.13,438.62,0.8046,-1,-1,-1
403,38,1053.67,149.60,288.41,795.94,0.8966,-1,-1,-1
403,39,400.84,75.47,279.75,812.61,0.9080,-1,-1,-1
403,41,968.13,338.78,77.11,207.97,0.5806,-1,-1,-1
403,42,682.29,302.74,70.07,227.65,0.5825,-1,-1,-1
404,2,725.13,212.12,160.82,523.60,0.8639,-1,-1,-1
404,34,93.24,131.36,280.83,767.17,0.9013,-1,-1,-1
404,32,875.97,236.73,90.81,442.96,0.8013,-1,-1,-1
404,38,1058.84,148.93,287.85,796.07,0.8900,-1,-1,-1
404,39,391.39,73.05,287.81,834.90,0.9093,-1,-1,-1
404,41,969.38,338.59,77.92,210.13,0.6397,-1,-1,-1
404,42,681.82,303.49,69.63,228.48,0.5454,-1,-1,-1
405,2,725.24,213.72,161.25,524.63,0.8624,-1,-1,-1
405,34,78.72,129.18,286.32,781.76,0.8914,-1,-1,-1
405,32,875.90,238.09,91.38,441.93,0.8016,-1,-1,-1
405,38,1061.88,150.20,286.82,792.96,0.8890,-1,-1,-1
405,39,382.90,72.92,291.66,841.78,0.9082,-1,-1,-1
405,41,971.54,338.53,78.47,211.18,0.6547,-1,-1,-1
405,42,682.38,303.51,69.11,229.60,0.5208,-1,-1,-1
406,2,724.55,215.56,162.10,525.82,0.8495,-1,-1,-1
406,34,63.07,128.45,291.09,790.77,0.8919,-1,-1,-1
406,32,876.76,239.14,91.93,439.52,0.7965,-1,-1,-1
406,38,1065.43,150.23,284.64,785.60,0.8773,-1,-1,-1
406,39,374.46,71.73,297.28,852.22,0.9054,-1,-1,-1
406,41,976.03,342.11,79.13,211.43,0.6673,-1,-1,-1
406,42,684.06,304.48,68.93,231.26,0.4920,-1,-1,-1
407,2,726.11,217.05,162.70,527.35,0.8588,-1,-1,-1
407,34,57.39,122.45,296.25,804.20,0.8889,-1,-1,-1
407,32,877.00,238.88,93.22,441.27,0.7980,-1,-1,-1
407,38,1070.21,149.54,282.90,780.52,0.8776,-1,-1,-1
407,39,367.66,72.41,303.04,860.71,0.9049,-1,-1,-1
407,41,979.61,345.57,78.89,209.13,0.6536,-1,-1,-1
407,42,685.61,305.03,69.40,234.71,0.5950,-1,-1,-1
408,2,726.39,219.23,163.37,528.20,0.8643,-1,-1,-1
408,34,46.01,117.86,301.14,813.72,0.9036,-1,-1,-1
408,32,876.81,239.49,94.34,441.16,0.7925,-1,-1,-1
408,38,1074.21,149.06,281.98,778.82,0.8891,-1,-1,-1
408,39,360.70,70.03,310.16,874.71,0.9037,-1,-1,-1
408,41,980.96,337.82,82.35,218.05,0.6137,-1,-1,-1
408,42,687.87,304.84,69.16,237.26,0.4717,-1,-1,-1
409,2,728.08,220.42,164.70,532.23,0.8602,-1,-1,-1
409,34,44.01,114.10,305.50,825.21,0.9046,-1,-1,-1
409,32,877.90,241.20,94.99,437.95,0.8035,-1,-1,-1
409,38,1078.56,149.63,282.22,782.16,0.8948,-1,-1,-1
409,39,356.08,67.54,317.49,893.49,0.9088,-1,-1,-1
409,41,984.55,342.05,80.08,212.75,0.6596,-1,-1,-1
409,42,691.07,306.17,68.36,240.15,0.4869,-1,-1,-1
410,2,730.34,223.09,165.12,533.65,0.8375,-1,-1,-1
410,34,39.38,110.85,309.88,836.11,0.9032,-1,-1,-1
410,32,881.63,240.10,97.01,438.02,0.7898,-1,-1,-1
410,38,1083.80,150.88,282.10,785.38,0.8921,-1,-1,-1
410,39,353.07,65.00,322.78,911.28,0.9161,-1,-1,-1
410,41,990.56,345.38,78.67,210.01,0.6303,-1,-1,-1
410,42,696.65,308.29,67.83,241.93,0.6070,-1,-1,-1
411,2,733.39,224.61,165.96,534.95,0.8013,-1,-1,-1
411,34,29.17,105.90,313.45,846.45,0.9078,-1,-1,-1
411,32,886.11,239.82,98.48,438.00,0.7871,-1,-1,-1
411,38,1089.26,149.88,282.88,792.94,0.8892,-1,-1,-1
411,39,350.74,61.73,326.02,924.08,0.9157,-1,-1,-1
411,41,998.46,349.74,78.26,207.76,0.6637,-1,-1,-1
411,42,702.07,308.89,66.58,241.93,0.5890,-1,-1,-1
412,2,737.25,226.21,165.91,532.38,0.8136,-1,-1,-1
412,34,17.63,97.92,317.30,858.18,0.9168,-1,-1,-1
412,32,891.17,236.85,100.18,441.96,0.7517,-1,-1,-1
412,38,1094.41,152.70,283.14,797.28,0.8924,-1,-1,-1
412,39,343.72,56.98,334.05,952.45,0.9129,-1,-1,-1
412,41,1003.33,347.34,79.88,211.20,0.7008,-1,-1,-1
412,42,708.79,308.75,65.23,240.48,0.5475,-1,-1,-1
412,43,654.98,342.77,50.05,190.93,0.6279,-1,-1,-1
413,2,742.46,226.43,165.72,529.28,0.8177,-1,-1,-1
413,34,4.02,91.02,321.23,868.40,0.9265,-1,-1,-1
413,32,895.20,231.92,102.08,444.71,0.7522,-1,-1,-1
413,38,1098.64,153.57,284.04,802.10,0.8973,-1,-1,-1
413,39,336.71,49.95,340.35,975.30,0.9110,-1,-1,-1
413,41,1008.39,344.78,80.46,213.28,0.5994,-1,-1,-1
413,42,716.14,307.05,64.24,240.79,0.4628,-1,-1,-1
413,43,656.75,345.74,49.38,187.61,0.6630,-1,-1,-1
414,2,749.76,227.16,165.00,526.24,0.8206,-1,-1,-1
414,34,-3.93,84.00,324.68,879.10,0.9296,-1,-1,-1
414,32,900.34,233.30,104.05,445.03,0.7817,-1,-1,-1
414,38,1103.29,153.97,284.41,806.10,0.8896,-1,-1,-1
414,39,328.06,40.39,345.15,994.89,0.9023,-1,-1,-1
414,41,1014.00,341.95,81.20,216.26,0.6411,-1,-1,-1
414,42,722.25,304.24,63.78,241.58,0.4855,-1,-1,-1
414,43,659.70,342.72,51.82,195.52,0.6432,-1,-1,-1
415,2,753.58,224.84,165.73,527.63,0.8247,-1,-1,-1
415,34,-7.78,78.38,326.31,885.94,0.9252,-1,-1,-1
415,32,905.57,237.46,104.63,441.53,0.8092,-1,-1,-1
415,38,1108.57,153.69,284.33,809.41,0.8864,-1,-1,-1
415,39,320.45,28.73,350.91,1015.50,0.9130,-1,-1,-1
415,41,1020.39,347.33,80.31,212.69,0.6749,-1,-1,-1
415,42,727.47,302.96,62.37,237.94,0.4370,-1,-1,-1
415,43,662.87,342.15,51.01,189.94,0.6430,-1,-1,-1
416,2,754.55,221.75,165.92,524.39,0.8437,-1,-1,-1
416,34,-12.87,68.28,331.29,905.60,0.9217,-1,-1,-1
416,32,910.24,237.28,106.71,444.64,0.7922,-1,-1,-1
416,38,1112.95,152.37,284.48,813.66,0.8904,-1,-1,-1
416,39,311.98,15.93,356.66,1035.52,0.9137,-1,-1,-1
416,41,1024.63,348.95,80.39,211.34,0.5938,-1,-1,-1
416,42,732.26,298.16,62.65,240.01,0.2761,-1,-1,-1
416,43,664.58,341.15,51.18,187.66,0.6559,-1,-1,-1
417,2,754.57,221.54,166.71,521.92,0.8358,-1,-1,-1
417,34,-19.06,58.45,340.04,939.81,0.9180,-1,-1,-1
417,32,912.56,237.41,108.00,444.68,0.7983,-1,-1,-1
417,38,1115.65,151.53,285.36,821.59,0.8915,-1,-1,-1
417,39,298.21,6.24,362.67,1051.97,0.9091,-1,-1,-1
417,41,1028.94,345.86,81.11,213.07,0.6625,-1,-1,-1
417,42,734.44,296.68,62.60,240.71,0.2234,-1,-1,-1
417,43,665.22,341.07,52.31,188.59,0.6608,-1,-1,-1
418,2,754.59,219.96,168.00,521.12,0.8439,-1,-1,-1
418,34,-32.01,50.20,344.96,974.08,0.9163,-1,-1,-1
418,32,916.35,234.92,109.41,444.82,0.7835,-1,-1,-1
418,38,1118.71,149.10,285.02,826.02,0.8920,-1,-1,-1
418,39,285.10,1.29,367.25,1061.29,0.9150,-1,-1,-1
418,41,1031.57,338.51,83.00,218.27,0.6667,-1,-1,-1
418,43,664.42,339.93,53.81,190.81,0.6720,-1,-1,-1
419,2,752.12,212.91,171.35,528.39,0.8543,-1,-1,-1
419,34,-39.81,42.27,342.21,990.61,0.9105,-1,-1,-1
419,32,917.02,234.24,110.15,443.74,0.7783,-1,-1,-1
419,38,1120.46,147.38,283.42,825.60,0.8903,-1,-1,-1
419,39,270.32,-0.18,372.03,1067.81,0.9215,-1,-1,-1
419,41,1033.85,337.26,83.46,219.17,0.6328,-1,-1,-1
419,43,660.70,337.72,56.71,198.57,0.6738,-1,-1,-1
420,2,749.17,209.15,173.63,532.35,0.8563,-1,-1,-1
420,34,-45.34,37.76,337.30,1004.41,0.9036,-1,-1,-1
420,32,916.75,234.88,111.79,445.50,0.7857,-1,-1,-1
420,38,1121.13,144.24,282.61,827.15,0.8896,-1,-1,-1
420,39,256.26,-0.34,377.17,1074.31,0.9256,-1,-1,-1
420,41,1034.67,333.72,86.02,224.70,0.6366,-1,-1,-1
420,43,656.61,336.86,58.95,204.48,0.6768,-1,-1,-1
421,2,748.66,210.13,174.38,531.00,0.8576,-1,-1,-1
421,34,-46.34,27.92,323.96,993.08,0.9001,-1,-1,-1
421,32,915.38,235.01,112.47,444.35,0.7926,-1,-1,-1
421,38,1120.61,140.12,282.98,830.21,0.8914,-1,-1,-1
421,39,241.64,0.45,381.72,1075.84,0.9258,-1,-1,-1
421,41,1035.27,334.42,86.37,224.23,0.6429,-1,-1,-1
421,43,654.88,336.48,59.98,205.54,0.6761,-1,-1,-1
422,2,745.30,210.98,177.11,537.83,0.8471,-1,-1,-1
422,34,-49.32,18.00,313.05,991.74,0.8890,-1,-1,-1
422,32,913.56,235.76,113.49,445.03,0.7920,-1,-1,-1
422,38,1118.64,133.01,284.28,835.16,0.8866,-1,-1,-1
422,39,224.28,-0.06,387.08,1079.05,0.9196,-1,-1,-1
422,41,1035.19,338.09,85.39,220.44,0.5483,-1,-1,-1
422,43,650.28,334.40,61.67,209.29,0.6863,-1,-1,-1
423,2,741.11,211.15,177.07,537.74,0.8480,-1,-1,-1
423,34,-53.70,13.19,302.76,995.92,0.8902,-1,-1,-1
423,32,912.29,237.53,114.14,444.76,0.7741,-1,-1,-1
423,38,1114.40,128.08,285.99,838.78,0.8932,-1,-1,-1
423,39,207.84,-0.70,391.89,1081.21,0.9225,-1,-1,-1
423,41,1034.77,340.28,85.32,218.90,0.5633,-1,-1,-1
423,43,646.70,332.52,63.61,212.96,0.7180,-1,-1,-1
424,2,738.37,213.20,175.44,533.44,0.8378,-1,-1,-1
424,34,-58.54,9.45,292.68,1004.55,0.8764,-1,-1,-1
424,32,910.60,240.02,114.95,442.38,0.7509,-1,-1,-1
424,38,1112.25,126.54,287.04,838.52,0.9005,-1,-1,-1
424,39,188.49,-0.01,396.69,1081.51,0.9273,-1,-1,-1
424,41,1031.82,340.59,85.40,218.72,0.6043,-1,-1,-1
424,43,643.97,331.73,64.91,213.62,0.7002,-1,-1,-1
425,2,734.20,213.69,176.16,535.52,0.8378,-1,-1,-1
425,34,-64.37,7.24,280.41,1010.91,0.8435,-1,-1,-1
425,32,907.29,239.75,115.80,440.67,0.7744,-1,-1,-1
425,38,1109.93,125.82,286.70,832.14,0.9028,-1,-1,-1
425,39,167.73,0.03,402.15,1079.20,0.9242,-1,-1,-1
425,41,1030.47,339.23,85.56,219.34,0.6203,-1,-1,-1
425,43,638.84,328.09,67.21,218.79,0.7007,-1,-1,-1
426,2,732.47,213.54,175.74,535.50,0.8401,-1,-1,-1
426,32,904.23,237.62,117.93,442.15,0.7950,-1,-1,-1
426,38,1107.09,126.10,285.88,820.74,0.9032,-1,-1,-1
426,39,144.19,-0.08,408.34,1077.30,0.9261,-1,-1,-1
426,41,1028.18,335.53,85.73,220.04,0.6321,-1,-1,-1
426,43,635.25,326.70,67.53,217.89,0.6847,-1,-1,-1
427,2,729.94,214.26,176.42,537.00,0.8309,-1,-1,-1
427,32,903.79,236.33,119.34,442.61,0.7799,-1,-1,-1
427,38,1103.28,127.60,286.73,813.35,0.9002,-1,-1,-1
427,39,115.74,0.33,415.54,1073.59,0.9224,-1,-1,-1
427,41,1025.76,332.86,86.49,222.64,0.5847,-1,-1,-1
427,43,630.00,326.29,68.85,220.92,0.7199,-1,-1,-1
427,44,-0.72,122.71,103.22,559.20,0.7123,-1,-1,-1
428,2,724.46,217.89,175.79,532.24,0.8335,-1,-1,-1
428,32,901.12,235.61,121.04,442.72,0.7979,-1,-1,-1
428,38,1098.62,128.64,290.35,814.19,0.9039,-1,-1,-1
428,39,90.97,1.40,424.60,1071.40,0.9213,-1,-1,-1
428,41,1023.88,332.33,86.16,223.50,0.5002,-1,-1,-1
428,43,624.36,326.33,69.46,221.38,0.7154,-1,-1,-1
428,44,-10.31,151.48,98.57,536.82,0.4360,-1,-1,-1
428,45,542.04,315.73,57.83,194.13,0.5874,-1,-1,-1
429,2,716.27,215.98,178.95,539.32,0.8319,-1,-1,-1
429,32,900.04,234.46,121.74,441.92,0.7768,-1,-1,-1
429,38,1092.35,130.35,294.00,816.50,0.9048,-1,-1,-1
429,39,60.88,1.50,435.75,1071.49,0.9302,-1,-1,-1
429,41,1024.11,330.60,86.38,227.01,0.4857,-1,-1,-1
429,43,617.88,327.55,69.77,222.37,0.7548,-1,-1,-1
429,44,2.81,179.71,92.33,500.60,0.2037,-1,-1,-1
429,45,538.88,320.25,57.69,193.77,0.5868,-1,-1,-1
430,2,705.17,214.81,180.18,544.77,0.8380,-1,-1,-1
430,32,899.42,234.16,121.27,437.88,0.7793,-1,-1,-1
430,38,1086.82,132.88,298.53,820.39,0.9091,-1,-1,-1
430,39,43.93,2.07,445.54,1071.79,0.9266,-1,-1,-1
430,41,1027.24,329.89,84.41,224.68,0.4592,-1,-1,-1
430,43,613.67,325.36,70.53,224.72,0.7132,-1,-1,-1
430,45,535.18,332.95,52.73,176.95,0.4662,-1,-1,-1
431,2,693.56,212.43,181.61,552.36,0.8260,-1,-1,-1
431,32,897.91,233.19,121.20,435.28,0.7827,-1,-1,-1
431,38,1082.56,133.53,302.62,824.54,0.9050,-1,-1,-1
431,39,32.05,2.09,453.15,1071.91,0.9298,-1,-1,-1
431,41,1029.63,329.10,83.43,225.40,0.3722,-1,-1,-1
431,43,609.13,325.69,72.02,228.09,0.6762,-1,-1,-1
431,45,528.66,335.14,54.17,181.94,0.4577,-1,-1,-1
432,2,682.14,209.40,185.15,566.81,0.8331,-1,-1,-1
432,32,897.24,231.50,121.25,433.52,0.7884,-1,-1,-1
432,38,1079.11,133.80,306.61,828.97,0.9038,-1,-1,-1
432,39,24.19,3.45,459.18,1071.58,0.9352,-1,-1,-1
432,41,1031.13,328.15,82.24,225.15,0.3760,-1,-1,-1
432,43,604.75,326.20,72.38,229.07,0.6594,-1,-1,-1
432,45,519.31,343.73,62.19,210.51,0.4124,-1,-1,-1
433,2,677.37,206.44,183.62,563.17,0.8282,-1,-1,-1
433,32,896.27,231.31,121.23,431.85,0.7959,-1,-1,-1
433,38,1077.71,133.19,309.98,832.94,0.9033,-1,-1,-1
433,39,17.34,4.82,461.84,1067.01,0.9355,-1,-1,-1
433,41,1031.55,326.51,83.52,234.51,0.2452,-1,-1,-1
433,43,601.51,325.12,72.55,228.96,0.6440,-1,-1,-1
433,45,518.25,345.08,56.62,191.42,0.4221,-1,-1,-1
434,2,671.44,203.00,185.72,573.26,0.8403,-1,-1,-1
434,32,895.10,228.84,121.78,432.18,0.7961,-1,-1,-1
434,38,1078.13,131.58,312.03,834.50,0.9012,-1,-1,-1
434,39,11.24,3.96,464.63,1066.16,0.9388,-1,-1,-1
434,41,1034.75,324.10,81.56,233.53,0.3385,-1,-1,-1
434,43,597.02,322.04,73.26,231.79,0.6850,-1,-1,-1
434,45,517.34,334.14,55.38,187.22,0.4288,-1,-1,-1
434,46,1000.85,309.80,75.07,239.98,0.5199,-1,-1,-1
435,2,669.70,199.65,182.47,565.81,0.8255,-1,-1,-1
435,32,893.98,226.35,122.34,431.80,0.7787,-1,-1,-1
435,38,1078.00,129.05,314.27,837.09,0.9037,-1,-1,-1
435,39,6.02,2.89,466.45,1065.96,0.9396,-1,-1,-1
435,41,1036.62,321.97,81.10,238.21,0.3124,-1,-1,-1
435,43,594.79,319.93,73.71,233.21,0.6860,-1,-1,-1
435,45,514.17,318.06,57.04,193.89,0.6674,-1,-1,-1
435,46,999.29,305.81,75.19,240.53,0.5411,-1,-1,-1
436,2,669.05,196.77,179.68,558.22,0.7972,-1,-1,-1
436,32,896.62,224.79,122.23,432.00,0.7700,-1,-1,-1
436,38,1078.44,126.20,316.86,841.76,0.9069,-1,-1,-1
436,39,1.33,2.42,467.66,1067.02,0.9397,-1,-1,-1
436,41,1039.07,320.86,77.73,234.22,0.2975,-1,-1,-1
436,43,594.08,318.25,73.60,233.00,0.7087,-1,-1,-1
436,45,511.66,310.59,58.05,198.81,0.6150,-1,-1,-1
436,46,997.49,303.43,75.54,241.74,0.5427,-1,-1,-1
437,2,668.55,194.25,173.99,539.61,0.8138,-1,-1,-1
437,32,898.59,223.74,121.96,432.17,0.7562,-1,-1,-1
437,38,1080.43,121.79,318.62,845.29,0.9055,-1,-1,-1
437,39,-5.33,2.08,468.59,1071.64,0.9357,-1,-1,-1
437,41,1041.16,315.33,76.45,234.09,0.4989,-1,-1,-1
437,43,591.73,314.27,73.73,232.63,0.7238,-1,-1,-1
437,45,514.25,335.18,50.29,170.84,0.5875,-1,-1,-1
437,46,994.38,301.68,75.18,241.00,0.5711,-1,-1,-1
438,2,665.27,194.05,171.92,531.14,0.8385,-1,-1,-1
438,32,900.48,223.20,121.71,433.75,0.7558,-1,-1,-1
438,38,1082.54,118.40,317.37,839.91,0.9003,-1,-1,-1
438,39,-13.39,2.90,464.84,1070.31,0.9349,-1,-1,-1
438,41,1043.34,313.99,74.54,232.30,0.3875,-1,-1,-1
438,43,589.12,312.60,74.19,233.77,0.7310,-1,-1,-1
438,45,512.45,335.67,50.30,170.79,0.4232,-1,-1,-1
438,46,993.45,300.81,74.69,239.70,0.5704,-1,-1,-1
438,42,825.01,300.74,65.81,231.63,0.6724,-1,-1,-1
439,2,662.88,194.42,171.28,528.07,0.8541,-1,-1,-1
439,32,901.44,223.12,121.37,435.60,0.7577,-1,-1,-1
439,38,1085.13,115.13,317.85,840.88,0.9012,-1,-1,-1
439,39,-22.46,3.19,459.82,1070.71,0.9277,-1,-1,-1
439,41,1046.29,312.41,73.99,232.71,0.4696,-1,-1,-1
439,43,585.85,312.08,74.56,234.40,0.7221,-1,-1,-1
439,45,510.21,330.74,51.21,173.96,0.4346,-1,-1,-1
439,46,993.82,300.57,73.95,237.44,0.6394,-1,-1,-1
439,42,821.85,299.74,70.54,235.93,0.7252,-1,-1,-1
440,2,659.14,193.92,171.52,527.36,0.8672,-1,-1,-1
440,32,900.70,221.75,120.99,437.43,0.7695,-1,-1,-1
440,38,1088.60,111.69,318.04,840.68,0.8844,-1,-1,-1
440,39,-30.68,3.24,451.31,1066.91,0.9269,-1,-1,-1
440,41,1048.03,309.23,74.42,236.07,0.5685,-1,-1,-1
440,43,582.76,308.79,76.76,241.28,0.7689,-1,-1,-1
440,45,507.04,326.09,52.38,177.91,0.4083,-1,-1,-1
440,46,994.08,300.47,73.63,236.19,0.7046,-1,-1,-1
440,42,817.50,298.00,73.40,238.41,0.7013,-1,-1,-1
441,2,657.70,195.27,172.41,528.66,0.8637,-1,-1,-1
441,32,901.68,222.18,120.22,437.81,0.7794,-1,-1,-1
441,38,1092.71,107.26,318.75,841.90,0.8998,-1,-1,-1
441,39,-40.18,2.98,441.86,1065.79,0.9199,-1,-1,-1
441,41,1048.83,308.01,75.24,240.22,0.6097,-1,-1,-1
441,43,581.34,305.95,78.04,246.02,0.7663,-1,-1,-1
441,45,504.87,315.59,55.34,188.85,0.4088,-1,-1,-1
441,46,994.56,298.16,74.35,238.25,0.7106,-1,-1,-1
441,42,815.16,296.86,75.39,240.51,0.6947,-1,-1,-1
442,2,658.00,197.61,172.97,529.46,0.8552,-1,-1,-1
442,32,904.95,223.88,118.55,435.18,0.7340,-1,-1,-1
442,38,1099.50,106.48,316.11,832.68,0.8974,-1,-1,-1
442,39,-50.03,3.14,430.38,1065.09,0.9135,-1,-1,-1
442,41,1053.39,312.92,74.27,237.80,0.6577,-1,-1,-1
442,43,581.16,305.46,78.66,249.00,0.7719,-1,-1,-1
442,45,508.35,326.19,52.15,177.79,0.4270,-1,-1,-1
442,46,995.04,297.53,75.47,241.90,0.6778,-1,-1,-1
442,42,818.02,297.40,76.44,237.62,0.7283,-1,-1,-1
443,2,660.93,198.64,172.33,527.66,0.8509,-1,-1,-1
443,32,905.81,224.54,117.78,435.26,0.7463,-1,-1,-1
443,38,1107.26,109.77,313.20,821.45,0.8967,-1,-1,-1
443,39,-58.89,3.69,416.79,1063.61,0.8933,-1,-1,-1
443,41,1057.53,313.46,74.13,238.80,0.5990,-1,-1,-1
443,43,582.31,307.94,78.79,249.14,0.7730,-1,-1,-1
443,45,511.84,334.05,50.56,172.26,0.4493,-1,-1,-1
443,46,998.60,295.70,76.24,243.21,0.6434,-1,-1,-1
443,42,820.41,299.48,76.48,232.36,0.7588,-1,-1,-1
444,2,665.48,200.82,170.15,521.60,0.8448,-1,-1,-1
444,32,909.09,226.12,116.14,432.69,0.7102,-1,-1,-1
444,38,1114.63,112.94,311.21,814.28,0.9003,-1,-1,-1
444,39,-66.55,4.29,401.60,1061.92,0.8392,-1,-1,-1
444,41,1059.68,304.38,75.81,245.71,0.5813,-1,-1,-1
444,43,584.33,307.54,79.43,250.89,0.7619,-1,-1,-1
444,45,515.88,341.67,48.54,164.46,0.4909,-1,-1,-1
444,46,1001.24,297.79,76.75,243.01,0.6363,-1,-1,-1
444,42,821.76,300.11,77.65,233.34,0.7714,-1,-1,-1
445,2,671.97,202.95,167.53,512.57,0.8418,-1,-1,-1
445,32,909.08,223.11,117.55,438.43,0.7752,-1,-1,-1
445,38,1119.96,118.39,312.64,817.66,0.8972,-1,-1,-1
445,39,-74.60,4.78,385.37,1062.15,0.3823,-1,-1,-1
445,41,1067.31,303.51,74.99,243.67,0.5712,-1,-1,-1
445,43,585.35,307.55,79.93,251.29,0.7621,-1,-1,-1
445,45,519.14,334.11,50.82,172.66,0.4918,-1,-1,-1
445,46,1007.25,292.64,78.15,246.31,0.7156,-1,-1,-1
445,42,824.48,298.86,79.30,235.07,0.7829,-1,-1,-1
446,2,679.58,202.34,164.51,502.73,0.8350,-1,-1,-1
446,32,908.46,221.12,119.57,445.45,0.8088,-1,-1,-1
446,38,1127.46,124.10,313.07,818.51,0.9060,-1,-1,-1
446,39,-53.82,4.94,377.32,1062.86,0.7283,-1,-1,-1
446,41,1074.03,301.81,74.98,245.48,0.6520,-1,-1,-1
446,43,587.34,308.88,80.63,250.62,0.7386,-1,-1,-1
446,45,524.49,342.43,49.14,164.63,0.5358,-1,-1,-1
446,46,1011.66,294.69,78.79,248.11,0.7714,-1,-1,-1
446,42,828.31,296.43,80.77,237.58,0.7906,-1,-1,-1
447,2,684.68,201.16,166.66,508.04,0.8358,-1,-1,-1
447,32,914.38,220.34,120.92,449.72,0.7666,-1,-1,-1
447,38,1135.23,126.29,314.23,823.41,0.9060,-1,-1,-1
447,41,1080.95,300.40,75.15,248.70,0.6897,-1,-1,-1
447,43,590.63,310.18,81.06,249.26,0.6902,-1,-1,-1
447,45,531.00,352.12,46.57,153.77,0.5003,-1,-1,-1
447,46,1017.54,292.84,79.81,250.01,0.7645,-1,-1,-1
447,42,835.13,295.91,81.87,238.75,0.7575,-1,-1,-1
448,2,689.72,200.96,170.59,518.05,0.8418,-1,-1,-1
448,32,921.05,219.14,122.13,453.45,0.7439,-1,-1,-1
448,38,1144.22,135.20,314.37,823.91,0.9052,-1,-1,-1
448,41,1089.78,302.75,74.51,248.08,0.6798,-1,-1,-1
448,43,592.51,311.62,81.84,248.87,0.6964,-1,-1,-1
448,45,533.59,334.73,52.71,175.07,0.4999,-1,-1,-1
448,46,1024.89,295.38,80.08,250.61,0.7391,-1,-1,-1
448,42,841.25,296.37,82.30,239.28,0.7971,-1,-1,-1
449,2,697.47,202.32,170.81,518.40,0.8163,-1,-1,-1
449,32,927.52,217.25,121.80,454.35,0.7734,-1,-1,-1
449,38,1151.62,141.02,314.62,824.24,0.9073,-1,-1,-1
449,41,1099.01,312.22,72.19,240.41,0.6746,-1,-1,-1
449,43,599.55,314.15,82.73,250.91,0.7450,-1,-1,-1
449,45,538.00,322.49,56.94,189.86,0.5244,-1,-1,-1
449,46,1034.10,296.52,79.57,249.92,0.7120,-1,-1,-1
449,42,846.92,297.24,82.64,239.10,0.7507,-1,-1,-1
450,2,705.39,202.09,169.85,514.42,0.8152,-1,-1,-1
450,32,928.37,218.22,121.52,453.64,0.7804,-1,-1,-1
450,38,1157.69,146.56,315.04,827.29,0.9099,-1,-1,-1
450,41,1105.49,313.99,72.15,240.40,0.7051,-1,-1,-1
450,43,604.78,314.91,82.85,251.02,0.7175,-1,-1,-1
450,45,543.83,325.79,55.47,185.10,0.4896,-1,-1,-1
450,46,1038.86,298.60,79.06,247.80,0.7049,-1,-1,-1
450,42,851.94,298.26,81.75,236.09,0.7161,-1,-1,-1
451,2,710.11,201.60,169.79,513.08,0.8244,-1,-1,-1
451,32,936.30,219.92,119.71,447.74,0.7806,-1,-1,-1
451,38,1164.43,150.77,315.41,830.96,0.9031,-1,-1,-1
451,41,1114.50,318.38,71.08,236.61,0.6992,-1,-1,-1
451,43,605.83,314.80,84.19,253.74,0.7412,-1,-1,-1
451,45,549.08,319.16,56.91,190.92,0.4587,-1,-1,-1
451,46,1046.37,291.31,79.94,253.17,0.6919,-1,-1,-1
451,42,857.89,295.04,84.00,240.31,0.7238,-1,-1,-1
452,2,716.44,200.63,168.94,511.53,0.8417,-1,-1,-1
452,32,945.66,219.99,118.44,440.90,0.7661,-1,-1,-1
452,38,1171.63,153.73,315.98,834.78,0.9043,-1,-1,-1
452,41,1122.06,316.39,72.21,240.92,0.6750,-1,-1,-1
452,43,608.24,314.99,84.77,253.62,0.7348,-1,-1,-1
452,45,555.23,319.02,55.43,186.69,0.4510,-1,-1,-1
452,46,1055.04,293.36,79.49,251.25,0.7420,-1,-1,-1
452,42,861.43,297.57,84.08,237.73,0.7778,-1,-1,-1
453,2,722.41,202.54,168.75,512.68,0.8453,-1,-1,-1
453,32,952.04,217.59,119.15,441.60,0.7949,-1,-1,-1
453,38,1177.88,157.08,316.35,839.01,0.9096,-1,-1,-1
453,41,1129.29,317.15,72.03,241.28,0.7210,-1,-1,-1
453,43,612.98,314.79,85.23,256.17,0.7704,-1,-1,-1
453,45,562.06,313.70,56.75,191.78,0.5494,-1,-1,-1
453,46,1062.60,297.16,79.58,252.37,0.7400,-1,-1,-1
453,42,869.27,297.34,84.72,240.82,0.7865,-1,-1,-1
454,2,729.85,202.53,168.62,513.17,0.8184,-1,-1,-1
454,32,957.26,218.77,120.55,441.77,0.7836,-1,-1,-1
454,38,1184.96,159.45,316.36,842.23,0.9112,-1,-1,-1
454,41,1137.34,313.45,73.08,245.82,0.6244,-1,-1,-1
454,43,617.36,310.82,85.91,258.27,0.7546,-1,-1,-1
454,45,569.31,319.76,55.11,186.92,0.3954,-1,-1,-1
454,46,1071.92,299.09,79.24,251.73,0.7127,-1,-1,-1
454,42,876.92,298.47,85.02,242.12,0.7316,-1,-1,-1
455,2,735.64,199.73,170.59,519.50,0.8353,-1,-1,-1
455,32,964.07,220.57,120.21,437.56,0.7787,-1,-1,-1
455,38,1190.85,159.10,316.38,844.42,0.9117,-1,-1,-1
455,41,1147.72,313.57,72.46,246.12,0.6148,-1,-1,-1
455,43,621.81,305.02,87.70,265.43,0.7663,-1,-1,-1
455,45,577.16,316.21,55.94,190.28,0.5637,-1,-1,-1
455,46,1079.54,300.51,78.83,251.63,0.7152,-1,-1,-1
455,42,885.33,303.20,82.90,235.09,0.6954,-1,-1,-1
455,48,715.25,257.69,66.70,311.11,0.5841,-1,-1,-1
456,2,745.68,199.34,170.03,520.40,0.8263,-1,-1,-1
456,32,967.94,214.48,122.12,442.70,0.7563,-1,-1,-1
456,38,1198.24,158.67,314.23,838.85,0.9041,-1,-1,-1
456,41,1154.09,313.84,71.81,245.77,0.5435,-1,-1,-1
456,43,627.16,301.85,88.47,268.98,0.7504,-1,-1,-1
456,45,581.86,317.30,56.37,191.41,0.5168,-1,-1,-1
456,46,1087.20,299.90,77.56,248.50,0.7141,-1,-1,-1
456,42,892.61,301.03,83.51,238.39,0.6623,-1,-1,-1
456,48,721.63,255.14,68.07,316.92,0.6257,-1,-1,-1
457,2,755.70,201.11,169.18,519.90,0.8140,-1,-1,-1
457,32,974.37,213.31,122.01,442.29,0.7678,-1,-1,-1
457,38,1205.09,157.19,313.82,836.89,0.9002,-1,-1,-1
457,41,1157.83,310.44,72.44,249.24,0.3956,-1,-1,-1
457,43,631.40,300.22,88.67,268.60,0.7409,-1,-1,-1
457,45,586.85,309.33,58.81,200.75,0.5278,-1,-1,-1
457,46,1093.19,298.02,78.04,250.34,0.6781,-1,-1,-1
457,42,899.35,299.21,83.72,239.65,0.6762,-1,-1,-1
457,48,728.09,251.67,69.08,320.74,0.6757,-1,-1,-1
458,2,764.50,200.22,168.09,519.01,0.8164,-1,-1,-1
458,32,987.72,211.71,121.40,441.32,0.7768,-1,-1,-1
458,38,1209.45,155.50,313.92,835.48,0.8971,-1,-1,-1
458,43,634.45,297.51,89.72,271.22,0.7157,-1,-1,-1
458,45,593.93,307.53,58.05,199.36,0.4866,-1,-1,-1
458,46,1099.25,293.71,78.91,255.43,0.7098,-1,-1,-1
458,42,908.07,298.36,84.34,240.05,0.7447,-1,-1,-1
458,48,731.52,249.81,69.05,319.31,0.7532,-1,-1,-1
459,2,771.78,203.57,166.79,517.24,0.8480,-1,-1,-1
459,32,995.88,207.12,122.19,444.36,0.8080,-1,-1,-1
459,38,1212.01,150.62,317.41,840.18,0.9081,-1,-1,-1
459,43,638.85,296.64,90.36,272.87,0.7248,-1,-1,-1
459,45,597.25,303.01,58.76,202.82,0.4792,-1,-1,-1
459,46,1105.77,293.38,79.63,257.08,0.7440,-1,-1,-1
459,42,912.69,297.49,83.73,238.69,0.7837,-1,-1,-1
459,48,733.56,249.80,69.96,322.07,0.7664,-1,-1,-1
460,2,778.92,203.41,164.64,513.58,0.8535,-1,-1,-1
460,32,1000.34,207.69,123.36,444.85,0.7899,-1,-1,-1
460,38,1215.44,144.08,319.09,837.17,0.9100,-1,-1,-1
460,43,641.03,295.92,90.61,272.92,0.7376,-1,-1,-1
460,45,601.70,303.45,57.31,199.12,0.2772,-1,-1,-1
460,46,1109.96,294.90,79.42,255.94,0.7272,-1,-1,-1
460,42,919.28,296.55,83.25,238.48,0.7890,-1,-1,-1
460,48,736.58,247.12,71.63,327.88,0.7714,-1,-1,-1
461,2,784.20,203.44,163.01,509.84,0.8304,-1,-1,-1
461,32,1004.97,209.84,123.56,445.18,0.7848,-1,-1,-1
461,38,1217.28,138.48,320.96,833.90,0.9077,-1,-1,-1
461,43,642.71,294.28,91.65,275.99,0.7433,-1,-1,-1
461,45,608.02,293.84,58.35,205.13,0.2425,-1,-1,-1
461,46,1113.79,294.07,79.62,254.11,0.7290,-1,-1,-1
461,42,926.30,296.47,82.46,237.41,0.7531,-1,-1,-1
461,48,739.52,243.19,72.87,331.23,0.7557,-1,-1,-1
462,2,787.06,201.72,162.09,508.06,0.8075,-1,-1,-1
462,32,1005.57,208.81,125.27,450.40,0.7936,-1,-1,-1
462,38,1218.80,133.16,322.82,830.06,0.9070,-1,-1,-1
462,43,643.87,292.50,92.24,278.24,0.7775,-1,-1,-1
462,45,612.18,292.13,56.45,201.87,0.3995,-1,-1,-1
462,46,1116.73,294.23,80.04,254.10,0.6672,-1,-1,-1
462,42,931.97,295.38,81.70,235.58,0.7296,-1,-1,-1
462,48,742.20,241.62,73.20,329.93,0.7587,-1,-1,-1
463,2,787.34,198.97,163.00,511.61,0.8201,-1,-1,-1
463,32,1006.40,207.86,126.22,451.61,0.8010,-1,-1,-1
463,38,1220.03,131.95,323.28,822.72,0.9067,-1,-1,-1
463,43,643.56,292.40,92.43,279.12,0.7688,-1,-1,-1
463,45,614.48,292.53,55.17,200.07,0.2958,-1,-1,-1
463,46,1120.57,292.81,79.77,252.36,0.6624,-1,-1,-1
463,42,935.79,291.09,81.64,236.17,0.7368,-1,-1,-1
463,48,741.53,239.33,74.45,333.48,0.7517,-1,-1,-1
464,2,785.97,192.54,163.07,511.07,0.8134,-1,-1,-1
464,32,1007.34,206.86,127.22,452.16,0.8048,-1,-1,-1
464,38,1221.87,129.26,325.68,823.54,0.9036,-1,-1,-1
464,43,640.93,290.53,91.83,277.65,0.7708,-1,-1,-1
464,45,615.15,289.85,55.04,202.60,0.4229,-1,-1,-1
464,46,1120.73,288.84,80.41,253.92,0.6683,-1,-1,-1
464,42,936.26,286.29,81.69,236.60,0.7359,-1,-1,-1
464,48,740.16,238.94,74.95,333.25,0.7739,-1,-1,-1
465,2,783.64,187.01,163.80,512.09,0.8151,-1,-1,-1
465,32,1008.26,206.90,127.68,450.88,0.7878,-1,-1,-1
465,38,1220.95,124.50,329.14,828.91,0.9071,-1,-1,-1
465,43,637.40,285.64,93.22,282.76,0.7542,-1,-1,-1
465,45,614.18,287.63,54.57,203.87,0.2680,-1,-1,-1
465,46,1124.52,288.19,79.35,252.08,0.6094,-1,-1,-1
465,42,935.54,281.32,82.25,238.96,0.7204,-1,-1,-1
465,48,736.05,233.98,76.41,336.45,0.7614,-1,-1,-1
466,2,780.07,181.84,164.74,512.53,0.8061,-1,-1,-1
466,32,1009.02,205.44,127.65,447.47,0.7770,-1,-1,-1
466,38,1218.08,120.58,333.53,836.80,0.9075,-1,-1,-1
466,43,633.74,283.21,93.45,284.66,0.7080,-1,-1,-1
466,45,612.76,288.78,54.10,204.24,0.2145,-1,-1,-1
466,46,1125.78,286.44,78.30,251.60,0.5961,-1,-1,-1
466,42,934.88,276.86,82.84,241.30,0.7320,-1,-1,-1
466,48,732.03,229.07,77.74,339.61,0.7358,-1,-1,-1
467,2,778.48,180.72,165.29,508.94,0.8207,-1,-1,-1
467,32,1007.80,204.64,128.57,449.13,0.7820,-1,-1,-1
467,38,1214.18,119.00,337.40,842.83,0.9090,-1,-1,-1
467,43,626.60,277.97,95.74,291.90,0.7181,-1,-1,-1
467,46,1125.20,283.61,78.26,253.54,0.6251,-1,-1,-1
467,42,933.89,275.11,83.19,242.22,0.7591,-1,-1,-1
467,48,726.16,224.72,79.54,343.66,0.7120,-1,-1,-1
468,2,775.26,179.38,166.40,509.16,0.8275,-1,-1,-1
468,32,1004.45,203.74,129.17,450.01,0.7758,-1,-1,-1
468,38,1207.75,117.68,342.39,851.60,0.9128,-1,-1,-1
468,43,620.42,275.20,96.82,295.89,0.7476,-1,-1,-1
468,46,1122.30,280.67,78.32,253.99,0.5725,-1,-1,-1
468,42,932.25,274.52,83.23,242.42,0.7662,-1,-1,-1
468,48,719.83,220.09,81.84,351.49,0.7288,-1,-1,-1
469,2,771.41,179.39,166.68,507.61,0.8288,-1,-1,-1
469,32,1002.35,203.33,128.08,445.70,0.7852,-1,-1,-1
469,38,1202.60,117.33,347.08,860.54,0.9113,-1,-1,-1
469,43,613.09,269.97,97.90,301.61,0.8044,-1,-1,-1
469,46,1118.17,279.74,79.17,254.57,0.5772,-1,-1,-1
469,42,929.01,272.79,83.72,243.48,0.7718,-1,-1,-1
469,48,712.25,217.85,82.83,354.59,0.7504,-1,-1,-1
470,2,768.61,176.54,169.19,513.01,0.8397,-1,-1,-1
470,32,999.86,199.90,128.94,447.57,0.8000,-1,-1,-1
470,38,1197.56,117.97,349.86,865.57,0.9142,-1,-1,-1
470,43,604.90,267.37,98.65,303.45,0.7812,-1,-1,-1
470,46,1114.93,277.77,80.16,257.13,0.6246,-1,-1,-1
470,42,924.98,272.36,83.47,243.30,0.7862,-1,-1,-1
470,48,707.65,215.30,84.04,357.54,0.7715,-1,-1,-1
471,2,765.56,174.76,169.76,513.27,0.8404,-1,-1,-1
471,32,997.17,196.51,129.67,449.96,0.7971,-1,-1,-1
471,38,1190.74,117.69,354.55,874.66,0.9087,-1,-1,-1
471,43,597.22,264.62,99.64,307.24,0.7757,-1,-1,-1
471,46,1109.37,273.58,81.00,260.06,0.5646,-1,-1,-1
471,42,921.10,272.22,83.70,243.58,0.8015,-1,-1,-1
471,48,699.67,212.54,85.30,359.66,0.7392,-1,-1,-1
472,2,760.47,173.77,170.33,512.80,0.8625,-1,-1,-1
472,32,994.16,196.44,129.81,449.90,0.7827,-1,-1,-1
472,38,1188.13,118.17,355.43,876.34,0.9108,-1,-1,-1
472,43,591.97,263.98,99.85,308.30,0.8216,-1,-1,-1
472,46,1106.06,271.32,82.22,264.25,0.6575,-1,-1,-1
472,42,918.68,271.46,83.53,243.40,0.8049,-1,-1,-1
472,48,693.25,209.18,86.93,362.14,0.7863,-1,-1,-1
473,2,759.44,173.64,171.05,513.82,0.8753,-1,-1,-1
473,32,990.01,196.00,129.79,450.58,0.7750,-1,-1,-1
473,38,1186.56,117.51,354.80,874.49,0.9106,-1,-1,-1
473,43,586.21,261.99,100.35,310.63,0.8205,-1,-1,-1
473,46,1105.55,270.64,83.05,265.89,0.6943,-1,-1,-1
473,42,917.25,271.88,83.17,242.94,0.7933,-1,-1,-1
473,48,687.73,205.99,88.80,364.96,0.8141,-1,-1,-1
474,2,759.93,174.70,171.19,513.73,0.8764,-1,-1,-1
474,32,987.17,195.24,129.44,450.34,0.7776,-1,-1,-1
474,38,1186.43,115.14,351.99,868.12,0.9123,-1,-1,-1
474,43,580.80,260.86,100.03,311.32,0.8549,-1,-1,-1
474,46,1101.99,269.07,83.44,267.90,0.7445,-1,-1,-1
474,42,915.78,273.41,82.73,242.92,0.7575,-1,-1,-1
474,48,682.79,204.77,91.02,368.76,0.8076,-1,-1,-1
475,2,760.58,175.15,171.63,514.11,0.8668,-1,-1,-1
475,32,985.32,195.72,125.93,441.37,0.7676,-1,-1,-1
475,38,1186.51,112.45,350.01,863.26,0.9117,-1,-1,-1
475,43,575.05,259.49,100.05,312.22,0.8386,-1,-1,-1
475,46,1097.49,267.09,83.24,268.29,0.7514,-1,-1,-1
475,42,916.27,275.86,81.30,239.24,0.7595,-1,-1,-1
475,48,676.42,203.11,93.16,371.42,0.8244,-1,-1,-1
476,2,762.11,175.60,171.70,512.82,0.8656,-1,-1,-1
476,32,982.28,194.46,123.71,436.31,0.7695,-1,-1,-1
476,38,1187.46,107.78,349.37,862.11,0.9087,-1,-1,-1
476,43,569.84,257.88,99.95,314.00,0.8236,-1,-1,-1
476,46,1095.74,264.16,83.16,270.59,0.7605,-1,-1,-1
476,42,916.70,276.59,79.55,235.70,0.7490,-1,-1,-1
476,48,671.08,201.99,95.47,374.46,0.8286,-1,-1,-1
477,2,764.91,176.92,171.50,511.47,0.8642,-1,-1,-1
477,32,980.62,194.12,122.39,434.24,0.7660,-1,-1,-1
477,38,1189.41,103.99,347.58,858.06,0.9085,-1,-1,-1
477,43,567.10,259.35,99.88,315.66,0.8305,-1,-1,-1
477,46,1095.27,263.24,82.82,272.07,0.7607,-1,-1,-1
477,42,917.10,278.94,78.30,233.57,0.7567,-1,-1,-1
477,48,666.46,202.30,98.17,378.45,0.8371,-1,-1,-1
478,2,768.81,178.35,171.19,510.00,0.8512,-1,-1,-1
478,32,979.16,194.88,121.83,433.96,0.7655,-1,-1,-1
478,38,1192.24,101.84,344.49,848.84,0.9091,-1,-1,-1
478,43,560.16,261.95,101.43,320.93,0.8094,-1,-1,-1
478,46,1094.29,264.45,82.48,272.54,0.7682,-1,-1,-1
478,42,917.70,279.32,78.11,235.16,0.6692,-1,-1,-1
478,48,662.42,204.02,101.16,383.68,0.8426,-1,-1,-1
479,2,773.74,178.81,170.65,507.79,0.8614,-1,-1,-1
479,32,978.95,195.54,121.70,433.20,0.7522,-1,-1,-1
479,38,1194.90,100.98,342.65,842.22,0.9118,-1,-1,-1
479,43,554.18,261.84,103.07,324.36,0.8061,-1,-1,-1
479,46,1094.09,264.91,82.17,273.48,0.7661,-1,-1,-1
479,42,914.26,251.84,87.19,265.74,0.5607,-1,-1,-1
479,48,659.99,204.72,103.84,387.13,0.8355,-1,-1,-1
480,2,778.16,180.00,170.10,504.59,0.8562,-1,-1,-1
480,32,977.72,194.76,123.50,440.72,0.7588,-1,-1,-1
480,38,1196.59,100.72,343.45,842.73,0.9095,-1,-1,-1
480,43,549.23,263.03,104.39,327.72,0.8074,-1,-1,-1
480,46,1094.20,265.49,82.37,275.89,0.7606,-1,-1,-1
480,42,913.35,239.69,90.10,278.37,0.4913,-1,-1,-1
480,48,657.78,205.26,106.84,389.98,0.8168,-1,-1,-1
481,2,781.94,179.82,169.87,503.23,0.8587,-1,-1,-1
481,32,977.68,195.37,124.97,446.60,0.7734,-1,-1,-1
481,38,1197.91,101.81,346.25,848.81,0.9125,-1,-1,-1
481,43,545.84,266.08,105.33,329.62,0.8047,-1,-1,-1
481,46,1095.50,269.92,81.50,273.24,0.7874,-1,-1,-1
481,42,919.71,262.92,81.46,253.69,0.3705,-1,-1,-1
481,48,657.06,206.69,110.11,393.53,0.8176,-1,-1,-1
482,2,786.87,184.32,170.34,502.58,0.8503,-1,-1,-1
482,32,978.37,198.51,124.50,444.09,0.7632,-1,-1,-1
482,38,1200.95,105.50,349.09,854.50,0.9112,-1,-1,-1
482,43,544.49,271.05,105.61,329.55,0.7956,-1,-1,-1
482,46,1096.77,274.12,81.04,271.63,0.7677,-1,-1,-1
482,42,921.87,229.24,91.47,288.98,0.1590,-1,-1,-1
482,48,657.87,209.83,112.74,395.50,0.8245,-1,-1,-1
483,2,790.43,183.74,171.96,505.87,0.8505,-1,-1,-1
483,32,982.09,200.21,125.58,446.20,0.7989,-1,-1,-1
483,38,1202.80,107.70,351.80,860.30,0.9092,-1,-1,-1
483,43,544.14,271.29,106.23,331.85,0.7803,-1,-1,-1
483,46,1100.46,274.61,82.11,274.18,0.7717,-1,-1,-1
483,42,930.67,220.50,93.47,297.36,0.1997,-1,-1,-1
483,48,658.68,210.04,115.64,397.95,0.8170,-1,-1,-1
484,2,796.33,183.41,172.52,508.27,0.8522,-1,-1,-1
484,32,985.43,202.62,126.07,448.10,0.8211,-1,-1,-1
484,38,1204.07,111.11,354.00,865.76,0.9080,-1,-1,-1
484,43,543.52,270.28,107.45,337.21,0.7712,-1,-1,-1
484,46,1103.57,275.45,82.79,274.51,0.7833,-1,-1,-1
484,42,934.65,263.47,79.36,253.17,0.2219,-1,-1,-1
484,48,657.09,209.17,118.47,403.20,0.8116,-1,-1,-1
485,2,804.16,188.39,170.92,502.89,0.8441,-1,-1,-1
485,32,990.05,206.08,126.06,449.39,0.8209,-1,-1,-1
485,38,1205.63,113.27,357.93,876.56,0.9015,-1,-1,-1
485,43,542.80,271.41,108.66,341.42,0.7961,-1,-1,-1
485,46,1105.22,275.16,84.01,277.96,0.7897,-1,-1,-1
485,48,656.04,208.32,121.28,410.20,0.8022,-1,-1,-1
486,2,810.05,191.02,171.62,505.02,0.8456,-1,-1,-1
486,32,994.80,209.90,125.44,448.73,0.8142,-1,-1,-1
486,38,1208.04,116.89,361.21,887.99,0.9045,-1,-1,-1
486,43,543.48,271.56,109.91,345.38,0.7992,-1,-1,-1
486,46,1109.15,278.28,85.17,277.25,0.7857,-1,-1,-1
486,48,658.98,207.96,123.46,412.91,0.8147,-1,-1,-1
487,2,816.63,194.00,173.04,509.95,0.8608,-1,-1,-1
487,32,1000.78,215.50,125.06,448.79,0.7953,-1,-1,-1
487,38,1214.36,126.14,361.35,891.59,0.9047,-1,-1,-1
487,43,542.38,270.16,111.69,350.78,0.8125,-1,-1,-1
487,46,1114.19,281.58,86.48,279.37,0.7877,-1,-1,-1
487,48,664.14,208.31,127.12,417.71,0.8053,-1,-1,-1
488,2,823.78,200.39,173.18,509.91,0.8573,-1,-1,-1
488,32,1004.57,220.34,125.26,449.03,0.8015,-1,-1,-1
488,38,1218.51,134.86,360.98,893.86,0.9043,-1,-1,-1
488,43,542.35,271.17,112.96,354.61,0.8076,-1,-1,-1
488,46,1119.68,284.59,86.94,278.68,0.7799,-1,-1,-1
488,48,666.84,210.11,129.60,419.74,0.8049,-1,-1,-1
489,2,833.18,205.36,173.78,510.19,0.8523,-1,-1,-1
489,32,1009.66,226.65,123.64,443.86,0.7789,-1,-1,-1
489,38,1221.75,140.13,359.83,893.85,0.9077,-1,-1,-1
489,43,542.28,270.47,114.89,359.60,0.7907,-1,-1,-1
489,46,1127.40,290.38,86.89,277.95,0.7964,-1,-1,-1
489,48,670.70,210.94,132.59,422.08,0.8042,-1,-1,-1
490,2,840.06,211.90,173.82,508.96,0.8672,-1,-1,-1
490,32,1013.44,229.03,124.34,446.67,0.7751,-1,-1,-1
490,38,1225.87,142.91,358.46,892.15,0.9106,-1,-1,-1
490,43,541.23,271.34,117.36,363.05,0.7834,-1,-1,-1
490,46,1133.53,295.22,86.50,275.15,0.8022,-1,-1,-1
490,48,672.22,212.36,135.75,426.27,0.8000,-1,-1,-1
491,2,845.83,217.19,174.15,508.55,0.8652,-1,-1,-1
491,32,1015.34,229.04,124.56,447.94,0.7796,-1,-1,-1
491,38,1226.98,143.51,359.07,894.43,0.9101,-1,-1,-1
491,43,538.10,272.40,119.71,365.75,0.7802,-1,-1,-1
491,46,1137.95,299.08,86.80,273.96,0.8188,-1,-1,-1
491,48,673.63,213.06,139.02,429.83,0.8142,-1,-1,-1
492,2,850.06,223.10,174.24,507.74,0.8459,-1,-1,-1
492,32,1015.34,231.50,125.41,450.73,0.7855,-1,-1,-1
492,38,1228.73,142.87,360.25,895.25,0.9084,-1,-1,-1
492,43,536.16,273.02,122.37,367.34,0.8083,-1,-1,-1
492,46,1140.57,303.37,87.90,274.69,0.8233,-1,-1,-1
492,48,674.05,213.41,141.59,432.57,0.8301,-1,-1,-1
493,2,852.20,229.48,173.59,505.97,0.8308,-1,-1,-1
493,32,1016.56,232.85,126.07,452.28,0.8117,-1,-1,-1
493,38,1224.75,139.08,362.57,901.57,0.8988,-1,-1,-1
493,43,532.91,274.03,125.07,369.49,0.7978,-1,-1,-1
493,46,1141.92,308.05,88.66,273.14,0.8217,-1,-1,-1
493,48,670.12,213.45,144.41,436.13,0.8134,-1,-1,-1
494,2,856.95,231.22,171.35,498.34,0.8307,-1,-1,-1
494,32,1016.49,233.78,125.62,449.75,0.8163,-1,-1,-1
494,38,1218.85,135.93,359.70,895.90,0.8983,-1,-1,-1
494,43,528.68,275.26,128.59,374.97,0.8200,-1,-1,-1
494,46,1141.83,310.89,89.74,272.19,0.7899,-1,-1,-1
494,48,666.56,213.40,147.54,442.54,0.8267,-1,-1,-1
495,2,860.06,231.46,170.79,496.50,0.8386,-1,-1,-1
495,32,1013.46,234.70,125.61,448.17,0.8093,-1,-1,-1
495,38,1214.97,133.10,356.95,889.20,0.9057,-1,-1,-1
495,43,523.95,277.24,131.56,379.41,0.7914,-1,-1,-1
495,46,1141.80,312.69,91.04,273.55,0.7831,-1,-1,-1
495,48,662.30,213.23,151.10,449.84,0.8196,-1,-1,-1
496,2,862.03,231.17,170.77,495.78,0.8125,-1,-1,-1
496,32,1012.95,235.34,125.43,446.12,0.8063,-1,-1,-1
496,38,1213.88,129.48,354.44,883.32,0.9091,-1,-1,-1
496,43,519.13,280.37,133.62,382.25,0.8010,-1,-1,-1
496,46,1143.83,313.60,91.95,274.90,0.7658,-1,-1,-1
496,48,656.09,213.71,154.68,454.58,0.8375,-1,-1,-1
497,2,866.12,230.77,165.63,476.95,0.8111,-1,-1,-1
497,32,1011.80,235.09,125.88,446.39,0.8103,-1,-1,-1
497,38,1211.70,124.25,355.12,885.93,0.9161,-1,-1,-1
497,43,514.54,282.64,135.34,384.61,0.8176,-1,-1,-1
497,46,1144.38,313.71,93.22,277.71,0.7442,-1,-1,-1
497,48,650.21,213.54,157.83,457.12,0.8461,-1,-1,-1
498,2,868.44,230.16,162.40,462.34,0.8131,-1,-1,-1
498,32,1010.62,235.72,126.39,446.96,0.8241,-1,-1,-1
498,38,1208.74,120.17,357.62,893.84,0.9114,-1,-1,-1
498,43,509.92,285.30,135.52,384.33,0.8259,-1,-1,-1
498,46,1144.34,313.61,94.00,279.13,0.7722,-1,-1,-1
498,48,644.55,213.12,160.79,460.60,0.8764,-1,-1,-1
499,2,865.20,228.82,169.36,480.53,0.8190,-1,-1,-1
499,32,1009.61,234.44,127.10,448.83,0.8059,-1,-1,-1
499,38,1206.92,116.86,360.40,903.57,0.9119,-1,-1,-1
499,43,503.56,287.19,137.24,387.20,0.8103,-1,-1,-1
499,46,1144.45,313.11,95.00,282.21,0.7387,-1,-1,-1
499,48,637.34,214.15,163.05,463.97,0.8768,-1,-1,-1
500,2,863.79,227.71,171.27,484.69,0.8309,-1,-1,-1
500,32,1008.37,233.59,127.75,452.06,0.8008,-1,-1,-1
500,38,1204.07,114.97,363.66,914.52,0.9101,-1,-1,-1
500,43,496.99,289.53,138.81,390.68,0.8255,-1,-1,-1
500,46,1143.38,313.24,95.99,284.77,0.7396,-1,-1,-1
500,48,629.78,214.23,166.00,471.04,0.8415,-1,-1,-1
501,2,862.04,227.49,173.44,489.28,0.8406,-1,-1,-1
501,32,1007.69,233.78,128.02,453.36,0.8121,-1,-1,-1
501,38,1202.30,114.22,365.87,923.54,0.9116,-1,-1,-1
501,43,489.33,285.91,141.48,397.87,0.8324,-1,-1,-1
501,46,1143.69,312.94,95.94,284.80,0.7572,-1,-1,-1
501,48,623.64,212.91,169.10,479.98,0.8424,-1,-1,-1
502,2,862.34,227.87,174.04,489.01,0.8461,-1,-1,-1
502,32,1005.63,235.14,128.11,453.36,0.8183,-1,-1,-1
502,38,1201.55,114.16,366.80,929.90,0.9147,-1,-1,-1
502,43,481.25,284.27,143.37,404.14,0.8263,-1,-1,-1
502,46,1143.35,312.37,95.87,284.14,0.7960,-1,-1,-1
502,48,618.70,213.12,171.12,484.63,0.8388,-1,-1,-1
503,2,859.14,226.71,176.13,494.16,0.8429,-1,-1,-1
503,32,1004.58,235.64,127.77,450.51,0.8123,-1,-1,-1
503,38,1201.09,115.22,366.71,933.70,0.9156,-1,-1,-1
503,43,471.81,279.97,145.13,410.12,0.8173,-1,-1,-1
503,46,1140.70,310.60,96.25,285.06,0.8152,-1,-1,-1
503,48,609.09,208.82,171.63,488.17,0.8486,-1,-1,-1
504,2,857.21,225.76,176.42,492.82,0.8408,-1,-1,-1
504,32,1003.25,234.60,127.47,448.94,0.8057,-1,-1,-1
504,38,1200.02,116.10,366.86,937.84,0.9172,-1,-1,-1
504,43,463.15,276.64,146.58,414.67,0.8149,-1,-1,-1
504,46,1138.81,307.50,97.34,287.89,0.8098,-1,-1,-1
504,48,600.62,200.36,174.41,498.14,0.8540,-1,-1,-1
505,2,857.78,225.47,177.81,495.12,0.8215,-1,-1,-1
505,32,1002.05,231.92,126.67,449.10,0.7632,-1,-1,-1
505,38,1200.44,115.82,367.04,942.21,0.9195,-1,-1,-1
505,43,452.52,271.61,148.51,421.44,0.8089,-1,-1,-1
505,46,1136.83,304.29,97.54,288.43,0.8119,-1,-1,-1
505,48,591.68,196.52,176.13,503.83,0.8637,-1,-1,-1
506,2,856.67,224.70,180.16,501.07,0.8191,-1,-1,-1
506,32,1000.95,232.46,124.38,442.69,0.7540,-1,-1,-1
506,38,1200.74,114.51,366.92,945.47,0.9161,-1,-1,-1
506,43,443.33,267.83,150.78,427.24,0.8198,-1,-1,-1
506,46,1133.65,300.92,98.73,290.03,0.8075,-1,-1,-1
506,48,581.11,190.53,176.75,508.07,0.8523,-1,-1,-1
507,2,857.67,227.01,179.91,501.47,0.8121,-1,-1,-1
507,32,999.20,232.93,123.42,441.06,0.7594,-1,-1,-1
507,38,1203.83,112.60,363.43,939.29,0.9159,-1,-1,-1
507,43,432.90,263.78,152.87,434.10,0.8503,-1,-1,-1
507,46,1131.78,298.42,99.38,290.96,0.8149,-1,-1,-1
507,48,571.91,187.24,176.56,509.41,0.8499,-1,-1,-1
508,2,855.05,228.98,178.92,499.45,0.8230,-1,-1,-1
508,32,997.08,229.33,122.86,445.12,0.7306,-1,-1,-1
508,38,1205.46,109.24,360.96,935.97,0.9172,-1,-1,-1
508,43,419.50,260.08,154.28,439.45,0.8383,-1,-1,-1
508,46,1131.85,296.78,99.07,290.72,0.7946,-1,-1,-1
508,48,560.80,181.84,178.47,517.91,0.8465,-1,-1,-1
509,2,854.03,229.13,177.01,494.90,0.8008,-1,-1,-1
509,32,992.61,227.73,121.09,448.19,0.7383,-1,-1,-1
509,38,1205.11,105.75,359.60,935.42,0.9159,-1,-1,-1
509,43,408.11,256.34,155.22,443.93,0.8460,-1,-1,-1
509,46,1128.12,295.68,98.66,290.19,0.7946,-1,-1,-1
509,48,549.23,176.11,180.36,525.76,0.8653,-1,-1,-1
510,2,851.59,228.69,175.36,490.94,0.7938,-1,-1,-1
510,32,989.32,227.64,118.92,448.37,0.7140,-1,-1,-1
510,38,1205.81,101.92,358.98,934.37,0.9113,-1,-1,-1
510,43,393.57,254.07,156.65,450.24,0.8392,-1,-1,-1
510,46,1123.36,293.92,98.81,290.82,0.8059,-1,-1,-1
510,48,536.84,171.12,182.81,534.18,0.8796,-1,-1,-1
511,2,853.58,226.85,172.49,486.31,0.7535,-1,-1,-1
511,32,985.24,222.02,118.98,456.23,0.6836,-1,-1,-1
511,38,1206.43,96.35,356.27,926.02,0.9118,-1,-1,-1
511,43,378.45,251.79,159.67,459.23,0.8518,-1,-1,-1
511,46,1119.39,290.66,99.53,293.90,0.8113,-1,-1,-1
511,48,523.74,169.80,183.58,538.04,0.8655,-1,-1,-1
512,2,852.53,221.90,170.35,483.11,0.7489,-1,-1,-1
512,32,982.44,217.98,118.78,462.46,0.6842,-1,-1,-1
512,38,1206.89,89.57,351.89,913.21,0.9077,-1,-1,-1
512,43,363.92,250.93,162.46,468.46,0.8264,-1,-1,-1
512,46,1114.85,286.49,100.18,296.66,0.7846,-1,-1,-1
512,48,511.96,167.93,186.02,546.01,0.8665,-1,-1,-1
513,2,849.40,216.88,169.44,482.89,0.8258,-1,-1,-1
513,32,976.93,220.38,113.98,455.88,0.6107,-1,-1,-1
513,38,1208.40,84.35,348.66,903.63,0.9028,-1,-1,-1
513,43,350.40,247.18,165.54,478.81,0.8543,-1,-1,-1
513,46,1111.48,284.36,100.02,296.85,0.7458,-1,-1,-1
513,48,501.29,162.87,189.79,557.56,0.8584,-1,-1,-1
514,2,846.81,208.88,169.52,486.38,0.7774,-1,-1,-1
514,32,976.34,214.91,111.10,453.29,0.6748,-1,-1,-1
514,38,1210.60,76.75,347.41,900.09,0.9054,-1,-1,-1
514,43,341.07,246.44,165.59,478.89,0.8292,-1,-1,-1
514,46,1108.89,279.64,100.25,297.54,0.7838,-1,-1,-1
514,48,490.24,158.48,194.00,569.29,0.8477,-1,-1,-1
515,2,845.72,205.32,168.39,486.24,0.7922,-1,-1,-1
515,32,977.09,211.61,109.05,453.05,0.6657,-1,-1,-1
515,38,1211.74,69.92,348.30,903.36,0.9065,-1,-1,-1
515,43,330.79,245.28,166.96,482.02,0.8546,-1,-1,-1
515,46,1105.90,275.69,100.79,298.77,0.8050,-1,-1,-1
515,48,480.92,155.29,197.25,578.99,0.8480,-1,-1,-1
516,2,844.63,202.46,167.56,486.51,0.8172,-1,-1,-1
516,32,977.82,206.86,106.49,450.03,0.6721,-1,-1,-1
516,38,1212.87,63.87,349.36,908.47,0.9067,-1,-1,-1
516,43,319.70,244.27,170.08,490.19,0.8638,-1,-1,-1
516,46,1104.51,273.34,100.92,299.26,0.8176,-1,-1,-1
516,48,472.50,151.73,200.27,586.11,0.8653,-1,-1,-1
517,2,844.68,199.24,167.08,488.87,0.8157,-1,-1,-1
517,32,978.52,204.16,102.75,441.80,0.6635,-1,-1,-1
517,38,1213.67,59.86,351.20,916.48,0.9086,-1,-1,-1
517,43,308.04,240.76,173.86,502.21,0.8548,-1,-1,-1
517,46,1104.62,270.99,101.38,300.76,0.8210,-1,-1,-1
517,48,466.31,150.25,203.82,595.06,0.8866,-1,-1,-1
518,2,844.96,197.35,166.61,491.80,0.7926,-1,-1,-1
518,32,978.64,201.53,100.09,438.29,0.6681,-1,-1,-1
518,38,1213.51,57.12,353.68,926.78,0.9090,-1,-1,-1
518,43,297.03,236.02,177.82,515.25,0.8635,-1,-1,-1
518,46,1103.78,268.77,102.71,304.12,0.8106,-1,-1,-1
518,48,460.42,147.23,207.64,604.63,0.8801,-1,-1,-1
519,2,845.23,196.13,166.02,493.58,0.7936,-1,-1,-1
519,32,978.90,199.39,98.06,436.80,0.6410,-1,-1,-1
519,38,1213.85,56.20,354.47,932.70,0.9034,-1,-1,-1
519,43,287.56,231.47,181.45,527.38,0.8634,-1,-1,-1
519,46,1102.14,265.04,104.15,307.43,0.8084,-1,-1,-1
519,48,453.99,143.74,211.67,614.47,0.8662,-1,-1,-1
520,2,846.37,193.98,165.33,495.43,0.7844,-1,-1,-1
520,32,979.16,196.81,96.79,438.23,0.6353,-1,-1,-1
520,38,1216.35,54.95,355.45,940.54,0.9024,-1,-1,-1
520,43,277.86,226.67,184.05,535.19,0.8733,-1,-1,-1
520,46,1103.08,264.20,104.14,306.10,0.8028,-1,-1,-1
520,48,449.49,139.81,215.51,623.45,0.8580,-1,-1,-1
520,52,1054.89,286.44,57.23,221.45,0.5425,-1,-1,-1
521,2,849.07,195.82,164.16,496.04,0.7855,-1,-1,-1
521,32,981.37,196.23,95.61,439.34,0.6698,-1,-1,-1
521,38,1220.06,57.16,355.61,946.50,0.9021,-1,-1,-1
521,43,271.53,226.94,185.16,538.09,0.8841,-1,-1,-1
521,46,1107.37,263.84,104.84,306.94,0.7962,-1,-1,-1
521,48,447.15,135.94,218.87,631.07,0.8568,-1,-1,-1
521,52,1059.68,294.56,55.23,213.53,0.5820,-1,-1,-1
522,2,851.81,197.28,162.26,493.72,0.8085,-1,-1,-1
522,32,982.38,195.30,94.61,440.93,0.6512,-1,-1,-1
522,38,1220.83,56.78,355.80,954.44,0.9047,-1,-1,-1
522,43,264.73,223.66,187.47,544.63,0.8766,-1,-1,-1
522,46,1108.40,262.09,105.07,306.94,0.7992,-1,-1,-1
522,48,444.37,130.90,222.27,638.88,0.8673,-1,-1,-1
522,52,1060.37,286.71,55.59,214.89,0.5768,-1,-1,-1
523,2,855.39,197.06,160.75,492.97,0.8159,-1,-1,-1
523,32,983.46,193.61,94.22,444.82,0.6675,-1,-1,-1
523,38,1220.14,54.88,355.67,962.79,0.9079,-1,-1,-1
523,43,257.08,218.63,190.89,552.31,0.8786,-1,-1,-1
523,46,1109.21,260.00,105.25,306.01,0.7870,-1,-1,-1
523,48,438.85,121.23,227.54,652.22,0.8747,-1,-1,-1
523,52,1061.90,285.32,55.71,214.69,0.6365,-1,-1,-1
524,2,860.35,198.09,159.05,492.08,0.8326,-1,-1,-1
524,32,985.50,196.54,93.59,448.89,0.6188,-1,-1,-1
524,38,1221.70,53.28,353.02,963.72,0.9067,-1,-1,-1
524,43,250.22,215.88,194.66,561.11,0.8795,-1,-1,-1
524,46,1109.29,258.37,106.34,306.79,0.7970,-1,-1,-1
524,48,435.05,117.73,230.72,659.14,0.8760,-1,-1,-1
524,52,1062.75,282.44,56.40,216.36,0.6622,-1,-1,-1
525,2,866.37,199.16,157.90,491.17,0.8534,-1,-1,-1
525,32,989.42,200.02,91.49,441.94,0.5607,-1,-1,-1
525,38,1223.65,49.60,351.65,966.55,0.9048,-1,-1,-1
525,43,242.61,212.91,197.40,567.12,0.8767,-1,-1,-1
525,46,1112.89,256.69,107.25,307.22,0.8082,-1,-1,-1
525,48,433.72,113.07,234.26,666.99,0.8756,-1,-1,-1
525,52,1066.35,280.44,57.13,218.22,0.6507,-1,-1,-1
526,2,871.61,198.98,157.64,492.97,0.8614,-1,-1,-1
526,32,992.78,201.45,91.60,444.29,0.5396,-1,-1,-1
526,38,1227.99,47.72,349.42,966.32,0.9025,-1,-1,-1
526,43,234.46,209.94,200.44,574.10,0.8671,-1,-1,-1
526,46,1116.33,255.49,109.12,310.09,0.8281,-1,-1,-1
526,48,432.47,110.15,237.33,672.33,0.8779,-1,-1,-1
526,52,1069.73,277.40,57.84,220.62,0.7114,-1,-1,-1
527,2,876.28,199.94,156.80,491.95,0.8387,-1,-1,-1
527,32,995.31,203.03,92.01,446.82,0.6067,-1,-1,-1
527,38,1232.98,48.14,346.68,964.43,0.9087,-1,-1,-1
527,43,225.83,205.94,203.93,583.36,0.8560,-1,-1,-1
527,46,1120.20,257.37,110.00,309.62,0.8429,-1,-1,-1
527,48,430.57,109.40,240.28,675.75,0.8747,-1,-1,-1
527,52,1073.25,277.93,58.97,223.99,0.7564,-1,-1,-1
528,2,878.19,199.51,157.09,492.67,0.8257,-1,-1,-1
528,32,998.17,202.85,92.65,449.82,0.5892,-1,-1,-1
528,38,1235.68,46.25,345.50,964.76,0.9093,-1,-1,-1
528,43,222.41,205.07,206.52,589.90,0.8462,-1,-1,-1
528,46,1124.69,258.96,110.38,310.34,0.8395,-1,-1,-1
528,48,427.30,107.28,244.21,681.87,0.8841,-1,-1,-1
528,52,1078.99,277.49,59.43,224.76,0.7218,-1,-1,-1
529,2,877.94,198.62,156.68,490.77,0.8117,-1,-1,-1
529,32,1000.07,202.85,92.75,451.73,0.6236,-1,-1,-1
529,38,1238.53,46.54,342.56,958.17,0.9104,-1,-1,-1
529,43,218.66,204.68,211.39,604.75,0.8253,-1,-1,-1
529,46,1130.07,260.31,110.53,311.48,0.8125,-1,-1,-1
529,48,423.92,104.06,249.83,691.96,0.8815,-1,-1,-1
529,52,1083.63,281.50,59.67,226.04,0.7215,-1,-1,-1
530,2,882.33,197.03,155.48,490.80,0.7795,-1,-1,-1
530,32,1004.46,206.44,92.27,451.93,0.7042,-1,-1,-1
530,38,1246.53,47.65,338.82,945.82,0.9049,-1,-1,-1
530,43,211.68,204.85,218.04,624.25,0.8274,-1,-1,-1
530,46,1134.41,261.18,110.82,313.31,0.8000,-1,-1,-1
530,48,415.64,100.98,258.22,708.68,0.8806,-1,-1,-1
530,52,1090.41,292.55,57.22,214.74,0.6524,-1,-1,-1
531,2,881.02,195.70,155.95,491.19,0.7960,-1,-1,-1
531,32,1008.57,206.62,93.19,456.76,0.7154,-1,-1,-1
531,38,1250.84,47.92,337.77,940.26,0.9106,-1,-1,-1
531,43,205.72,206.69,221.30,634.62,0.8439,-1,-1,-1
531,46,1140.23,263.46,110.08,312.32,0.8075,-1,-1,-1
531,48,408.13,95.07,268.68,734.07,0.8830,-1,-1,-1
531,52,1096.14,293.18,57.52,213.70,0.7254,-1,-1,-1
532,2,886.30,197.16,155.12,487.95,0.8205,-1,-1,-1
532,32,1011.82,203.09,93.88,461.12,0.6443,-1,-1,-1
532,38,1253.69,47.02,340.61,945.99,0.9081,-1,-1,-1
532,43,201.89,209.29,222.42,637.42,0.8572,-1,-1,-1
532,46,1144.48,265.13,109.75,312.40,0.8128,-1,-1,-1
532,48,402.23,91.96,276.65,752.93,0.8871,-1,-1,-1
532,52,1100.49,293.84,58.12,215.29,0.7339,-1,-1,-1
533,2,890.97,199.09,154.55,486.42,0.8352,-1,-1,-1
533,32,1014.58,202.95,93.72,460.98,0.7143,-1,-1,-1
533,38,1257.28,47.32,344.01,952.40,0.9008,-1,-1,-1
533,43,195.71,212.05,224.00,642.48,0.8669,-1,-1,-1
533,46,1148.57,267.99,109.97,314.42,0.8024,-1,-1,-1
533,48,395.73,90.04,282.13,763.27,0.8827,-1,-1,-1
533,52,1103.74,288.01,60.13,222.47,0.6587,-1,-1,-1
534,2,893.73,200.71,156.19,492.91,0.8349,-1,-1,-1
534,32,1015.24,199.62,94.26,464.98,0.6619,-1,-1,-1
534,38,1263.03,45.12,348.40,962.03,0.9036,-1,-1,-1
534,43,187.94,214.76,224.63,644.89,0.8753,-1,-1,-1
534,46,1152.19,269.64,110.14,315.90,0.7685,-1,-1,-1
534,48,389.87,89.16,285.79,767.63,0.8852,-1,-1,-1
534,52,1107.18,287.33,62.11,229.30,0.6000,-1,-1,-1
535,2,895.40,203.59,155.97,492.91,0.8421,-1,-1,-1
535,32,1017.12,199.28,95.26,470.33,0.6859,-1,-1,-1
535,38,1265.41,43.50,352.88,973.47,0.9082,-1,-1,-1
535,43,177.42,211.71,232.04,668.21,0.8801,-1,-1,-1
535,46,1154.40,269.91,110.81,317.08,0.7877,-1,-1,-1
535,48,381.33,86.65,291.03,778.09,0.8757,-1,-1,-1
535,52,1107.25,288.52,62.39,231.25,0.4040,-1,-1,-1
536,2,898.24,204.86,155.95,494.22,0.8321,-1,-1,-1
536,32,1018.50,197.59,94.91,469.55,0.7119,-1,-1,-1
536,38,1267.40,41.86,357.51,983.96,0.9050,-1,-1,-1
536,43,167.28,209.44,236.25,681.09,0.8807,-1,-1,-1
536,46,1155.89,269.72,111.22,317.91,0.8014,-1,-1,-1
536,48,372.17,83.01,299.58,801.40,0.8700,-1,-1,-1
536,52,1109.19,292.62,60.99,226.49,0.3572,-1,-1,-1
537,2,900.85,208.42,155.24,493.38,0.8227,-1,-1,-1
537,32,1019.73,198.30,94.01,465.42,0.6988,-1,-1,-1
537,38,1268.98,40.80,361.39,992.00,0.9050,-1,-1,-1
537,43,154.19,206.36,240.53,693.29,0.8765,-1,-1,-1
537,46,1156.74,269.98,111.38,318.31,0.7666,-1,-1,-1
537,48,361.69,79.24,307.32,824.26,0.8743,-1,-1,-1
537,52,1112.75,286.34,64.29,238.59,0.3743,-1,-1,-1
538,2,903.15,211.56,154.38,491.26,0.8181,-1,-1,-1
538,32,1022.75,199.63,94.05,461.78,0.7038,-1,-1,-1
538,38,1271.84,40.65,365.05,999.09,0.9047,-1,-1,-1
538,43,138.98,200.93,245.11,706.89,0.8730,-1,-1,-1
538,46,1157.96,269.02,111.93,320.59,0.8011,-1,-1,-1
538,48,347.16,70.07,313.30,844.79,0.8846,-1,-1,-1
538,52,1114.61,283.45,65.58,244.24,0.3624,-1,-1,-1
539,2,902.81,212.08,154.11,491.45,0.8159,-1,-1,-1
539,32,1025.28,199.76,93.74,454.49,0.7195,-1,-1,-1
539,38,1273.32,39.90,368.65,1006.45,0.9043,-1,-1,-1
539,43,117.90,191.98,249.83,720.17,0.8693,-1,-1,-1
539,46,1155.92,266.57,112.50,322.88,0.7894,-1,-1,-1
539,48,337.35,57.71,318.81,863.32,0.8803,-1,-1,-1
539,52,1115.22,277.08,67.13,252.09,0.2929,-1,-1,-1
540,2,903.24,212.60,153.72,490.87,0.8093,-1,-1,-1
540,32,1022.81,198.79,93.47,454.01,0.6253,-1,-1,-1
540,38,1274.89,40.64,371.42,1013.31,0.9040,-1,-1,-1
540,43,98.59,182.67,253.54,734.21,0.8850,-1,-1,-1
540,46,1152.71,266.22,112.19,322.89,0.7980,-1,-1,-1
540,48,324.35,51.61,321.70,874.22,0.8769,-1,-1,-1
540,52,1111.93,289.92,61.89,236.37,0.2244,-1,-1,-1
541,2,902.89,215.60,151.73,485.54,0.8052,-1,-1,-1
541,32,1021.09,199.53,93.74,454.01,0.7097,-1,-1,-1
541,38,1275.76,47.35,371.98,1013.02,0.9000,-1,-1,-1
541,43,78.79,179.94,256.70,744.45,0.8952,-1,-1,-1
541,46,1143.59,267.69,112.69,322.41,0.7810,-1,-1,-1
541,48,303.08,43.72,325.01,887.40,0.8858,-1,-1,-1
542,2,898.80,213.41,152.14,487.37,0.7969,-1,-1,-1
542,32,1016.08,198.88,93.06,454.60,0.6574,-1,-1,-1
542,38,1276.78,51.39,371.53,1009.56,0.8952,-1,-1,-1
542,43,56.61,170.62,260.03,754.76,0.8870,-1,-1,-1
542,46,1140.76,267.12,112.82,323.45,0.8210,-1,-1,-1
542,48,283.86,35.84,327.77,901.46,0.8866,-1,-1,-1
543,2,894.34,210.55,152.65,488.94,0.8218,-1,-1,-1
543,32,1014.06,196.17,92.13,455.00,0.6313,-1,-1,-1
543,38,1279.39,51.78,370.64,1005.34,0.8989,-1,-1,-1
543,43,32.98,162.01,264.72,768.96,0.8898,-1,-1,-1
543,46,1134.77,265.90,112.34,322.34,0.7959,-1,-1,-1
543,48,261.14,23.53,332.84,917.92,0.8778,-1,-1,-1
543,53,583.79,288.12,71.35,254.73,0.5997,-1,-1,-1
544,2,892.63,206.86,152.12,487.16,0.8169,-1,-1,-1
544,32,1012.48,192.47,92.22,459.09,0.5613,-1,-1,-1
544,38,1280.40,52.36,371.57,1007.07,0.8985,-1,-1,-1
544,43,10.36,155.69,269.13,781.07,0.8870,-1,-1,-1
544,46,1124.87,263.77,114.41,326.16,0.8359,-1,-1,-1
544,48,244.73,13.45,336.45,935.16,0.8982,-1,-1,-1
544,53,581.26,287.22,72.01,256.92,0.6437,-1,-1,-1
545,2,890.82,204.82,151.34,484.46,0.8099,-1,-1,-1
545,32,1010.27,197.88,91.68,459.39,0.6111,-1,-1,-1
545,38,1282.22,53.62,370.59,1003.58,0.9040,-1,-1,-1
545,43,-7.47,148.42,273.15,798.60,0.8815,-1,-1,-1
545,46,1116.63,264.29,116.07,328.07,0.8421,-1,-1,-1
545,48,221.29,5.19,340.68,949.96,0.8899,-1,-1,-1
545,53,578.84,289.39,71.56,255.18,0.6478,-1,-1,-1
546,2,887.94,203.04,151.77,484.23,0.8075,-1,-1,-1
546,32,1011.20,198.79,90.15,449.03,0.4933,-1,-1,-1
546,38,1282.18,54.31,370.29,1001.85,0.9042,-1,-1,-1
546,43,-20.60,142.55,276.12,819.91,0.8869,-1,-1,-1
546,46,1113.06,267.39,115.67,325.76,0.8204,-1,-1,-1
546,48,202.30,3.02,344.22,961.01,0.9040,-1,-1,-1
546,53,574.86,289.02,71.13,253.69,0.6966,-1,-1,-1
547,2,882.55,201.76,152.23,484.61,0.8090,-1,-1,-1
547,32,1009.66,200.62,91.76,448.94,0.6084,-1,-1,-1
547,38,1281.57,53.92,368.38,995.78,0.9079,-1,-1,-1
547,43,-29.96,134.27,275.99,837.33,0.8793,-1,-1,-1
547,46,1110.48,268.19,114.62,324.22,0.7743,-1,-1,-1
547,48,184.11,0.57,347.42,969.82,0.8974,-1,-1,-1
547,53,566.14,289.71,70.77,254.04,0.6277,-1,-1,-1
548,2,877.47,202.20,152.84,485.53,0.8155,-1,-1,-1
548,32,1010.83,202.09,94.06,447.92,0.6327,-1,-1,-1
548,38,1281.78,53.14,364.70,984.31,0.9041,-1,-1,-1
548,43,-35.64,126.55,271.38,844.72,0.8606,-1,-1,-1
548,46,1101.44,269.43,115.15,325.31,0.8081,-1,-1,-1
548,48,165.07,0.32,354.09,986.18,0.8995,-1,-1,-1
548,53,559.40,288.24,71.27,257.73,0.6732,-1,-1,-1
549,2,870.03,202.04,153.61,489.03,0.8359,-1,-1,-1
549,32,1011.97,212.91,95.58,435.82,0.6796,-1,-1,-1
549,38,1281.29,51.18,361.10,973.12,0.9045,-1,-1,-1
549,43,-38.32,125.50,265.95,850.84,0.8491,-1,-1,-1
549,46,1097.02,271.05,114.49,324.21,0.8208,-1,-1,-1
549,48,135.54,-0.79,368.84,1018.47,0.8784,-1,-1,-1
549,53,553.19,290.63,70.20,255.16,0.6636,-1,-1,-1
550,2,866.30,203.13,154.24,491.79,0.8402,-1,-1,-1
550,32,1031.07,255.66,85.96,376.56,0.6144,-1,-1,-1
550,38,1279.34,49.40,360.69,971.74,0.9036,-1,-1,-1
550,43,-46.21,148.69,251.12,835.01,0.8166,-1,-1,-1
550,46,1093.22,272.08,113.31,323.87,0.8089,-1,-1,-1
550,48,103.91,-0.26,382.99,1054.10,0.8849,-1,-1,-1
550,53,546.99,287.51,71.40,259.37,0.6640,-1,-1,-1
551,2,863.23,206.52,152.89,489.07,0.8466,-1,-1,-1
551,32,1036.89,280.13,82.65,347.57,0.6775,-1,-1,-1
551,38,1276.60,48.28,363.39,979.93,0.8995,-1,-1,-1
551,43,-41.50,217.57,224.16,770.83,0.8400,-1,-1,-1
551,46,1090.41,273.68,111.83,322.13,0.7982,-1,-1,-1
551,48,75.95,-0.80,391.36,1073.08,0.8871,-1,-1,-1
551,53,538.01,282.63,72.40,265.64,0.7284,-1,-1,-1
552,2,859.01,210.84,150.83,483.10,0.8403,-1,-1,-1
552,32,1034.19,284.78,85.92,344.91,0.6553,-1,-1,-1
552,38,1274.22,48.43,365.44,987.68,0.8993,-1,-1,-1
552,43,-44.45,233.85,211.74,759.13,0.7942,-1,-1,-1
552,46,1088.17,276.06,110.11,321.07,0.7478,-1,-1,-1
552,48,45.77,0.68,396.00,1076.58,0.9076,-1,-1,-1
552,53,532.56,282.83,72.56,267.09,0.7325,-1,-1,-1
553,2,852.39,214.68,149.84,481.14,0.8143,-1,-1,-1
553,32,1031.12,277.84,91.49,355.31,0.6267,-1,-1,-1
553,38,1273.87,47.67,366.74,995.21,0.8958,-1,-1,-1
553,43,-46.63,235.59,203.61,763.38,0.4723,-1,-1,-1
553,46,1086.89,276.23,107.70,320.21,0.7462,-1,-1,-1
553,48,22.54,0.30,399.78,1074.76,0.9053,-1,-1,-1
553,53,528.45,288.01,71.50,263.43,0.7056,-1,-1,-1
554,2,847.32,219.27,148.43,480.52,0.8399,-1,-1,-1
554,32,1029.62,273.45,95.66,363.61,0.6176,-1,-1,-1
554,38,1269.41,47.33,367.55,1002.01,0.9025,-1,-1,-1
554,46,1086.13,277.32,107.64,325.81,0.6849,-1,-1,-1
554,48,10.72,1.68,401.94,1071.57,0.9108,-1,-1,-1
554,53,524.89,286.88,72.33,267.22,0.7209,-1,-1,-1
554,54,962.10,213.43,93.09,459.38,0.6288,-1,-1,-1
555,2,845.18,221.52,147.25,481.94,0.8489,-1,-1,-1
555,32,1028.05,271.80,99.30,369.27,0.6403,-1,-1,-1
555,38,1264.11,49.42,367.66,1006.59,0.9051,-1,-1,-1
555,46,1084.82,278.67,107.37,333.21,0.4513,-1,-1,-1
555,48,-7.22,1.50,399.73,1070.02,0.8840,-1,-1,-1
555,53,522.27,288.13,72.77,268.33,0.7477,-1,-1,-1
555,54,958.11,214.41,93.79,463.50,0.6517,-1,-1,-1
555,55,1609.66,290.56,71.25,169.52,0.6567,-1,-1,-1
556,2,843.41,222.52,145.95,481.83,0.8434,-1,-1,-1
556,32,1028.77,266.44,103.57,377.22,0.6033,-1,-1,-1
556,38,1260.44,52.33,368.13,1012.60,0.9005,-1,-1,-1
556,48,-21.51,3.43,393.95,1066.09,0.9233,-1,-1,-1
556,53,518.65,289.33,72.95,269.89,0.7284,-1,-1,-1
556,54,958.75,216.13,94.01,464.98,0.7284,-1,-1,-1
556,55,1609.31,291.63,72.03,171.18,0.6455,-1,-1,-1
557,2,840.83,221.35,145.46,483.40,0.8358,-1,-1,-1
557,32,1044.61,264.10,105.19,377.00,0.7519,-1,-1,-1
557,38,1260.36,54.59,366.39,1013.75,0.8958,-1,-1,-1
557,48,-28.74,3.38,389.21,1067.11,0.9183,-1,-1,-1
557,53,515.24,291.71,72.81,269.99,0.7234,-1,-1,-1
557,54,959.69,214.10,94.00,464.91,0.7581,-1,-1,-1
557,55,1607.88,289.41,73.83,175.21,0.5221,-1,-1,-1
558,2,836.80,219.92,146.03,486.84,0.8393,-1,-1,-1
558,32,1051.65,259.49,108.00,384.43,0.7892,-1,-1,-1
558,38,1262.05,55.97,363.95,1015.53,0.8954,-1,-1,-1
558,48,-31.38,3.53,383.93,1067.26,0.8745,-1,-1,-1
558,53,514.01,292.75,72.97,270.79,0.7387,-1,-1,-1
558,54,960.46,215.59,93.35,461.63,0.8014,-1,-1,-1
558,55,1608.69,288.22,74.77,176.70,0.4424,-1,-1,-1
559,2,833.73,220.72,145.71,484.28,0.8351,-1,-1,-1
559,32,1053.44,257.51,110.35,389.13,0.7930,-1,-1,-1
559,38,1266.01,57.05,359.77,1013.88,0.9023,-1,-1,-1
559,48,-24.07,5.31,381.33,1067.59,0.8954,-1,-1,-1
559,53,514.96,290.63,73.91,276.17,0.7439,-1,-1,-1
559,54,960.94,214.39,92.77,456.81,0.7986,-1,-1,-1
559,55,1611.82,290.68,75.44,176.12,0.5062,-1,-1,-1
560,2,830.45,223.73,145.41,478.18,0.8430,-1,-1,-1
560,32,1061.48,262.52,109.33,384.57,0.7202,-1,-1,-1
560,38,1269.38,59.09,354.65,1010.63,0.8923,-1,-1,-1
560,48,-20.82,4.40,378.39,1067.38,0.7989,-1,-1,-1
560,53,516.34,291.49,74.06,277.88,0.7425,-1,-1,-1
560,54,961.62,218.44,91.75,447.87,0.7659,-1,-1,-1
560,55,1614.22,292.41,76.78,175.86,0.6285,-1,-1,-1
561,2,828.29,222.65,146.23,475.72,0.8466,-1,-1,-1
561,32,1077.54,270.19,107.12,374.12,0.7059,-1,-1,-1
561,38,1274.97,57.59,351.56,1011.80,0.8955,-1,-1,-1
561,48,-22.38,5.44,373.78,1065.70,0.8637,-1,-1,-1
561,53,520.00,288.79,74.99,281.02,0.7178,-1,-1,-1
561,54,963.49,217.88,92.56,446.13,0.7843,-1,-1,-1
561,55,1621.33,286.27,81.44,181.46,0.5897,-1,-1,-1
562,2,825.68,219.99,147.27,473.00,0.8434,-1,-1,-1
562,32,1090.84,271.46,108.60,378.03,0.7618,-1,-1,-1
562,38,1278.54,55.85,349.58,1017.02,0.9003,-1,-1,-1
562,48,-21.39,10.19,368.20,1060.08,0.8348,-1,-1,-1
562,53,522.25,289.05,74.72,280.02,0.6949,-1,-1,-1
562,54,963.53,215.30,94.90,450.78,0.7990,-1,-1,-1
562,55,1628.40,285.66,83.58,182.07,0.6895,-1,-1,-1
563,2,824.54,219.15,149.56,474.88,0.8474,-1,-1,-1
563,32,1106.10,272.03,111.18,380.61,0.7908,-1,-1,-1
563,38,1287.04,57.87,347.06,1016.58,0.8957,-1,-1,-1
563,48,-24.93,7.98,363.84,1061.96,0.8743,-1,-1,-1
563,53,524.67,289.23,74.94,281.37,0.7385,-1,-1,-1
563,54,965.29,215.86,96.72,453.02,0.8122,-1,-1,-1
563,55,1640.10,283.99,86.94,184.67,0.5994,-1,-1,-1
564,2,826.06,219.26,152.08,478.59,0.8585,-1,-1,-1
564,32,1123.43,271.37,115.98,385.55,0.7521,-1,-1,-1
564,38,1296.69,54.62,347.48,1020.27,0.8986,-1,-1,-1
564,48,-28.06,6.68,358.99,1064.42,0.8592,-1,-1,-1
564,53,529.72,292.37,74.50,280.50,0.7499,-1,-1,-1
564,54,969.26,214.86,99.34,458.93,0.7958,-1,-1,-1
564,55,1649.88,280.15,90.46,189.62,0.6526,-1,-1,-1
564,46,1061.47,272.27,108.15,343.91,0.5488,-1,-1,-1
565,2,832.74,222.95,152.90,478.28,0.8559,-1,-1,-1
565,32,1145.24,271.17,121.81,389.66,0.7975,-1,-1,-1
565,38,1306.66,53.84,349.74,1024.32,0.9025,-1,-1,-1
565,48,-31.53,9.86,350.55,1059.10,0.7608,-1,-1,-1
565,53,538.31,299.84,73.18,275.33,0.7163,-1,-1,-1
565,54,976.69,216.43,101.42,462.20,0.7980,-1,-1,-1
565,55,1663.33,280.11,94.60,195.16,0.6563,-1,-1,-1
565,46,1071.62,274.26,105.07,340.58,0.6708,-1,-1,-1
566,2,839.31,225.75,153.50,477.82,0.8489,-1,-1,-1
566,32,1160.97,273.57,128.65,393.04,0.7252,-1,-1,-1
566,38,1318.56,53.67,349.59,1018.06,0.8978,-1,-1,-1
566,48,-37.08,9.15,342.96,1060.49,0.7997,-1,-1,-1
566,53,545.11,302.83,72.72,273.67,0.7248,-1,-1,-1
566,54,982.88,216.01,103.15,462.24,0.7564,-1,-1,-1
566,55,1675.49,280.74,95.63,196.10,0.7205,-1,-1,-1
566,46,1080.88,273.62,105.08,341.30,0.6528,-1,-1,-1
567,2,846.35,229.94,154.57,478.79,0.8362,-1,-1,-1
567,32,1174.54,272.12,137.78,398.30,0.7993,-1,-1,-1
567,38,1331.82,53.79,350.53,1010.47,0.9166,-1,-1,-1
567,48,-43.04,6.53,334.56,1063.40,0.7286,-1,-1,-1
567,53,551.20,304.44,72.71,272.99,0.7415,-1,-1,-1
567,54,987.94,220.86,102.41,452.21,0.7654,-1,-1,-1
567,55,1691.83,281.22,95.91,195.05,0.6558,-1,-1,-1
567,46,1088.20,273.30,107.28,348.35,0.7413,-1,-1,-1
568,2,851.50,230.92,155.77,479.71,0.8452,-1,-1,-1
568,32,1178.52,279.15,142.28,395.58,0.8634,-1,-1,-1
568,38,1334.89,54.06,356.83,1014.41,0.9163,-1,-1,-1
568,48,-50.68,11.84,323.33,1063.07,0.3053,-1,-1,-1
568,53,557.60,302.25,73.64,275.26,0.7538,-1,-1,-1
568,54,994.08,224.26,104.07,452.28,0.8193,-1,-1,-1
568,55,1705.35,282.12,97.73,197.43,0.6214,-1,-1,-1
568,46,1094.91,272.19,109.27,352.43,0.7459,-1,-1,-1
569,2,856.05,232.39,156.64,480.45,0.8511,-1,-1,-1
569,32,1181.15,283.36,147.36,395.48,0.8656,-1,-1,-1
569,38,1341.81,54.55,362.33,1016.26,0.9098,-1,-1,-1
569,53,563.92,301.12,74.82,278.20,0.7622,-1,-1,-1
569,54,1001.23,226.42,106.63,458.88,0.8182,-1,-1,-1
569,55,1717.36,284.64,98.93,199.07,0.6676,-1,-1,-1
569,46,1101.81,274.55,109.94,353.72,0.7734,-1,-1,-1
570,2,862.16,239.48,155.57,476.46,0.8608,-1,-1,-1
570,32,1188.04,282.63,153.80,400.89,0.8487,-1,-1,-1
570,38,1347.69,55.66,368.44,1016.06,0.9009,-1,-1,-1
570,53,568.15,297.46,76.48,283.12,0.7630,-1,-1,-1
570,54,1009.39,230.40,107.66,460.59,0.8221,-1,-1,-1
570,55,1730.02,287.66,99.38,199.22,0.6612,-1,-1,-1
570,46,1110.61,275.77,110.67,353.02,0.7814,-1,-1,-1
571,2,868.75,243.98,155.08,474.35,0.8510,-1,-1,-1
571,32,1192.54,281.10,160.99,408.75,0.8297,-1,-1,-1
571,38,1351.12,54.75,374.34,1018.69,0.9150,-1,-1,-1
571,53,571.74,301.64,76.68,282.95,0.7941,-1,-1,-1
571,54,1013.97,232.89,108.56,463.14,0.7977,-1,-1,-1
571,55,1741.00,288.83,100.70,201.21,0.5995,-1,-1,-1
571,46,1115.80,274.42,113.60,356.49,0.8050,-1,-1,-1
572,2,873.92,241.12,155.72,476.00,0.8206,-1,-1,-1
572,32,1204.40,281.76,164.25,410.69,0.8294,-1,-1,-1
572,38,1352.81,53.94,380.60,1021.11,0.9047,-1,-1,-1
572,53,575.88,304.49,76.09,280.65,0.8194,-1,-1,-1
572,54,1018.21,233.71,108.98,462.21,0.7808,-1,-1,-1
572,55,1752.22,289.53,101.58,202.16,0.5636,-1,-1,-1
572,46,1122.90,274.57,116.18,359.60,0.7912,-1,-1,-1
573,2,878.49,239.97,155.55,476.36,0.8281,-1,-1,-1
573,32,1217.27,284.20,165.16,410.75,0.8171,-1,-1,-1
573,38,1358.44,54.66,386.44,1021.13,0.8942,-1,-1,-1
573,53,579.37,307.60,75.65,279.42,0.7773,-1,-1,-1
573,54,1024.22,233.97,108.96,459.52,0.7583,-1,-1,-1
573,55,1762.50,292.10,101.69,201.82,0.6058,-1,-1,-1
573,46,1128.29,275.74,118.12,360.03,0.8217,-1,-1,-1
574,2,884.04,240.11,155.96,476.84,0.8419,-1,-1,-1
574,32,1231.82,284.09,166.10,413.77,0.7738,-1,-1,-1
574,38,1364.51,54.31,391.55,1020.54,0.9082,-1,-1,-1
574,53,583.98,306.98,75.95,280.61,0.7116,-1,-1,-1
574,54,1029.16,236.08,108.98,456.56,0.7595,-1,-1,-1
574,55,1774.87,293.62,103.05,203.77,0.5544,-1,-1,-1
574,46,1132.91,277.90,120.01,361.52,0.8299,-1,-1,-1
575,2,887.58,239.86,155.76,475.48,0.8421,-1,-1,-1
575,32,1244.27,283.64,166.16,417.11,0.7156,-1,-1,-1
575,38,1370.25,56.25,394.33,1016.18,0.9107,-1,-1,-1
575,53,588.07,305.71,76.07,281.59,0.6909,-1,-1,-1
575,54,1032.47,236.43,109.77,458.83,0.7713,-1,-1,-1
575,55,1787.90,295.37,101.52,201.39,0.2667,-1,-1,-1
575,46,1137.81,278.28,121.82,363.94,0.8402,-1,-1,-1
576,2,890.32,239.40,155.23,473.43,0.8239,-1,-1,-1
576,32,1258.13,282.03,165.51,422.10,0.7409,-1,-1,-1
576,38,1375.47,59.14,396.55,1011.59,0.9127,-1,-1,-1
576,53,591.71,312.18,74.66,276.31,0.7103,-1,-1,-1
576,54,1033.69,236.63,109.67,456.81,0.7833,-1,-1,-1
576,55,1793.78,296.15,104.00,204.13,0.5535,-1,-1,-1
576,46,1142.94,275.80,124.05,367.96,0.8364,-1,-1,-1
577,2,893.05,237.94,154.50,471.20,0.8183,-1,-1,-1
577,32,1277.05,286.36,163.60,424.17,0.7620,-1,-1,-1
577,38,1378.61,60.33,399.53,1009.86,0.9074,-1,-1,-1
577,53,591.59,315.71,74.43,273.58,0.6707,-1,-1,-1
577,54,1032.53,230.07,112.46,468.98,0.7901,-1,-1,-1
577,55,1801.64,296.05,104.39,202.52,0.6059,-1,-1,-1
577,46,1145.52,274.73,125.88,370.55,0.8282,-1,-1,-1
578,2,894.29,237.30,154.33,470.86,0.8287,-1,-1,-1
578,32,1295.55,283.99,161.66,429.93,0.7276,-1,-1,-1
578,38,1384.34,62.53,402.26,1007.51,0.9023,-1,-1,-1
578,53,592.11,315.69,74.95,274.55,0.6976,-1,-1,-1
578,54,1032.16,226.43,113.68,474.59,0.7902,-1,-1,-1
578,55,1806.42,298.61,105.45,202.17,0.5932,-1,-1,-1
578,46,1145.07,274.54,126.44,372.65,0.8224,-1,-1,-1
579,2,892.32,239.37,154.37,471.17,0.8382,-1,-1,-1
579,32,1310.26,284.20,161.22,439.49,0.7860,-1,-1,-1
579,38,1394.68,68.45,401.90,1000.49,0.9034,-1,-1,-1
579,53,589.66,310.20,77.48,285.72,0.7378,-1,-1,-1
579,54,1030.83,230.17,113.51,472.93,0.7847,-1,-1,-1
579,55,1808.65,302.52,108.92,207.19,0.6257,-1,-1,-1
579,46,1144.84,275.83,127.81,376.21,0.8299,-1,-1,-1
580,2,891.89,241.64,153.13,468.62,0.8434,-1,-1,-1
580,32,1318.67,284.60,160.65,447.50,0.7709,-1,-1,-1
580,38,1403.31,71.72,402.40,996.80,0.9024,-1,-1,-1
580,53,586.04,305.87,79.06,293.34,0.6823,-1,-1,-1
580,54,1028.50,233.49,113.28,468.87,0.7729,-1,-1,-1
580,55,1811.11,304.21,111.03,211.29,0.6581,-1,-1,-1
580,46,1143.61,275.55,128.87,379.37,0.8004,-1,-1,-1
581,2,888.64,242.73,152.25,466.46,0.8372,-1,-1,-1
581,32,1329.50,284.17,161.56,453.39,0.7722,-1,-1,-1
581,38,1414.65,70.83,403.01,995.44,0.9016,-1,-1,-1
581,53,583.09,307.34,78.37,293.16,0.7291,-1,-1,-1
581,54,1026.61,234.69,113.29,464.28,0.7766,-1,-1,-1
581,55,1814.72,305.29,111.87,214.92,0.6043,-1,-1,-1
581,46,1144.72,282.48,126.23,373.48,0.7877,-1,-1,-1
582,2,885.62,245.14,151.17,465.00,0.8438,-1,-1,-1
582,32,1340.04,285.58,162.29,453.16,0.8256,-1,-1,-1
582,38,1426.15,71.61,405.24,999.45,0.9083,-1,-1,-1
582,53,580.94,308.10,77.90,293.63,0.7595,-1,-1,-1
582,54,1024.41,234.66,114.08,462.21,0.7829,-1,-1,-1
582,55,1820.23,305.96,110.44,215.95,0.5265,-1,-1,-1
582,46,1145.55,285.09,124.69,371.22,0.7750,-1,-1,-1
583,2,881.34,248.06,151.90,470.10,0.8496,-1,-1,-1
583,32,1345.34,286.57,162.53,452.39,0.8009,-1,-1,-1
583,38,1434.73,72.75,406.47,1000.15,0.9085,-1,-1,-1
583,53,577.55,310.01,77.54,293.47,0.7643,-1,-1,-1
583,54,1021.67,233.46,115.80,463.51,0.7637,-1,-1,-1
583,55,1825.71,307.09,108.58,217.75,0.5306,-1,-1,-1
583,46,1142.34,282.26,125.47,376.10,0.7813,-1,-1,-1
584,2,875.33,249.46,152.79,475.01,0.8479,-1,-1,-1
584,32,1346.22,283.42,164.38,456.41,0.7983,-1,-1,-1
584,38,1443.05,71.38,407.97,1001.63,0.9091,-1,-1,-1
584,53,574.79,306.57,77.55,294.75,0.7630,-1,-1,-1
584,54,1020.29,234.24,117.76,466.55,0.7647,-1,-1,-1
584,55,1828.67,307.96,108.05,223.08,0.5699,-1,-1,-1
584,46,1141.86,283.88,125.40,377.22,0.7715,-1,-1,-1
584,56,1233.20,312.03,61.79,282.96,0.5494,-1,-1,-1
585,2,867.69,251.42,152.40,475.94,0.8626,-1,-1,-1
585,32,1345.79,282.96,163.66,453.95,0.7660,-1,-1,-1
585,38,1449.63,72.17,407.57,998.06,0.9091,-1,-1,-1
585,53,572.03,307.69,76.62,293.27,0.7814,-1,-1,-1
585,54,1015.94,233.85,119.81,469.16,0.7862,-1,-1,-1
585,55,1832.96,305.94,106.35,227.47,0.5224,-1,-1,-1
585,46,1140.97,284.50,125.57,379.14,0.7750,-1,-1,-1
585,56,1232.09,310.73,60.59,277.09,0.4707,-1,-1,-1
586,2,861.98,253.06,151.62,475.10,0.8471,-1,-1,-1
586,32,1346.72,284.09,163.80,453.12,0.7408,-1,-1,-1
586,38,1455.85,71.59,409.02,1000.86,0.9039,-1,-1,-1
586,53,567.18,301.12,77.99,300.87,0.7591,-1,-1,-1
586,54,1013.10,234.50,120.65,469.83,0.8058,-1,-1,-1
586,55,1836.10,306.84,103.90,230.34,0.4460,-1,-1,-1
586,46,1141.44,284.77,125.61,379.01,0.7451,-1,-1,-1
586,56,1229.95,309.00,59.79,272.69,0.2321,-1,-1,-1
587,2,859.34,253.93,150.41,473.43,0.8499,-1,-1,-1
587,32,1349.14,284.19,166.55,457.88,0.7566,-1,-1,-1
587,38,1460.46,68.61,410.85,1005.93,0.8986,-1,-1,-1
587,53,563.55,303.78,77.09,299.21,0.7181,-1,-1,-1
587,54,1010.60,236.06,120.67,469.17,0.8082,-1,-1,-1
587,55,1839.34,308.84,99.74,228.90,0.4819,-1,-1,-1
587,46,1141.37,283.67,126.28,381.42,0.7568,-1,-1,-1
587,56,1236.33,320.44,46.34,208.12,0.2322,-1,-1,-1
588,2,856.19,254.62,149.23,472.66,0.8395,-1,-1,-1
588,32,1351.03,284.35,169.19,460.65,0.7544,-1,-1,-1
588,38,1464.33,66.59,410.86,1007.71,0.9019,-1,-1,-1
588,53,557.82,313.19,75.09,291.84,0.7263,-1,-1,-1
588,54,1005.96,238.56,120.51,467.23,0.7910,-1,-1,-1
588,55,1842.56,309.25,95.55,226.98,0.5365,-1,-1,-1
588,46,1142.29,285.15,126.26,380.88,0.7227,-1,-1,-1
589,2,850.83,253.95,148.35,473.84,0.8393,-1,-1,-1
589,32,1353.30,283.74,173.72,466.91,0.7693,-1,-1,-1
589,38,1468.04,64.26,411.77,1011.12,0.9034,-1,-1,-1
589,53,552.75,319.65,73.25,285.79,0.7148,-1,-1,-1
589,54,1001.77,237.93,121.68,469.12,0.7998,-1,-1,-1
589,55,1846.45,311.47,90.82,223.51,0.4633,-1,-1,-1
589,46,1143.86,284.25,127.95,383.69,0.7718,-1,-1,-1
590,2,845.74,252.66,148.01,476.30,0.8381,-1,-1,-1
590,32,1358.63,280.76,177.99,474.84,0.7313,-1,-1,-1
590,38,1469.78,62.83,412.92,1013.52,0.9073,-1,-1,-1
590,53,548.79,318.33,73.54,287.75,0.7127,-1,-1,-1
590,54,992.79,239.36,123.28,468.45,0.8109,-1,-1,-1
590,55,1850.00,313.61,87.05,222.44,0.3899,-1,-1,-1
590,46,1144.53,284.89,129.96,386.28,0.8112,-1,-1,-1
591,2,838.43,250.93,147.65,474.75,0.8402,-1,-1,-1
591,32,1370.21,279.49,178.47,479.56,0.7153,-1,-1,-1
591,38,1471.65,61.50,413.11,1012.56,0.9094,-1,-1,-1
591,53,544.17,318.96,73.77,288.35,0.7381,-1,-1,-1
591,54,989.11,240.62,123.65,466.08,0.8065,-1,-1,-1
591,55,1853.65,316.14,82.85,219.99,0.3592,-1,-1,-1
591,46,1143.97,282.79,131.88,389.98,0.8225,-1,-1,-1
592,2,831.36,250.56,146.72,470.68,0.8337,-1,-1,-1
592,32,1384.16,277.08,176.38,483.44,0.5637,-1,-1,-1
592,38,1472.52,60.14,413.78,1012.24,0.9062,-1,-1,-1
592,53,540.47,311.38,76.49,298.48,0.7281,-1,-1,-1
592,54,986.65,240.05,124.80,468.36,0.8135,-1,-1,-1
592,55,1859.69,330.83,73.58,201.76,0.3205,-1,-1,-1
592,46,1143.33,279.64,133.43,394.08,0.8066,-1,-1,-1
593,2,826.43,250.17,145.80,466.66,0.8351,-1,-1,-1
593,32,1403.00,299.81,165.75,461.06,0.4431,-1,-1,-1
593,38,1471.96,60.17,415.06,1012.46,0.8957,-1,-1,-1
593,53,537.82,306.92,78.39,305.84,0.7112,-1,-1,-1
593,54,984.82,239.45,125.58,470.72,0.8157,-1,-1,-1
593,55,1864.97,344.55,65.50,184.89,0.2287,-1,-1,-1
593,46,1143.23,280.27,134.22,396.39,0.8259,-1,-1,-1
594,2,820.60,250.60,146.20,464.06,0.8365,-1,-1,-1
594,32,1416.10,316.43,157.70,446.77,0.2184,-1,-1,-1
594,38,1473.50,61.21,415.68,1013.61,0.8955,-1,-1,-1
594,53,533.71,309.68,77.61,303.92,0.7298,-1,-1,-1
594,54,982.60,240.89,125.92,472.01,0.8132,-1,-1,-1
594,55,1868.87,356.12,59.21,171.30,0.2521,-1,-1,-1
594,46,1144.70,281.54,134.24,397.52,0.8041,-1,-1,-1
594,57,1108.71,317.94,53.38,243.92,0.6117,-1,-1,-1
595,2,814.90,250.46,147.48,464.10,0.8525,-1,-1,-1
595,38,1479.54,62.44,414.66,1011.87,0.9088,-1,-1,-1
595,53,531.44,307.86,79.40,309.99,0.7637,-1,-1,-1
595,54,982.02,242.78,126.00,472.26,0.8037,-1,-1,-1
595,46,1146.09,281.96,134.24,398.88,0.7976,-1,-1,-1
595,57,1108.00,314.94,54.22,247.42,0.6606,-1,-1,-1
596,2,810.43,250.69,149.06,464.19,0.8477,-1,-1,-1
596,38,1482.92,60.49,414.24,1014.20,0.9160,-1,-1,-1
596,53,530.00,309.10,79.91,311.09,0.7562,-1,-1,-1
596,54,980.58,243.40,127.02,472.95,0.8123,-1,-1,-1
596,46,1146.61,278.94,135.22,403.06,0.7774,-1,-1,-1
596,57,1107.97,312.43,55.00,250.48,0.5394,-1,-1,-1
597,2,806.63,248.93,151.17,467.06,0.8447,-1,-1,-1
597,38,1487.82,56.19,413.53,1018.59,0.9159,-1,-1,-1
597,53,529.07,306.77,80.13,313.10,0.7630,-1,-1,-1
597,54,980.60,243.84,128.28,473.73,0.8106,-1,-1,-1
597,46,1151.88,277.00,136.03,404.71,0.7706,-1,-1,-1
597,57,1108.10,313.19,55.25,250.62,0.5786,-1,-1,-1
598,2,804.76,250.64,153.94,472.58,0.8461,-1,-1,-1
598,38,1494.18,56.72,409.94,1017.23,0.9145,-1,-1,-1
598,53,528.08,305.30,80.63,316.96,0.7487,-1,-1,-1
598,54,982.89,248.17,130.72,479.53,0.8235,-1,-1,-1
598,46,1156.43,280.79,137.21,404.10,0.8047,-1,-1,-1
598,57,1110.63,316.13,54.39,245.39,0.4598,-1,-1,-1
599,2,804.44,253.30,155.39,473.89,0.8503,-1,-1,-1
599,38,1498.12,57.59,407.76,1018.02,0.9196,-1,-1,-1
599,53,530.28,309.31,81.27,318.13,0.7502,-1,-1,-1
599,54,987.20,250.95,131.34,479.58,0.8190,-1,-1,-1
599,46,1160.54,283.50,138.70,403.85,0.8042,-1,-1,-1
599,57,1110.57,316.34,55.51,248.93,0.3661,-1,-1,-1
600,2,806.23,255.59,156.31,475.13,0.8401,-1,-1,-1
600,38,1502.47,55.87,407.57,1021.84,0.9233,-1,-1,-1
600,53,534.00,310.81,82.09,319.21,0.7339,-1,-1,-1
600,54,991.64,251.40,132.44,482.82,0.8009,-1,-1,-1
600,46,1166.28,286.87,139.50,402.18,0.8261,-1,-1,-1
600,57,1113.59,318.46,55.32,246.43,0.2296,-1,-1,-1
601,2,807.81,258.43,156.76,476.65,0.8456,-1,-1,-1
601,38,1507.57,55.68,407.55,1022.92,0.9238,-1,-1,-1
601,53,535.97,312.65,82.26,319.44,0.7297,-1,-1,-1
601,54,994.74,251.59,132.62,483.23,0.7932,-1,-1,-1
601,46,1171.11,283.85,142.28,406.58,0.7889,-1,-1,-1
601,57,1119.39,325.18,54.23,239.12,0.3977,-1,-1,-1
602,2,812.22,262.49,157.04,477.46,0.8391,-1,-1,-1
602,38,1511.55,57.00,406.64,1019.56,0.9214,-1,-1,-1
602,53,539.47,316.69,81.98,317.42,0.7176,-1,-1,-1
602,54,995.99,251.86,133.47,485.41,0.7934,-1,-1,-1
602,46,1181.31,281.86,143.78,412.04,0.7391,-1,-1,-1
602,57,1123.68,329.01,55.68,242.33,0.5200,-1,-1,-1
603,2,818.79,268.05,156.00,475.69,0.8147,-1,-1,-1
603,38,1515.94,59.68,405.34,1016.71,0.9261,-1,-1,-1
603,53,542.20,324.73,81.29,314.50,0.7381,-1,-1,-1
603,54,1000.72,255.36,132.04,482.00,0.7887,-1,-1,-1
603,46,1190.34,283.99,145.75,418.39,0.7152,-1,-1,-1
603,57,1129.08,341.96,54.45,233.06,0.5774,-1,-1,-1
604,2,824.47,273.81,154.64,471.52,0.8231,-1,-1,-1
604,38,1520.01,61.85,403.81,1014.53,0.9279,-1,-1,-1
604,53,548.73,331.46,81.15,312.68,0.7056,-1,-1,-1
604,54,1006.15,259.75,130.61,478.80,0.8129,-1,-1,-1
604,46,1200.18,286.81,146.39,420.83,0.7598,-1,-1,-1
604,57,1134.95,347.77,54.81,231.85,0.6595,-1,-1,-1
605,2,832.28,276.29,154.37,470.92,0.8312,-1,-1,-1
605,38,1521.79,61.80,403.44,1015.75,0.9181,-1,-1,-1
605,53,552.30,334.17,81.20,313.43,0.7405,-1,-1,-1
605,54,1011.79,259.86,128.87,472.90,0.8096,-1,-1,-1
605,46,1207.92,288.53,146.70,422.05,0.7431,-1,-1,-1
605,57,1139.84,350.93,55.77,232.16,0.6532,-1,-1,-1
606,2,840.23,277.74,154.78,473.10,0.8151,-1,-1,-1
606,38,1526.99,62.90,400.65,1012.61,0.9222,-1,-1,-1
606,53,556.52,330.61,82.16,318.82,0.7158,-1,-1,-1
606,54,1015.45,260.40,127.99,469.95,0.7927,-1,-1,-1
606,46,1219.45,289.67,147.55,425.06,0.6469,-1,-1,-1
606,57,1145.74,353.00,56.96,233.29,0.6472,-1,-1,-1
607,2,847.84,279.49,153.69,471.72,0.8364,-1,-1,-1
607,38,1532.81,64.86,396.99,1008.50,0.9140,-1,-1,-1
607,53,564.30,328.13,83.38,322.92,0.8040,-1,-1,-1
607,54,1023.06,261.95,126.89,468.84,0.8070,-1,-1,-1
607,46,1231.44,291.31,146.69,424.93,0.6690,-1,-1,-1
607,57,1152.10,344.85,59.64,242.20,0.6655,-1,-1,-1
608,2,853.24,278.79,152.44,467.48,0.8297,-1,-1,-1
608,38,1539.78,66.73,392.48,1003.68,0.9174,-1,-1,-1
608,53,569.71,329.39,83.17,322.16,0.7611,-1,-1,-1
608,54,1032.75,263.85,125.86,464.53,0.7963,-1,-1,-1
608,46,1242.88,291.51,148.26,429.32,0.5396,-1,-1,-1
608,57,1158.86,345.72,60.29,241.78,0.7178,-1,-1,-1
609,2,858.93,277.58,151.44,465.74,0.8197,-1,-1,-1
609,38,1546.11,68.99,388.60,1001.94,0.9201,-1,-1,-1
609,53,574.33,330.99,83.53,323.20,0.7839,-1,-1,-1
609,54,1039.21,262.42,127.64,468.51,0.8252,-1,-1,-1
609,46,1252.49,287.22,149.48,436.47,0.7263,-1,-1,-1
609,57,1165.56,348.99,61.40,242.11,0.6235,-1,-1,-1
609,59,1231.01,325.47,85.95,310.26,0.5668,-1,-1,-1
610,2,866.54,278.00,149.88,463.46,0.8262,-1,-1,-1
610,38,1551.89,71.83,384.63,1000.92,0.9221,-1,-1,-1
610,53,579.85,329.87,84.92,326.80,0.7515,-1,-1,-1
610,54,1043.73,264.02,128.85,471.39,0.8222,-1,-1,-1
610,46,1267.27,286.66,148.68,435.76,0.7583,-1,-1,-1
610,57,1170.49,349.84,62.01,240.88,0.5567,-1,-1,-1
610,59,1236.32,327.49,86.46,312.12,0.6005,-1,-1,-1
611,2,871.29,278.18,149.44,463.77,0.8169,-1,-1,-1
611,38,1559.55,70.44,381.16,1004.27,0.9176,-1,-1,-1
611,53,583.39,331.08,84.80,326.69,0.7414,-1,-1,-1
611,54,1045.30,267.42,129.10,470.24,0.7849,-1,-1,-1
611,46,1276.40,288.64,148.42,439.13,0.6797,-1,-1,-1
611,57,1172.00,348.32,63.12,241.88,0.6941,-1,-1,-1
611,59,1242.43,332.99,84.94,306.71,0.5942,-1,-1,-1
612,2,875.71,280.76,147.56,459.74,0.8334,-1,-1,-1
612,38,1569.98,74.05,375.16,1003.88,0.9152,-1,-1,-1
612,53,585.10,333.83,83.37,323.33,0.7758,-1,-1,-1
612,54,1041.44,272.92,130.80,470.81,0.8124,-1,-1,-1
612,46,1285.99,291.12,145.70,432.63,0.6941,-1,-1,-1
612,57,1175.13,348.13,64.74,245.69,0.6505,-1,-1,-1
612,59,1244.63,339.70,82.87,299.48,0.6033,-1,-1,-1
613,2,877.84,282.57,147.44,459.99,0.8366,-1,-1,-1
613,38,1580.31,77.09,366.96,997.97,0.9118,-1,-1,-1
613,53,586.28,333.97,83.06,323.71,0.7661,-1,-1,-1
613,54,1040.22,275.75,134.03,475.62,0.8458,-1,-1,-1
613,46,1293.27,294.77,146.19,438.17,0.6174,-1,-1,-1
613,57,1179.50,352.78,64.10,240.37,0.6585,-1,-1,-1
613,59,1246.15,336.90,85.61,309.52,0.5566,-1,-1,-1
614,2,881.42,286.25,148.06,463.49,0.8326,-1,-1,-1
614,38,1590.11,79.69,359.72,996.30,0.9143,-1,-1,-1
614,53,586.65,335.18,83.08,325.45,0.7687,-1,-1,-1
614,54,1041.78,277.56,137.23,478.80,0.8504,-1,-1,-1
614,46,1300.76,297.13,146.97,445.79,0.6622,-1,-1,-1
614,57,1183.33,358.37,64.27,240.03,0.6003,-1,-1,-1
614,59,1254.27,326.15,92.14,333.73,0.4749,-1,-1,-1
615,2,885.38,288.42,148.31,465.10,0.8358,-1,-1,-1
615,38,1601.80,81.51,351.42,993.74,0.9025,-1,-1,-1
615,53,589.03,342.33,82.29,322.72,0.7331,-1,-1,-1
615,54,1041.61,279.53,139.19,478.84,0.8324,-1,-1,-1
615,46,1306.63,295.52,146.64,453.94,0.7265,-1,-1,-1
615,57,1185.20,360.01,65.03,241.76,0.6277,-1,-1,-1
615,59,1262.39,323.01,95.60,347.02,0.5937,-1,-1,-1
616,2,887.52,293.32,147.96,462.86,0.8300,-1,-1,-1
616,38,1609.82,81.79,344.46,994.87,0.8898,-1,-1,-1
616,53,597.79,344.79,84.40,322.05,0.7145,-1,-1,-1
616,54,1043.67,282.52,141.76,479.09,0.8242,-1,-1,-1
616,46,1313.20,298.78,145.12,457.38,0.7242,-1,-1,-1
616,57,1188.47,362.18,64.41,239.08,0.5725,-1,-1,-1
616,59,1267.08,321.36,97.44,355.37,0.6120,-1,-1,-1
617,2,887.60,295.05,149.40,466.44,0.8439,-1,-1,-1
617,38,1621.84,90.13,333.85,986.41,0.8845,-1,-1,-1
617,53,595.54,342.67,86.51,327.81,0.7334,-1,-1,-1
617,54,1043.35,285.50,144.42,479.39,0.8451,-1,-1,-1
617,46,1317.99,299.76,143.99,462.21,0.7323,-1,-1,-1
617,57,1189.91,368.64,63.55,235.16,0.6005,-1,-1,-1
617,59,1269.97,322.68,99.02,363.15,0.5931,-1,-1,-1
618,2,887.94,298.06,150.17,468.68,0.8353,-1,-1,-1
618,38,1632.00,98.98,323.37,977.36,0.8813,-1,-1,-1
618,53,590.30,337.14,87.95,335.83,0.7857,-1,-1,-1
618,54,1043.79,287.97,147.72,481.25,0.8494,-1,-1,-1
618,46,1320.50,300.68,142.80,465.59,0.7379,-1,-1,-1
618,57,1190.48,371.48,64.85,240.11,0.5619,-1,-1,-1
618,59,1271.88,325.94,99.68,367.12,0.5695,-1,-1,-1
619,2,885.31,301.04,149.48,467.23,0.8363,-1,-1,-1
619,38,1637.81,104.97,314.63,970.66,0.8954,-1,-1,-1
619,53,586.43,336.82,87.76,337.95,0.7605,-1,-1,-1
619,54,1041.25,289.68,150.52,482.75,0.8099,-1,-1,-1
619,46,1325.18,302.34,142.17,466.85,0.7371,-1,-1,-1
619,57,1189.37,370.03,66.42,245.83,0.5263,-1,-1,-1
619,59,1274.19,327.73,101.01,372.65,0.5998,-1,-1,-1
620,2,880.27,303.50,148.01,465.49,0.8232,-1,-1,-1
620,38,1647.81,111.52,305.48,964.26,0.8855,-1,-1,-1
620,53,581.84,338.44,88.24,341.45,0.6972,-1,-1,-1
620,54,1040.51,289.64,152.76,482.44,0.7865,-1,-1,-1
620,46,1325.62,302.75,141.07,469.13,0.7530,-1,-1,-1
620,57,1187.73,373.16,64.36,237.55,0.5811,-1,-1,-1
620,59,1270.83,328.66,102.79,378.95,0.6078,-1,-1,-1
621,2,873.89,303.22,145.94,462.45,0.8241,-1,-1,-1
621,38,1655.88,120.11,295.99,955.64,0.8791,-1,-1,-1
621,53,577.49,337.21,88.43,345.20,0.7252,-1,-1,-1
621,54,1034.31,288.90,153.12,481.71,0.6814,-1,-1,-1
621,46,1325.53,304.58,138.76,466.69,0.7442,-1,-1,-1
621,57,1187.03,376.14,62.58,229.37,0.5056,-1,-1,-1
621,59,1269.72,329.82,103.97,382.29,0.6264,-1,-1,-1
622,2,871.70,303.45,146.17,461.55,0.8021,-1,-1,-1
622,38,1660.56,121.18,289.57,954.72,0.8936,-1,-1,-1
622,53,573.21,341.54,86.65,341.62,0.7757,-1,-1,-1
622,54,1025.89,288.36,151.48,479.91,0.7514,-1,-1,-1
622,46,1325.23,304.61,138.73,472.26,0.6599,-1,-1,-1
622,57,1190.13,378.72,56.01,201.52,0.3879,-1,-1,-1
622,59,1265.14,329.39,106.57,390.29,0.5656,-1,-1,-1
623,2,865.00,303.32,146.64,463.27,0.7994,-1,-1,-1
623,38,1665.45,121.09,283.82,955.66,0.8980,-1,-1,-1
623,53,570.28,340.82,87.24,344.15,0.7380,-1,-1,-1
623,54,1018.33,288.62,150.70,479.68,0.7787,-1,-1,-1
623,46,1325.26,306.46,138.28,475.22,0.6548,-1,-1,-1
623,57,1188.65,381.56,54.31,191.75,0.3109,-1,-1,-1
623,59,1260.88,330.56,108.32,394.61,0.5243,-1,-1,-1
623,60,1121.45,328.71,96.07,371.21,0.7148,-1,-1,-1
624,2,860.09,304.77,147.03,460.63,0.8460,-1,-1,-1
624,38,1669.82,117.74,278.75,958.50,0.8972,-1,-1,-1
624,53,566.29,340.69,86.91,343.27,0.7643,-1,-1,-1
624,54,1012.73,288.64,148.94,477.47,0.8128,-1,-1,-1
624,46,1324.21,308.46,136.35,473.17,0.7070,-1,-1,-1
624,57,1184.53,378.27,55.66,194.61,0.2676,-1,-1,-1
624,59,1257.45,330.68,109.72,400.36,0.6014,-1,-1,-1
624,60,1119.09,331.96,98.54,381.02,0.6834,-1,-1,-1
625,2,856.30,304.97,146.78,456.84,0.8465,-1,-1,-1
625,38,1673.69,114.39,273.78,960.80,0.9030,-1,-1,-1
625,53,560.20,342.08,86.94,343.97,0.7329,-1,-1,-1
625,54,1006.46,285.73,146.79,474.44,0.7938,-1,-1,-1
625,46,1323.69,306.52,135.40,476.16,0.7264,-1,-1,-1
625,57,1182.25,381.62,54.31,188.83,0.2983,-1,-1,-1
625,59,1249.72,331.62,111.37,404.71,0.6450,-1,-1,-1
625,60,1113.83,334.06,101.72,394.30,0.7391,-1,-1,-1
626,2,851.57,304.23,147.05,456.17,0.8215,-1,-1,-1
626,38,1678.38,116.26,267.69,958.21,0.9060,-1,-1,-1
626,53,552.98,344.66,86.59,344.53,0.7146,-1,-1,-1
626,54,1000.72,286.33,145.69,474.70,0.7882,-1,-1,-1
626,46,1322.54,305.64,134.59,478.16,0.7757,-1,-1,-1
626,57,1183.60,391.86,48.72,166.31,0.2065,-1,-1,-1
626,59,1245.74,332.09,112.66,407.82,0.6937,-1,-1,-1
626,60,1107.34,335.28,102.27,397.36,0.7472,-1,-1,-1
627,2,845.67,302.67,148.42,457.62,0.8353,-1,-1,-1
627,38,1682.24,118.63,261.80,954.64,0.9040,-1,-1,-1
627,53,545.81,343.53,87.39,349.72,0.7489,-1,-1,-1
627,54,995.34,284.06,145.84,477.03,0.7868,-1,-1,-1
627,46,1321.86,305.16,133.55,478.73,0.7618,-1,-1,-1
627,57,1181.83,394.89,47.57,159.64,0.1835,-1,-1,-1
627,59,1240.09,331.35,113.96,411.45,0.6725,-1,-1,-1
627,60,1102.68,335.01,102.47,400.15,0.7332,-1,-1,-1
628,2,837.16,301.74,149.99,457.21,0.8427,-1,-1,-1
628,38,1683.18,116.90,257.81,955.14,0.9048,-1,-1,-1
628,53,539.37,339.69,87.79,354.25,0.7776,-1,-1,-1
628,54,991.23,281.02,146.63,477.71,0.7589,-1,-1,-1
628,46,1320.54,303.20,132.84,480.45,0.7794,-1,-1,-1
628,59,1236.97,331.02,114.19,413.12,0.6843,-1,-1,-1
628,60,1098.02,331.37,104.72,409.96,0.7134,-1,-1,-1
629,2,833.37,300.93,151.44,456.83,0.8503,-1,-1,-1
629,38,1674.74,113.81,256.91,956.95,0.8827,-1,-1,-1
629,53,537.23,341.79,88.02,353.81,0.6975,-1,-1,-1
629,54,979.62,282.62,144.44,475.95,0.7740,-1,-1,-1
629,46,1319.41,301.67,132.11,481.98,0.7741,-1,-1,-1
629,59,1233.14,330.37,114.80,417.30,0.6715,-1,-1,-1
629,60,1092.85,328.78,106.90,417.84,0.7530,-1,-1,-1
630,2,830.05,302.36,151.79,454.32,0.8433,-1,-1,-1
630,38,1652.00,115.54,260.39,955.39,0.8888,-1,-1,-1
630,53,531.03,340.32,89.01,358.61,0.7632,-1,-1,-1
630,54,970.77,281.41,143.09,475.76,0.8155,-1,-1,-1
630,46,1318.58,301.08,131.45,483.80,0.7800,-1,-1,-1
630,59,1234.32,328.05,114.38,421.23,0.6422,-1,-1,-1
630,60,1089.38,326.80,108.64,422.52,0.7895,-1,-1,-1
631,2,826.87,303.72,153.00,454.39,0.8504,-1,-1,-1
631,38,1668.36,112.00,258.05,959.05,0.8921,-1,-1,-1
631,53,526.11,343.76,87.53,354.10,0.7334,-1,-1,-1
631,54,966.23,281.09,141.58,474.84,0.8284,-1,-1,-1
631,46,1319.17,301.30,130.47,483.89,0.7570,-1,-1,-1
631,59,1233.17,329.19,114.15,422.75,0.6413,-1,-1,-1
631,60,1088.99,326.60,110.11,423.68,0.8123,-1,-1,-1
632,2,822.23,305.54,154.64,455.39,0.8556,-1,-1,-1
632,38,1678.43,109.61,255.01,962.24,0.9015,-1,-1,-1
632,53,522.67,345.02,87.12,354.35,0.7612,-1,-1,-1
632,54,963.70,281.04,140.03,474.54,0.7860,-1,-1,-1
632,46,1322.09,302.49,130.06,484.32,0.7625,-1,-1,-1
632,59,1234.16,327.32,114.62,426.62,0.6624,-1,-1,-1
632,60,1088.38,325.99,111.81,425.88,0.8181,-1,-1,-1
633,2,819.58,307.79,156.16,456.00,0.8614,-1,-1,-1
633,38,1686.96,103.99,251.88,968.36,0.9040,-1,-1,-1
633,53,520.79,342.94,87.84,358.61,0.7708,-1,-1,-1
633,54,963.83,281.56,139.25,476.65,0.7673,-1,-1,-1
633,46,1324.14,301.16,129.91,486.59,0.7735,-1,-1,-1
633,59,1235.31,323.61,114.92,429.17,0.6769,-1,-1,-1
633,60,1089.61,326.04,113.22,429.04,0.8143,-1,-1,-1
634,2,817.91,309.54,157.75,457.04,0.8616,-1,-1,-1
634,38,1694.68,94.08,248.92,978.65,0.9050,-1,-1,-1
634,53,520.00,346.62,88.01,359.55,0.7820,-1,-1,-1
634,54,964.04,282.20,137.67,474.58,0.7812,-1,-1,-1
634,46,1328.21,303.13,129.53,487.82,0.7411,-1,-1,-1
634,59,1236.63,321.55,115.88,432.31,0.6786,-1,-1,-1
634,60,1093.15,327.23,114.60,431.85,0.8319,-1,-1,-1
635,2,817.41,310.65,159.74,459.08,0.8567,-1,-1,-1
635,38,1699.39,89.92,243.95,979.20,0.8870,-1,-1,-1
635,53,519.20,349.33,88.23,361.07,0.7914,-1,-1,-1
635,54,967.42,283.01,137.19,478.41,0.7796,-1,-1,-1
635,46,1332.28,300.93,129.98,491.54,0.6902,-1,-1,-1
635,59,1241.48,320.66,115.46,432.50,0.5886,-1,-1,-1
635,60,1097.24,325.63,116.77,437.41,0.8292,-1,-1,-1
636,2,818.36,313.11,160.76,457.87,0.8366,-1,-1,-1
636,38,1700.07,86.40,241.25,985.77,0.8775,-1,-1,-1
636,53,518.04,353.00,88.44,363.20,0.7789,-1,-1,-1
636,54,972.98,284.19,137.23,483.42,0.7954,-1,-1,-1
636,46,1338.22,302.04,130.36,492.84,0.7265,-1,-1,-1
636,59,1245.33,317.33,116.24,436.52,0.6003,-1,-1,-1
636,60,1101.29,326.49,118.13,440.93,0.8237,-1,-1,-1
637,2,822.78,317.39,159.24,449.67,0.8470,-1,-1,-1
637,38,1702.15,85.96,237.26,985.61,0.8706,-1,-1,-1
637,53,518.50,357.80,88.32,362.17,0.7447,-1,-1,-1
637,54,978.16,291.06,134.99,481.98,0.7988,-1,-1,-1
637,46,1341.83,303.57,131.24,496.47,0.7880,-1,-1,-1
637,59,1249.70,318.25,115.02,432.13,0.6425,-1,-1,-1
637,60,1103.03,326.54,118.57,442.52,0.8152,-1,-1,-1
638,2,828.59,318.63,158.11,445.33,0.8644,-1,-1,-1
638,38,1700.55,85.39,234.49,986.10,0.8831,-1,-1,-1
638,53,517.91,354.75,89.63,367.09,0.7295,-1,-1,-1
638,54,981.02,293.96,132.96,480.65,0.8010,-1,-1,-1
638,46,1344.79,304.30,131.60,498.78,0.7828,-1,-1,-1
638,59,1252.68,316.24,114.98,434.06,0.6176,-1,-1,-1
638,60,1106.40,329.65,118.53,439.62,0.8118,-1,-1,-1
639,2,832.76,319.39,159.03,449.49,0.8581,-1,-1,-1
639,38,1699.34,84.15,232.86,989.02,0.8779,-1,-1,-1
639,53,519.67,362.88,88.79,361.26,0.7412,-1,-1,-1
639,54,983.53,298.48,130.16,477.19,0.7984,-1,-1,-1
639,46,1351.16,304.63,131.76,500.51,0.7294,-1,-1,-1
639,59,1255.96,314.55,117.86,444.22,0.6931,-1,-1,-1
639,60,1111.61,331.23,119.81,439.50,0.8287,-1,-1,-1
640,2,837.57,319.19,158.71,450.38,0.8471,-1,-1,-1
640,38,1696.60,78.99,232.35,994.63,0.8779,-1,-1,-1
640,53,520.12,365.96,89.24,361.90,0.7259,-1,-1,-1
640,54,988.31,301.24,128.35,476.55,0.7987,-1,-1,-1
640,46,1357.73,301.29,133.32,509.48,0.7233,-1,-1,-1
640,59,1258.02,315.33,120.93,454.79,0.7230,-1,-1,-1
640,60,1115.83,331.55,122.05,441.36,0.8086,-1,-1,-1
641,2,843.47,320.27,157.41,448.27,0.8314,-1,-1,-1
641,38,1695.96,79.65,230.47,992.14,0.8735,-1,-1,-1
641,53,520.74,362.03,91.03,368.00,0.7322,-1,-1,-1
641,54,993.60,304.74,125.51,471.27,0.7950,-1,-1,-1
641,46,1365.27,300.43,132.42,507.97,0.7791,-1,-1,-1
641,59,1259.75,312.61,123.36,461.96,0.7417,-1,-1,-1
641,60,1122.25,330.22,124.97,443.98,0.7947,-1,-1,-1
642,2,849.27,321.32,157.24,448.56,0.8219,-1,-1,-1
642,38,1695.58,85.70,228.33,986.22,0.8823,-1,-1,-1
642,53,528.82,360.63,93.81,372.58,0.7055,-1,-1,-1
642,54,998.54,307.76,124.74,471.34,0.7901,-1,-1,-1
642,46,1373.33,302.26,132.75,511.03,0.7982,-1,-1,-1
642,59,1265.18,314.91,125.62,469.00,0.7780,-1,-1,-1
642,60,1129.02,330.55,128.01,446.99,0.7789,-1,-1,-1
643,2,854.32,321.79,156.13,445.91,0.8645,-1,-1,-1
643,38,1692.97,90.00,227.07,979.25,0.8824,-1,-1,-1
643,53,530.39,361.92,95.05,373.87,0.7172,-1,-1,-1
643,54,1000.91,308.90,125.93,478.93,0.8073,-1,-1,-1
643,46,1379.56,303.16,133.49,514.09,0.7877,-1,-1,-1
643,59,1272.91,315.60,126.70,473.59,0.6707,-1,-1,-1
643,60,1132.40,328.55,132.34,455.81,0.8041,-1,-1,-1
644,2,859.54,322.59,156.52,448.11,0.8758,-1,-1,-1
644,38,1690.45,96.07,227.06,976.65,0.8597,-1,-1,-1
644,53,530.77,362.73,96.73,378.01,0.7464,-1,-1,-1
644,54,1003.22,309.02,125.90,483.52,0.7892,-1,-1,-1
644,46,1387.93,300.66,135.45,521.90,0.8010,-1,-1,-1
644,59,1281.02,318.11,126.69,475.84,0.6628,-1,-1,-1
644,60,1137.81,324.03,137.10,466.88,0.8333,-1,-1,-1
645,2,865.05,323.84,156.84,449.94,0.8723,-1,-1,-1
645,38,1698.62,200.50,207.76,874.46,0.8211,-1,-1,-1
645,53,533.06,364.18,97.13,378.26,0.7622,-1,-1,-1
645,54,1005.99,309.86,126.16,487.07,0.7787,-1,-1,-1
645,46,1394.07,297.89,136.62,525.67,0.7465,-1,-1,-1
645,59,1289.64,314.20,127.01,481.54,0.6766,-1,-1,-1
645,60,1140.87,320.43,141.44,477.02,0.8498,-1,-1,-1
646,2,869.33,324.85,157.43,454.11,0.8632,-1,-1,-1
646,38,1703.68,243.78,198.86,819.87,0.8087,-1,-1,-1
646,53,533.54,363.97,98.08,380.94,0.7655,-1,-1,-1
646,54,1007.04,309.35,126.42,487.28,0.8056,-1,-1,-1
646,46,1401.15,295.50,136.81,528.85,0.7537,-1,-1,-1
646,59,1295.59,312.55,127.93,486.23,0.7238,-1,-1,-1
646,60,1142.37,318.31,144.77,482.65,0.8517,-1,-1,-1
647,2,872.65,325.92,157.51,456.04,0.8578,-1,-1,-1
647,38,1703.74,270.68,197.34,796.97,0.8291,-1,-1,-1
647,53,534.45,363.44,98.87,383.28,0.7414,-1,-1,-1
647,54,1013.42,308.90,125.98,486.29,0.7980,-1,-1,-1
647,46,1406.96,292.65,138.25,538.09,0.7698,-1,-1,-1
647,59,1302.88,308.73,128.75,493.12,0.6980,-1,-1,-1
647,60,1144.63,319.41,147.93,486.74,0.8491,-1,-1,-1
648,2,875.60,329.06,155.52,452.94,0.8507,-1,-1,-1
648,38,1704.25,284.21,198.19,786.67,0.8618,-1,-1,-1
648,53,534.03,361.61,99.86,387.19,0.7393,-1,-1,-1
648,54,1017.39,308.77,124.94,485.08,0.7955,-1,-1,-1
648,46,1412.96,294.09,138.09,540.07,0.7607,-1,-1,-1
648,59,1306.13,308.33,129.94,498.60,0.7375,-1,-1,-1
648,60,1145.93,317.44,151.61,491.84,0.8571,-1,-1,-1
649,2,877.41,331.96,154.01,450.73,0.8450,-1,-1,-1
649,38,1707.28,292.21,198.32,776.95,0.8483,-1,-1,-1
649,53,534.55,361.27,100.41,388.94,0.7401,-1,-1,-1
649,54,1019.39,309.11,123.37,481.00,0.8047,-1,-1,-1
649,46,1420.20,294.02,137.86,541.17,0.7934,-1,-1,-1
649,59,1308.13,307.24,130.33,498.74,0.7515,-1,-1,-1
649,60,1147.51,322.42,154.24,491.79,0.8707,-1,-1,-1
650,2,879.96,334.33,153.50,449.41,0.8350,-1,-1,-1
650,38,1711.79,294.36,198.68,773.11,0.8021,-1,-1,-1
650,53,535.41,361.17,101.36,390.72,0.7374,-1,-1,-1
650,54,1023.40,308.78,121.66,477.53,0.8101,-1,-1,-1
650,46,1426.52,293.52,138.48,543.91,0.8084,-1,-1,-1
650,59,1309.18,306.19,131.82,501.38,0.7609,-1,-1,-1
650,60,1146.67,318.96,160.40,503.95,0.8689,-1,-1,-1
651,2,881.89,335.25,153.81,449.02,0.8465,-1,-1,-1
651,38,1714.94,293.27,200.19,777.86,0.5787,-1,-1,-1
651,53,535.60,360.82,102.18,391.81,0.7278,-1,-1,-1
651,54,1026.46,307.28,120.41,475.44,0.7952,-1,-1,-1
651,46,1432.42,292.32,140.05,548.69,0.8439,-1,-1,-1
651,59,1312.25,305.24,133.68,506.52,0.7872,-1,-1,-1
651,60,1145.96,319.75,164.19,508.02,0.8502,-1,-1,-1
652,2,882.06,336.05,153.85,446.52,0.8388,-1,-1,-1
652,38,1733.68,294.12,175.71,670.53,0.6942,-1,-1,-1
652,53,537.00,362.26,103.24,390.87,0.7140,-1,-1,-1
652,54,1027.82,306.72,119.87,475.79,0.8056,-1,-1,-1
652,46,1436.82,294.84,140.50,548.26,0.8217,-1,-1,-1
652,59,1315.69,302.53,135.16,509.54,0.7737,-1,-1,-1
652,60,1144.39,319.79,168.32,512.91,0.8326,-1,-1,-1
652,63,822.73,406.38,62.94,221.53,0.6322,-1,-1,-1
653,2,881.34,338.19,153.56,442.03,0.8443,-1,-1,-1
653,38,1743.84,294.09,166.70,629.17,0.7907,-1,-1,-1
653,53,535.02,361.80,104.82,393.21,0.7025,-1,-1,-1
653,54,1029.00,306.34,119.72,477.51,0.8002,-1,-1,-1
653,46,1440.46,293.25,142.12,554.20,0.7715,-1,-1,-1
653,59,1317.94,305.70,135.77,507.34,0.7692,-1,-1,-1
653,60,1140.00,316.21,174.54,525.99,0.8398,-1,-1,-1
653,63,818.32,403.62,65.09,228.78,0.6530,-1,-1,-1
654,2,878.50,336.81,154.49,440.97,0.8417,-1,-1,-1
654,38,1747.29,291.61,172.82,656.26,0.7752,-1,-1,-1
654,53,527.52,359.60,105.19,396.76,0.7308,-1,-1,-1
654,54,1028.64,304.67,119.60,479.35,0.7951,-1,-1,-1
654,46,1443.95,293.33,142.33,553.31,0.7605,-1,-1,-1
654,59,1319.14,304.92,137.30,509.39,0.7868,-1,-1,-1
654,60,1135.97,312.53,179.91,536.60,0.8530,-1,-1,-1
654,63,814.54,402.18,65.94,230.66,0.6984,-1,-1,-1
655,2,874.89,334.57,156.75,444.29,0.8409,-1,-1,-1
655,38,1747.87,290.10,180.61,696.07,0.7631,-1,-1,-1
655,53,529.28,358.48,106.90,397.73,0.7641,-1,-1,-1
655,54,1028.05,303.81,119.18,478.63,0.7754,-1,-1,-1
655,46,1448.03,293.58,142.67,553.83,0.7369,-1,-1,-1
655,59,1319.69,297.99,140.42,519.57,0.8101,-1,-1,-1
655,60,1132.11,310.83,184.17,543.01,0.8418,-1,-1,-1
655,63,810.55,401.67,66.10,230.56,0.6972,-1,-1,-1
656,2,871.44,333.53,157.20,443.14,0.8470,-1,-1,-1
656,38,1750.69,287.79,185.29,730.06,0.7909,-1,-1,-1
656,53,522.15,358.83,108.24,401.93,0.7330,-1,-1,-1
656,54,1027.00,304.82,118.54,477.06,0.7898,-1,-1,-1
656,46,1450.72,292.79,143.82,558.27,0.7549,-1,-1,-1
656,59,1319.60,296.80,142.51,525.89,0.8154,-1,-1,-1
656,60,1127.17,310.92,186.74,545.34,0.8423,-1,-1,-1
656,63,808.16,404.48,65.71,228.91,0.7180,-1,-1,-1
657,2,867.13,335.65,156.93,439.14,0.8641,-1,-1,-1
657,38,1757.37,294.68,183.11,740.20,0.7591,-1,-1,-1
657,53,518.83,359.80,109.57,405.01,0.7419,-1,-1,-1
657,54,1025.15,306.36,118.86,480.51,0.7682,-1,-1,-1
657,46,1452.60,292.67,144.47,560.15,0.7553,-1,-1,-1
657,59,1318.65,297.44,144.60,531.92,0.8075,-1,-1,-1
657,60,1123.46,311.35,187.89,543.97,0.8438,-1,-1,-1
657,63,803.24,401.67,67.42,235.42,0.6988,-1,-1,-1
658,2,861.69,333.15,159.74,444.20,0.8728,-1,-1,-1
658,38,1763.54,293.27,181.44,756.42,0.7506,-1,-1,-1
658,53,515.68,359.93,110.73,405.71,0.8044,-1,-1,-1
658,54,1023.13,306.53,118.34,479.96,0.7671,-1,-1,-1
658,46,1454.45,291.14,144.95,561.92,0.7764,-1,-1,-1
658,59,1316.97,296.32,146.59,537.08,0.8146,-1,-1,-1
658,60,1121.20,310.51,187.69,538.22,0.8413,-1,-1,-1
658,63,798.80,405.44,66.78,232.83,0.6549,-1,-1,-1
659,2,858.60,331.28,160.74,444.20,0.8717,-1,-1,-1
659,38,1770.99,292.27,177.03,763.78,0.7336,-1,-1,-1
659,53,505.68,362.52,108.86,402.09,0.6655,-1,-1,-1
659,54,1019.99,306.38,117.91,480.08,0.7718,-1,-1,-1
659,46,1456.36,288.94,145.63,564.65,0.7848,-1,-1,-1
659,59,1315.62,295.84,148.36,540.69,0.8341,-1,-1,-1
659,60,1117.51,307.89,192.44,547.63,0.8460,-1,-1,-1
659,63,795.00,404.44,66.32,230.05,0.6916,-1,-1,-1
660,2,855.88,329.58,161.36,443.22,0.8649,-1,-1,-1
660,38,1776.52,286.92,173.80,778.12,0.7413,-1,-1,-1
660,53,499.29,363.42,107.60,400.13,0.7048,-1,-1,-1
660,54,1016.75,306.67,118.11,482.24,0.7694,-1,-1,-1
660,46,1457.72,287.25,146.43,567.58,0.7904,-1,-1,-1
660,59,1313.66,293.02,150.74,546.09,0.8387,-1,-1,-1
660,60,1113.28,304.05,196.59,555.91,0.8483,-1,-1,-1
660,63,791.07,398.39,67.78,233.96,0.7191,-1,-1,-1
661,2,852.10,328.09,162.82,445.86,0.8619,-1,-1,-1
661,38,1781.37,284.55,169.46,787.80,0.7535,-1,-1,-1
661,53,501.22,362.07,110.80,405.75,0.7471,-1,-1,-1
661,54,1012.72,306.45,118.76,486.70,0.7685,-1,-1,-1
661,46,1457.30,285.77,147.58,572.08,0.7938,-1,-1,-1
661,59,1311.94,290.56,153.50,552.97,0.8142,-1,-1,-1
661,60,1109.39,300.13,199.87,562.79,0.8684,-1,-1,-1
661,63,786.88,394.93,69.29,239.49,0.7364,-1,-1,-1
662,2,849.18,328.23,164.78,450.76,0.8513,-1,-1,-1
662,38,1785.18,285.30,164.03,790.29,0.7515,-1,-1,-1
662,53,491.81,360.63,111.06,408.55,0.7765,-1,-1,-1
662,54,1010.72,310.55,117.53,486.23,0.7679,-1,-1,-1
662,46,1457.15,285.63,148.67,574.93,0.8017,-1,-1,-1
662,59,1309.80,287.20,156.24,559.33,0.8081,-1,-1,-1
662,60,1104.32,299.55,202.08,567.04,0.8828,-1,-1,-1
662,63,781.67,391.27,70.93,245.78,0.7739,-1,-1,-1
663,2,842.83,328.72,164.90,449.30,0.8380,-1,-1,-1
663,38,1787.55,283.18,159.30,793.47,0.7607,-1,-1,-1
663,53,483.55,358.01,112.11,412.93,0.7902,-1,-1,-1
663,54,1007.90,311.86,117.64,489.38,0.8036,-1,-1,-1
663,46,1455.98,285.59,149.60,576.39,0.8119,-1,-1,-1
663,59,1304.12,287.61,158.63,562.52,0.8231,-1,-1,-1
663,60,1098.90,296.83,205.02,572.91,0.8783,-1,-1,-1
663,63,780.39,395.61,68.12,237.89,0.2154,-1,-1,-1
664,2,838.94,331.04,164.08,444.23,0.8536,-1,-1,-1
664,38,1789.77,282.48,154.63,794.53,0.7675,-1,-1,-1
664,53,479.41,355.84,113.97,416.27,0.7978,-1,-1,-1
664,54,1004.83,311.75,117.18,490.65,0.8056,-1,-1,-1
664,46,1455.65,285.06,150.98,578.56,0.8186,-1,-1,-1
664,59,1298.24,288.06,161.55,566.07,0.8258,-1,-1,-1
664,60,1093.25,297.17,206.87,578.92,0.8738,-1,-1,-1
664,63,775.88,395.17,67.28,235.17,0.5354,-1,-1,-1
665,2,840.52,332.36,160.68,436.79,0.8442,-1,-1,-1
665,38,1792.36,276.78,150.98,800.56,0.7559,-1,-1,-1
665,53,469.74,356.08,114.15,418.70,0.7520,-1,-1,-1
665,54,1000.67,309.38,117.33,491.79,0.7881,-1,-1,-1
665,46,1454.06,284.38,152.30,580.89,0.8175,-1,-1,-1
665,59,1293.54,282.99,165.13,574.38,0.8553,-1,-1,-1
665,60,1090.94,294.68,209.39,584.07,0.8690,-1,-1,-1
665,63,769.20,395.63,68.95,239.14,0.6894,-1,-1,-1
666,2,839.84,332.43,161.00,440.03,0.8451,-1,-1,-1
666,38,1789.45,269.88,149.03,807.88,0.7588,-1,-1,-1
666,53,463.48,355.66,114.59,420.75,0.7394,-1,-1,-1
666,54,995.56,306.15,117.33,492.20,0.7844,-1,-1,-1
666,46,1453.82,283.64,153.83,582.95,0.8405,-1,-1,-1
666,59,1285.89,281.72,168.15,578.56,0.8585,-1,-1,-1
666,60,1089.53,291.74,213.70,593.94,0.8739,-1,-1,-1
666,63,765.51,395.61,69.83,242.36,0.6977,-1,-1,-1
667,2,837.77,332.72,160.93,442.29,0.8482,-1,-1,-1
667,38,1784.82,265.40,147.61,810.72,0.7674,-1,-1,-1
667,53,452.85,355.27,113.73,420.51,0.7101,-1,-1,-1
667,54,991.05,304.57,115.28,481.63,0.7907,-1,-1,-1
667,46,1451.47,284.31,154.91,581.83,0.8500,-1,-1,-1
667,59,1281.15,276.48,171.02,585.04,0.8728,-1,-1,-1
667,60,1086.83,288.46,219.71,609.68,0.8776,-1,-1,-1
667,63,760.77,396.43,70.21,243.61,0.7136,-1,-1,-1
668,2,836.01,332.79,160.10,440.50,0.8554,-1,-1,-1
668,38,1783.32,261.69,146.38,813.95,0.7447,-1,-1,-1
668,53,444.49,353.51,113.91,423.92,0.7819,-1,-1,-1
668,54,984.71,302.81,116.61,486.08,0.7941,-1,-1,-1
668,46,1450.70,284.85,156.51,581.29,0.8600,-1,-1,-1
668,59,1276.49,271.28,173.30,589.77,0.8743,-1,-1,-1
668,60,1083.34,285.52,223.59,618.82,0.8780,-1,-1,-1
668,63,756.18,391.48,72.04,250.00,0.7263,-1,-1,-1
669,2,836.31,331.90,158.21,434.48,0.8532,-1,-1,-1
669,38,1785.91,256.48,144.97,820.40,0.7749,-1,-1,-1
669,53,438.07,346.90,115.42,432.13,0.7761,-1,-1,-1
669,54,979.36,300.19,118.03,489.96,0.8047,-1,-1,-1
669,46,1450.14,282.82,158.95,582.91,0.8604,-1,-1,-1
669,59,1271.92,266.92,175.14,592.96,0.8619,-1,-1,-1
669,60,1079.11,282.91,229.43,633.67,0.8837,-1,-1,-1
669,63,751.18,391.58,72.40,250.36,0.6921,-1,-1,-1
670,2,834.66,330.71,156.99,431.23,0.8458,-1,-1,-1
670,38,1787.33,250.19,143.54,825.96,0.7925,-1,-1,-1
670,53,431.91,347.96,115.70,434.34,0.7885,-1,-1,-1
670,54,976.56,298.77,117.84,488.52,0.8186,-1,-1,-1
670,46,1449.84,280.95,161.21,584.43,0.8579,-1,-1,-1
670,59,1268.08,253.01,179.94,608.83,0.8559,-1,-1,-1
670,60,1075.18,281.00,235.12,648.98,0.8828,-1,-1,-1
670,63,745.46,388.80,74.35,254.40,0.7227,-1,-1,-1
671,2,831.62,329.78,156.52,432.31,0.8528,-1,-1,-1
671,38,1787.70,243.76,142.47,832.38,0.7864,-1,-1,-1
671,53,427.72,348.44,115.75,435.09,0.8085,-1,-1,-1
671,54,974.43,297.82,117.66,486.11,0.8109,-1,-1,-1
671,46,1449.17,278.29,164.08,588.19,0.8559,-1,-1,-1
671,59,1270.34,254.42,180.43,610.01,0.8528,-1,-1,-1
671,60,1072.81,280.54,240.32,664.34,0.8848,-1,-1,-1
671,63,741.63,384.83,75.99,258.88,0.7258,-1,-1,-1
672,2,831.70,329.39,156.18,433.63,0.8554,-1,-1,-1
672,38,1787.22,229.04,142.42,843.79,0.7836,-1,-1,-1
672,53,424.61,347.99,117.36,439.85,0.7894,-1,-1,-1
672,54,972.92,296.35,118.82,488.06,0.8135,-1,-1,-1
672,46,1449.40,276.21,166.37,590.26,0.8603,-1,-1,-1
672,59,1270.33,247.38,184.16,622.76,0.8493,-1,-1,-1
672,60,1071.38,279.30,246.02,682.34,0.8894,-1,-1,-1
672,63,738.77,383.27,77.42,262.16,0.7197,-1,-1,-1
673,2,830.82,328.49,154.59,433.44,0.8485,-1,-1,-1
673,38,1781.68,170.04,149.68,902.14,0.7710,-1,-1,-1
673,53,421.29,350.44,117.69,439.98,0.7847,-1,-1,-1
673,54,972.61,294.28,119.11,486.04,0.8159,-1,-1,-1
673,46,1450.25,274.52,168.82,593.54,0.8489,-1,-1,-1
673,59,1271.00,242.60,187.43,634.52,0.8357,-1,-1,-1
673,60,1072.02,275.07,250.71,696.42,0.8859,-1,-1,-1
673,63,736.56,380.54,78.43,265.31,0.7208,-1,-1,-1
674,2,830.62,328.10,152.90,433.15,0.8470,-1,-1,-1
674,38,1778.59,156.69,150.17,914.54,0.7815,-1,-1,-1
674,53,419.06,352.54,118.01,440.78,0.7691,-1,-1,-1
674,54,972.14,294.01,119.66,485.72,0.8090,-1,-1,-1
674,46,1452.66,273.41,170.77,593.64,0.8414,-1,-1,-1
674,59,1272.08,240.22,190.91,650.48,0.8244,-1,-1,-1
674,60,1072.75,268.47,255.68,709.44,0.8774,-1,-1,-1
674,63,737.20,379.91,78.59,264.04,0.7020,-1,-1,-1
675,2,831.51,328.29,151.83,433.97,0.8530,-1,-1,-1
675,38,1777.70,191.57,144.60,878.76,0.7946,-1,-1,-1
675,53,417.00,350.53,119.83,446.50,0.7745,-1,-1,-1
675,54,971.41,292.93,121.08,488.95,0.8132,-1,-1,-1
675,46,1454.97,272.87,172.96,594.68,0.8447,-1,-1,-1
675,59,1276.47,244.88,193.39,662.15,0.8162,-1,-1,-1
675,60,1072.69,264.87,260.04,718.85,0.8752,-1,-1,-1
675,63,737.28,381.25,78.11,260.87,0.7086,-1,-1,-1
676,2,831.68,328.99,151.17,435.49,0.8513,-1,-1,-1
676,38,1775.45,212.22,141.97,856.37,0.8225,-1,-1,-1
676,53,415.29,350.75,121.22,449.98,0.7924,-1,-1,-1
676,54,971.54,292.54,121.92,489.55,0.8218,-1,-1,-1
676,46,1461.28,272.29,172.92,589.63,0.8382,-1,-1,-1
676,59,1282.67,239.12,196.52,676.02,0.7947,-1,-1,-1
676,60,1073.58,259.76,265.19,728.43,0.8542,-1,-1,-1
676,63,736.32,381.38,78.92,261.50,0.7248,-1,-1,-1
677,2,832.57,327.85,150.82,436.95,0.8419,-1,-1,-1
677,38,1770.45,227.91,141.70,841.44,0.8335,-1,-1,-1
677,53,412.40,348.02,122.67,453.88,0.7923,-1,-1,-1
677,54,972.83,291.63,121.81,487.72,0.8250,-1,-1,-1
677,46,1466.24,268.05,175.22,592.72,0.8357,-1,-1,-1
677,59,1293.22,231.24,202.28,694.53,0.7772,-1,-1,-1
677,60,1077.23,252.80,263.27,713.39,0.8501,-1,-1,-1
677,63,735.92,379.83,80.39,264.19,0.7434,-1,-1,-1
678,2,833.39,326.83,150.60,438.88,0.8477,-1,-1,-1
678,38,1765.96,233.43,143.63,838.72,0.8555,-1,-1,-1
678,53,410.38,348.00,123.57,455.22,0.7954,-1,-1,-1
678,54,973.58,291.02,122.60,488.59,0.8166,-1,-1,-1
678,46,1470.15,264.77,176.61,595.45,0.8227,-1,-1,-1
678,59,1299.61,227.23,205.36,704.78,0.8078,-1,-1,-1
678,60,1080.30,244.52,266.25,708.33,0.8709,-1,-1,-1
678,63,735.42,379.42,81.51,266.21,0.7408,-1,-1,-1
679,2,834.69,327.24,150.13,438.48,0.8425,-1,-1,-1
679,38,1761.94,241.97,145.35,832.17,0.8450,-1,-1,-1
679,53,408.73,347.98,124.02,455.71,0.7842,-1,-1,-1
679,54,977.39,291.08,122.28,486.24,0.7904,-1,-1,-1
679,46,1477.14,263.28,176.94,595.25,0.8156,-1,-1,-1
679,59,1304.66,227.23,209.12,720.85,0.8381,-1,-1,-1
679,60,1078.35,237.86,278.09,730.16,0.8623,-1,-1,-1
679,63,734.98,378.42,82.06,266.78,0.7338,-1,-1,-1
680,2,837.36,328.73,150.97,438.38,0.8466,-1,-1,-1
680,38,1758.01,246.01,145.91,814.18,0.7730,-1,-1,-1
680,53,408.88,347.16,125.21,458.58,0.7867,-1,-1,-1
680,54,980.47,292.05,121.71,484.39,0.7721,-1,-1,-1
680,46,1485.46,261.96,179.32,602.18,0.8342,-1,-1,-1
680,59,1313.52,233.14,211.27,729.60,0.8708,-1,-1,-1
680,60,1070.66,232.05,289.00,757.65,0.8740,-1,-1,-1
680,63,735.74,377.70,83.31,269.67,0.7450,-1,-1,-1
681,2,840.63,330.93,151.82,437.61,0.8541,-1,-1,-1
681,38,1758.71,250.17,138.54,740.68,0.7892,-1,-1,-1
681,53,410.55,345.80,126.56,462.09,0.7827,-1,-1,-1
681,54,983.06,294.82,120.90,481.71,0.7801,-1,-1,-1
681,46,1491.51,261.65,181.42,607.41,0.8323,-1,-1,-1
681,59,1322.61,237.17,211.45,733.35,0.8649,-1,-1,-1
681,60,1067.95,226.51,296.38,780.46,0.8695,-1,-1,-1
681,63,737.32,380.50,84.55,270.98,0.7562,-1,-1,-1
682,2,843.80,333.33,153.17,438.45,0.8250,-1,-1,-1
682,38,1765.52,255.09,120.93,597.56,0.8296,-1,-1,-1
682,53,411.62,345.54,127.30,464.63,0.7896,-1,-1,-1
682,54,987.98,295.70,120.53,482.24,0.8020,-1,-1,-1
682,46,1496.59,259.97,183.44,616.65,0.8326,-1,-1,-1
682,59,1332.62,235.02,212.34,740.70,0.8558,-1,-1,-1
682,60,1070.93,223.13,299.68,792.64,0.8819,-1,-1,-1
682,63,738.86,381.17,86.24,274.06,0.7632,-1,-1,-1
683,2,849.81,335.22,152.46,432.15,0.8038,-1,-1,-1
683,38,1771.08,259.21,115.66,537.10,0.6998,-1,-1,-1
683,53,412.15,346.69,127.16,464.54,0.7797,-1,-1,-1
683,54,993.26,294.93,121.28,486.25,0.8023,-1,-1,-1
683,46,1500.34,257.37,183.35,622.25,0.8322,-1,-1,-1
683,59,1345.57,232.72,215.29,750.67,0.8695,-1,-1,-1
683,60,1074.93,219.92,305.22,810.97,0.8782,-1,-1,-1
683,63,740.68,382.15,86.87,274.40,0.7640,-1,-1,-1
684,2,852.30,336.40,154.14,434.87,0.8397,-1,-1,-1
684,38,1774.27,262.87,115.68,510.04,0.6229,-1,-1,-1
684,53,414.40,347.47,127.39,465.61,0.7943,-1,-1,-1
684,54,997.52,295.98,121.15,488.62,0.8061,-1,-1,-1
684,46,1506.88,257.99,183.53,627.12,0.8201,-1,-1,-1
684,59,1357.24,226.46,218.98,762.19,0.8636,-1,-1,-1
684,60,1078.28,216.80,314.39,841.88,0.8764,-1,-1,-1
684,63,745.03,382.25,87.95,277.36,0.7768,-1,-1,-1
685,2,859.22,333.87,155.16,438.36,0.8128,-1,-1,-1
685,38,1776.39,266.85,119.68,509.10,0.4469,-1,-1,-1
685,53,417.94,342.82,129.10,471.92,0.7977,-1,-1,-1
685,54,1003.68,296.74,120.58,489.22,0.8055,-1,-1,-1
685,46,1512.73,259.43,180.62,623.41,0.7559,-1,-1,-1
685,59,1368.03,220.92,221.20,769.15,0.8326,-1,-1,-1
685,60,1083.87,214.00,319.69,861.92,0.8873,-1,-1,-1
685,63,750.03,382.30,88.78,280.48,0.7894,-1,-1,-1
686,2,867.74,333.71,153.26,435.23,0.8560,-1,-1,-1
686,38,1781.81,277.79,120.95,502.41,0.6644,-1,-1,-1
686,53,420.51,342.19,129.09,473.83,0.8145,-1,-1,-1
686,54,1012.35,294.39,120.68,490.67,0.7972,-1,-1,-1
686,46,1525.86,266.07,176.06,619.41,0.4319,-1,-1,-1
686,59,1384.76,212.34,225.54,780.58,0.8310,-1,-1,-1
686,60,1090.55,210.36,321.25,871.67,0.8993,-1,-1,-1
686,63,754.81,383.03,88.37,279.22,0.8152,-1,-1,-1
687,2,876.42,331.05,154.75,438.33,0.8462,-1,-1,-1
687,38,1787.84,297.27,127.26,529.66,0.6376,-1,-1,-1
687,53,423.80,338.75,129.35,475.70,0.7955,-1,-1,-1
687,54,1017.73,295.44,121.82,495.05,0.7957,-1,-1,-1
687,46,1533.67,229.64,182.62,659.68,0.2546,-1,-1,-1
687,59,1404.94,203.84,233.41,794.31,0.8370,-1,-1,-1
687,60,1097.02,206.91,322.21,877.11,0.9021,-1,-1,-1
687,63,761.34,380.43,89.20,282.51,0.8177,-1,-1,-1
688,2,881.19,327.88,153.43,435.41,0.8325,-1,-1,-1
688,38,1797.58,324.28,125.16,526.52,0.6845,-1,-1,-1
688,53,428.15,333.71,129.72,479.29,0.7644,-1,-1,-1
688,54,1025.94,294.14,120.61,490.79,0.8105,-1,-1,-1
688,59,1423.86,194.10,242.02,807.75,0.8662,-1,-1,-1
688,60,1102.69,198.34,324.37,884.52,0.8989,-1,-1,-1
688,63,765.43,378.07,89.50,282.39,0.7855,-1,-1,-1
689,2,888.74,324.20,152.10,431.91,0.8104,-1,-1,-1
689,38,1812.25,361.48,116.58,500.77,0.5568,-1,-1,-1
689,53,432.21,330.14,128.74,477.34,0.8084,-1,-1,-1
689,54,1033.57,291.80,119.77,489.00,0.7758,-1,-1,-1
689,59,1438.91,188.80,247.50,808.99,0.8775,-1,-1,-1
689,60,1107.05,178.91,330.20,902.02,0.8956,-1,-1,-1
689,63,770.97,374.02,90.47,282.91,0.7697,-1,-1,-1
690,2,897.09,319.13,153.38,433.26,0.7929,-1,-1,-1
690,38,1828.88,400.79,107.04,477.08,0.3389,-1,-1,-1
690,53,435.01,324.09,127.92,476.36,0.7848,-1,-1,-1
690,54,1041.92,287.98,119.08,487.60,0.8152,-1,-1,-1
690,59,1454.34,180.28,255.96,814.99,0.8656,-1,-1,-1
690,60,1112.06,170.87,332.31,905.46,0.8985,-1,-1,-1
690,63,774.25,367.38,91.58,285.86,0.7457,-1,-1,-1
691,2,904.58,313.31,154.21,432.41,0.8086,-1,-1,-1
691,53,437.48,320.03,127.78,477.86,0.7144,-1,-1,-1
691,54,1046.65,284.45,118.55,486.63,0.7610,-1,-1,-1
691,59,1468.02,167.69,267.67,829.58,0.8798,-1,-1,-1
691,60,1115.35,173.45,333.13,903.96,0.9032,-1,-1,-1
691,63,777.43,363.23,92.67,289.10,0.7826,-1,-1,-1
692,2,904.90,308.55,153.34,432.60,0.7947,-1,-1,-1
692,53,438.77,315.06,128.58,482.54,0.7420,-1,-1,-1
692,54,1051.64,280.92,119.29,490.59,0.7501,-1,-1,-1
692,59,1476.24,156.29,281.87,853.30,0.8965,-1,-1,-1
692,60,1116.50,161.25,340.32,918.04,0.8951,-1,-1,-1
692,63,779.40,357.53,93.73,292.78,0.7838,-1,-1,-1
693,2,907.89,303.57,153.55,434.94,0.7913,-1,-1,-1
693,53,445.85,310.63,131.66,487.03,0.6779,-1,-1,-1
693,54,1052.50,274.64,122.31,511.24,0.6055,-1,-1,-1
693,59,1482.06,145.75,298.12,883.92,0.9008,-1,-1,-1
693,60,1117.60,140.52,349.79,936.08,0.8889,-1,-1,-1
693,63,779.74,354.34,93.79,292.84,0.7796,-1,-1,-1
693,64,867.83,371.27,58.74,220.95,0.5334,-1,-1,-1
694,2,907.27,300.05,153.15,436.97,0.8127,-1,-1,-1
694,53,443.18,305.49,133.24,491.49,0.6919,-1,-1,-1
694,54,1053.02,268.48,121.26,517.35,0.5498,-1,-1,-1
694,59,1488.66,138.87,313.18,908.04,0.8983,-1,-1,-1
694,60,1120.34,128.52,358.44,947.96,0.8896,-1,-1,-1
694,63,780.55,352.04,94.11,293.98,0.7483,-1,-1,-1
694,64,867.32,367.94,58.16,218.46,0.5099,-1,-1,-1
695,2,908.46,298.58,151.80,435.81,0.8102,-1,-1,-1
695,53,435.59,299.89,133.22,494.43,0.7973,-1,-1,-1
695,54,1054.21,260.85,140.48,605.39,0.5272,-1,-1,-1
695,59,1498.13,131.35,325.55,920.95,0.8994,-1,-1,-1
695,60,1120.41,114.91,369.35,961.41,0.8795,-1,-1,-1
695,63,780.00,347.43,94.16,295.68,0.7458,-1,-1,-1
695,64,868.69,363.73,59.74,223.95,0.6098,-1,-1,-1
696,2,907.47,299.58,149.80,433.28,0.8454,-1,-1,-1
696,53,431.30,296.73,133.29,497.52,0.8193,-1,-1,-1
696,54,1051.51,253.16,151.14,648.65,0.6176,-1,-1,-1
696,59,1504.18,125.32,338.54,935.79,0.9045,-1,-1,-1
696,60,1121.86,102.09,379.65,974.51,0.8823,-1,-1,-1
696,63,778.02,343.91,94.63,297.44,0.7686,-1,-1,-1
696,64,868.32,363.36,60.96,228.30,0.6270,-1,-1,-1
697,2,909.09,297.24,147.71,431.40,0.8156,-1,-1,-1
697,53,427.11,294.74,133.51,498.78,0.7919,-1,-1,-1
697,54,1046.12,249.34,156.54,673.67,0.6701,-1,-1,-1
697,59,1509.57,116.60,351.60,953.67,0.8911,-1,-1,-1
697,60,1129.23,87.41,390.36,989.29,0.8937,-1,-1,-1
697,63,776.87,338.60,95.46,300.12,0.7629,-1,-1,-1
697,64,867.17,361.86,61.33,229.44,0.6718,-1,-1,-1
698,2,912.78,292.26,148.19,435.24,0.8321,-1,-1,-1
698,53,423.89,287.89,133.30,501.05,0.7801,-1,-1,-1
698,54,1047.62,232.19,163.28,701.41,0.6729,-1,-1,-1
698,59,1516.21,111.00,360.93,959.06,0.9017,-1,-1,-1
698,60,1128.93,71.20,401.29,1005.74,0.9040,-1,-1,-1
698,63,776.32,337.61,95.78,300.44,0.7807,-1,-1,-1
698,64,865.44,358.65,61.46,228.98,0.6886,-1,-1,-1
699,2,917.37,286.75,149.35,438.51,0.8355,-1,-1,-1
699,53,424.15,281.93,134.51,503.79,0.7729,-1,-1,-1
699,54,1046.39,214.17,169.21,728.36,0.6962,-1,-1,-1
699,59,1522.30,99.79,369.94,966.94,0.9050,-1,-1,-1
699,60,1131.75,53.77,412.31,1024.65,0.9052,-1,-1,-1
699,63,775.97,334.89,96.80,301.62,0.7892,-1,-1,-1
699,64,865.39,353.26,61.82,229.59,0.6887,-1,-1,-1
700,2,919.44,283.57,149.65,439.62,0.8452,-1,-1,-1
700,53,420.91,277.11,134.49,505.51,0.7965,-1,-1,-1
700,54,1046.43,199.88,172.02,746.40,0.7593,-1,-1,-1
700,59,1523.64,84.49,380.03,983.05,0.9101,-1,-1,-1
700,60,1139.88,36.11,421.55,1041.34,0.8994,-1,-1,-1
700,63,775.01,332.32,97.94,303.50,0.7657,-1,-1,-1
700,64,865.97,348.25,62.17,231.04,0.6502,-1,-1,-1
701,2,920.81,282.22,148.78,437.40,0.8551,-1,-1,-1
701,53,416.41,272.07,135.34,510.93,0.8243,-1,-1,-1
701,54,1042.11,190.10,170.81,756.08,0.7719,-1,-1,-1
701,59,1526.19,74.46,385.66,991.17,0.9082,-1,-1,-1
701,60,1145.91,23.45,427.98,1052.10,0.8952,-1,-1,-1
701,63,775.53,328.87,98.92,305.18,0.7538,-1,-1,-1
701,64,865.86,345.22,63.04,233.55,0.6725,-1,-1,-1
702,2,919.98,279.59,147.08,434.55,0.8405,-1,-1,-1
702,53,413.65,267.86,136.22,516.28,0.8279,-1,-1,-1
702,54,1044.89,181.05,173.16,766.23,0.8141,-1,-1,-1
702,59,1525.53,64.34,391.18,1000.74,0.9110,-1,-1,-1
702,60,1148.03,11.23,434.20,1062.76,0.8915,-1,-1,-1
702,63,774.84,325.12,99.03,306.09,0.7640,-1,-1,-1
702,64,863.64,339.57,64.81,237.67,0.7017,-1,-1,-1
703,2,918.85,277.13,145.13,432.14,0.8365,-1,-1,-1
703,53,408.41,261.38,137.63,521.93,0.8178,-1,-1,-1
703,54,1044.86,171.35,175.69,775.90,0.8353,-1,-1,-1
703,59,1525.75,51.36,397.31,1016.04,0.9060,-1,-1,-1
703,60,1153.79,2.10,439.18,1071.55,0.8957,-1,-1,-1
703,63,773.60,319.59,100.46,310.53,0.7657,-1,-1,-1
703,64,862.96,333.92,66.94,244.37,0.6811,-1,-1,-1
704,2,915.58,272.12,142.91,431.34,0.8207,-1,-1,-1
704,53,402.08,255.07,138.16,523.67,0.8432,-1,-1,-1
704,54,1047.07,160.68,180.96,785.96,0.8461,-1,-1,-1
704,59,1528.63,38.86,401.02,1029.26,0.9108,-1,-1,-1
704,60,1159.83,-2.60,442.03,1074.91,0.9025,-1,-1,-1
704,63,773.98,314.47,101.62,312.91,0.7670,-1,-1,-1
704,64,862.26,328.99,67.86,247.08,0.6795,-1,-1,-1
705,2,913.25,265.17,140.81,430.89,0.8181,-1,-1,-1
705,53,398.23,250.95,138.60,523.05,0.8589,-1,-1,-1
705,54,1039.29,149.80,185.44,795.77,0.8461,-1,-1,-1
705,59,1532.15,17.52,405.09,1048.16,0.9014,-1,-1,-1
705,60,1164.82,-3.74,443.37,1075.02,0.9049,-1,-1,-1
705,63,773.41,310.31,101.52,314.22,0.7491,-1,-1,-1
705,64,858.76,323.64,68.08,246.29,0.6569,-1,-1,-1
706,2,913.92,259.48,138.63,429.31,0.8049,-1,-1,-1
706,53,393.95,243.86,139.94,527.68,0.8134,-1,-1,-1
706,54,1022.02,138.55,192.36,815.69,0.8300,-1,-1,-1
706,59,1537.18,4.47,406.08,1062.53,0.9177,-1,-1,-1
706,60,1174.88,-3.88,445.40,1075.92,0.9111,-1,-1,-1
706,63,771.07,304.06,101.57,316.44,0.7622,-1,-1,-1
706,64,855.76,318.79,69.32,249.37,0.6819,-1,-1,-1
707,2,914.43,254.96,136.49,426.73,0.7558,-1,-1,-1
707,53,390.19,237.47,140.53,529.01,0.8208,-1,-1,-1
707,54,1007.05,123.89,201.74,847.70,0.8319,-1,-1,-1
707,59,1547.69,-0.41,403.14,1071.73,0.9170,-1,-1,-1
707,60,1187.91,-3.26,448.68,1077.23,0.9136,-1,-1,-1
707,63,771.65,296.73,100.54,316.75,0.7832,-1,-1,-1
707,64,854.93,313.11,69.66,249.22,0.6649,-1,-1,-1
708,2,909.75,243.61,134.92,432.21,0.6972,-1,-1,-1
708,53,388.32,231.60,141.39,530.74,0.7950,-1,-1,-1
708,54,992.42,109.96,210.15,875.71,0.8468,-1,-1,-1
708,59,1561.81,-0.96,396.11,1074.33,0.9075,-1,-1,-1
708,60,1200.07,-2.40,452.04,1074.21,0.9135,-1,-1,-1
708,63,771.42,289.96,100.99,318.23,0.7737,-1,-1,-1
708,64,853.41,306.25,71.60,255.40,0.6080,-1,-1,-1
709,2,907.03,232.72,134.43,435.55,0.5545,-1,-1,-1
709,53,383.22,220.28,144.06,540.72,0.8032,-1,-1,-1
709,54,988.55,98.69,220.44,900.58,0.8608,-1,-1,-1
709,59,1579.14,-0.03,387.49,1078.73,0.8982,-1,-1,-1
709,60,1218.92,-1.67,456.88,1072.91,0.9182,-1,-1,-1
709,63,769.14,282.76,102.41,321.59,0.7602,-1,-1,-1
709,64,852.78,301.34,71.50,254.07,0.5357,-1,-1,-1
710,53,379.34,212.92,144.79,543.21,0.7942,-1,-1,-1
710,54,974.30,87.12,233.39,924.28,0.8828,-1,-1,-1
710,59,1599.44,0.26,375.98,1080.38,0.8971,-1,-1,-1
710,60,1241.58,-0.95,462.58,1070.64,0.9315,-1,-1,-1
710,63,767.65,275.66,103.69,325.39,0.7695,-1,-1,-1
710,64,853.39,297.26,70.70,251.60,0.4969,-1,-1,-1
711,53,375.37,207.04,145.68,546.31,0.8141,-1,-1,-1
711,54,962.36,78.88,245.28,943.50,0.8934,-1,-1,-1
711,59,1625.53,0.89,357.88,1068.31,0.8806,-1,-1,-1
711,60,1271.22,-1.82,473.08,1069.97,0.9216,-1,-1,-1
711,63,769.47,270.34,103.87,328.49,0.7464,-1,-1,-1
711,64,852.34,294.51,71.36,254.61,0.4929,-1,-1,-1
712,53,371.25,202.85,146.63,550.30,0.8205,-1,-1,-1
712,54,950.05,65.72,258.92,969.97,0.9030,-1,-1,-1
712,60,1295.01,0.19,483.20,1070.37,0.9110,-1,-1,-1
712,63,765.94,266.11,105.58,332.17,0.7433,-1,-1,-1
712,64,851.57,292.79,70.67,253.41,0.5976,-1,-1,-1
712,46,1711.73,4.10,229.75,886.56,0.7733,-1,-1,-1
713,53,366.56,196.75,148.00,555.67,0.8164,-1,-1,-1
713,54,938.18,53.14,272.55,1000.07,0.8966,-1,-1,-1
713,60,1321.91,2.00,494.41,1069.09,0.9159,-1,-1,-1
713,63,763.73,261.18,107.88,336.45,0.7594,-1,-1,-1
713,64,851.79,285.95,72.38,259.55,0.5330,-1,-1,-1
713,46,1742.24,0.83,204.83,855.18,0.5930,-1,-1,-1
714,53,363.64,193.09,148.74,558.45,0.8265,-1,-1,-1
714,54,925.36,43.00,282.57,1020.15,0.8874,-1,-1,-1
714,60,1345.77,1.47,506.87,1068.46,0.9254,-1,-1,-1
714,63,761.08,258.01,109.52,338.98,0.7818,-1,-1,-1
714,64,851.46,283.77,72.49,261.63,0.5899,-1,-1,-1
715,53,361.31,190.67,149.81,559.96,0.8248,-1,-1,-1
715,54,911.97,35.24,290.43,1034.35,0.8909,-1,-1,-1
715,60,1348.29,-0.55,518.81,1067.79,0.9283,-1,-1,-1
715,63,761.91,255.25,111.14,340.35,0.7666,-1,-1,-1
715,64,846.46,280.16,72.05,265.27,0.4192,-1,-1,-1
716,53,357.14,188.32,150.93,564.04,0.8275,-1,-1,-1
716,54,896.17,16.51,298.97,1053.83,0.8965,-1,-1,-1
716,60,1339.34,-1.21,531.93,1069.32,0.9285,-1,-1,-1
716,63,761.08,253.12,112.09,340.99,0.7612,-1,-1,-1
716,64,841.38,274.87,71.13,268.76,0.3657,-1,-1,-1
716,65,1238.78,317.18,57.24,206.85,0.5870,-1,-1,-1
717,53,354.55,187.64,152.01,564.57,0.8039,-1,-1,-1
717,54,879.92,3.97,308.44,1074.24,0.9083,-1,-1,-1
717,60,1329.21,-1.35,543.62,1068.83,0.9286,-1,-1,-1
717,63,760.46,248.74,114.80,345.64,0.8056,-1,-1,-1
717,65,1241.33,311.95,58.46,211.08,0.5068,-1,-1,-1
718,53,350.67,182.53,154.50,570.87,0.8185,-1,-1,-1
718,54,863.59,5.56,311.64,1073.70,0.9026,-1,-1,-1
718,60,1320.54,-0.45,555.02,1069.70,0.9181,-1,-1,-1
718,63,756.36,244.99,116.12,350.35,0.8086,-1,-1,-1
718,65,1242.45,308.25,59.61,214.25,0.5917,-1,-1,-1
719,53,346.31,179.30,156.13,575.61,0.8280,-1,-1,-1
719,54,842.04,0.41,316.14,1075.55,0.8994,-1,-1,-1
719,60,1315.04,0.13,565.09,1070.61,0.9180,-1,-1,-1
719,63,750.85,240.88,116.27,354.58,0.7686,-1,-1,-1
719,65,1246.59,310.59,59.10,210.49,0.5577,-1,-1,-1
720,53,342.43,178.09,157.28,579.77,0.8485,-1,-1,-1
720,54,818.22,-1.48,320.95,1076.97,0.8881,-1,-1,-1
720,60,1316.50,1.08,568.61,1061.58,0.9173,-1,-1,-1
720,63,745.68,239.70,113.45,355.27,0.6816,-1,-1,-1
720,65,1249.50,306.52,60.90,214.49,0.6397,-1,-1,-1
721,53,338.42,173.93,159.20,586.81,0.8474,-1,-1,-1
721,54,793.57,-2.17,326.35,1082.00,0.9126,-1,-1,-1
721,60,1320.14,1.48,574.49,1062.70,0.8841,-1,-1,-1
721,65,1249.77,302.75,62.19,216.32,0.6067,-1,-1,-1
721,66,1097.61,164.88,119.33,518.40,0.7446,-1,-1,-1
722,53,333.46,169.37,161.19,593.52,0.8438,-1,-1,-1
722,54,772.28,-2.07,330.53,1081.87,0.9107,-1,-1,-1
722,60,1324.26,1.27,578.52,1063.59,0.9198,-1,-1,-1
722,65,1247.71,295.91,64.18,222.98,0.4933,-1,-1,-1
722,66,1098.37,162.59,119.98,519.45,0.7898,-1,-1,-1
723,53,328.69,166.41,162.57,597.34,0.8462,-1,-1,-1
723,54,749.07,-1.80,334.71,1081.93,0.9035,-1,-1,-1
723,60,1327.49,1.38,580.98,1063.59,0.9027,-1,-1,-1
723,65,1249.13,306.73,61.66,213.10,0.5249,-1,-1,-1
723,66,1095.65,161.92,118.95,511.90,0.8312,-1,-1,-1
723,67,1301.60,111.24,173.67,546.32,0.7294,-1,-1,-1
724,53,323.68,162.99,163.84,601.27,0.8365,-1,-1,-1
724,54,728.45,-1.56,338.99,1077.06,0.9060,-1,-1,-1
724,60,1331.25,3.52,581.91,1062.80,0.9019,-1,-1,-1
724,65,1250.23,296.04,67.57,230.17,0.1713,-1,-1,-1
724,66,1093.85,159.35,119.47,508.99,0.8439,-1,-1,-1
724,67,1270.79,108.27,195.36,614.50,0.7753,-1,-1,-1
725,53,317.90,158.48,165.23,605.69,0.8385,-1,-1,-1
725,54,696.74,-0.19,344.42,1075.67,0.9040,-1,-1,-1
725,60,1336.37,5.71,581.97,1063.09,0.8823,-1,-1,-1
725,66,1090.98,157.94,120.52,507.37,0.8369,-1,-1,-1
725,67,1246.95,102.60,209.47,658.44,0.8577,-1,-1,-1
726,53,311.91,152.98,166.32,608.99,0.8182,-1,-1,-1
726,54,666.49,0.71,350.26,1075.52,0.9086,-1,-1,-1
726,60,1345.07,6.87,579.78,1061.21,0.8124,-1,-1,-1
726,66,1090.14,154.93,122.70,507.92,0.8426,-1,-1,-1
726,67,1226.93,104.68,222.96,698.93,0.8564,-1,-1,-1
727,53,301.60,148.01,168.18,614.04,0.8199,-1,-1,-1
727,54,638.09,2.02,355.86,1074.19,0.9053,-1,-1,-1
727,60,1363.72,4.54,575.84,1063.37,0.8126,-1,-1,-1
727,66,1087.07,152.10,125.73,510.71,0.8544,-1,-1,-1
727,67,1211.34,104.75,228.48,708.94,0.8693,-1,-1,-1
728,53,292.29,142.57,169.51,619.37,0.8495,-1,-1,-1
728,54,606.51,2.47,363.76,1074.85,0.9091,-1,-1,-1
728,60,1425.48,5.42,553.15,1052.35,0.7385,-1,-1,-1
728,66,1078.47,148.51,126.85,510.51,0.6678,-1,-1,-1
728,67,1190.67,101.85,234.90,714.80,0.8591,-1,-1,-1
728,2,935.18,181.42,133.51,443.94,0.7890,-1,-1,-1
729,53,281.58,132.50,171.32,627.21,0.8670,-1,-1,-1
729,54,567.86,0.90,372.48,1075.27,0.9076,-1,-1,-1
729,60,1514.46,22.28,516.43,1038.40,0.6986,-1,-1,-1
729,66,1068.61,146.56,126.61,508.84,0.7568,-1,-1,-1
729,67,1172.15,95.40,242.63,719.61,0.8773,-1,-1,-1
729,2,934.59,183.49,130.27,439.47,0.8449,-1,-1,-1
730,53,270.55,126.38,172.40,630.99,0.8435,-1,-1,-1
730,54,524.00,0.48,382.67,1076.17,0.9227,-1,-1,-1
730,66,1060.71,142.78,128.04,512.36,0.8081,-1,-1,-1
730,67,1160.21,94.09,248.90,717.29,0.9000,-1,-1,-1
730,2,929.18,183.38,132.25,437.97,0.8500,-1,-1,-1
731,53,256.76,121.27,173.88,636.90,0.8305,-1,-1,-1
731,54,478.13,1.61,392.21,1074.81,0.9070,-1,-1,-1
731,66,1053.65,140.24,128.77,514.26,0.7969,-1,-1,-1
731,67,1152.44,93.54,255.38,716.60,0.8963,-1,-1,-1
731,2,920.30,182.49,134.28,438.87,0.8388,-1,-1,-1
732,53,240.81,111.71,174.92,647.62,0.8457,-1,-1,-1
732,54,428.10,2.40,402.81,1069.47,0.9132,-1,-1,-1
732,66,1048.95,138.54,128.58,514.74,0.8126,-1,-1,-1
732,67,1137.53,90.97,264.60,719.25,0.8787,-1,-1,-1
732,2,915.05,182.55,136.93,438.31,0.8396,-1,-1,-1
733,54,353.23,2.84,420.84,1066.80,0.9026,-1,-1,-1
733,66,1043.41,135.39,127.66,514.13,0.8049,-1,-1,-1
733,67,1127.03,81.81,273.27,726.28,0.8631,-1,-1,-1
733,2,911.63,180.48,140.36,437.78,0.8548,-1,-1,-1
734,54,301.59,4.54,435.10,1063.32,0.9264,-1,-1,-1
734,66,1037.79,135.67,126.94,514.85,0.8039,-1,-1,-1
734,67,1108.71,80.18,282.84,737.25,0.8614,-1,-1,-1
734,2,902.44,181.63,140.51,435.96,0.8418,-1,-1,-1
735,54,248.18,3.93,452.09,1062.66,0.9090,-1,-1,-1
735,66,1029.71,136.88,126.63,518.82,0.7599,-1,-1,-1
735,67,1086.57,80.84,290.11,744.46,0.8627,-1,-1,-1
735,2,894.54,181.87,138.55,428.21,0.8574,-1,-1,-1
735,63,733.03,208.53,124.05,401.28,0.6854,-1,-1,-1
736,54,169.48,2.48,475.41,1065.19,0.8625,-1,-1,-1
736,66,1019.58,135.52,125.93,523.93,0.6483,-1,-1,-1
736,67,1064.78,77.52,290.09,736.66,0.8803,-1,-1,-1
736,2,888.03,181.38,138.47,428.25,0.8480,-1,-1,-1
736,63,719.23,188.58,127.05,408.40,0.6396,-1,-1,-1
737,54,107.77,3.71,495.44,1062.63,0.9244,-1,-1,-1
737,66,1006.78,137.90,123.91,524.42,0.6673,-1,-1,-1
737,67,1045.81,72.98,288.05,733.55,0.8519,-1,-1,-1
737,2,880.00,179.75,138.07,428.32,0.8369,-1,-1,-1
737,63,694.16,180.26,135.29,422.15,0.7136,-1,-1,-1
738,54,77.55,4.11,512.17,1059.83,0.9043,-1,-1,-1
738,66,993.95,141.01,119.72,519.58,0.4707,-1,-1,-1
738,67,1014.36,69.05,287.76,740.01,0.8716,-1,-1,-1
738,2,866.78,177.13,138.52,430.87,0.8224,-1,-1,-1
738,63,666.12,172.81,141.44,433.85,0.7849,-1,-1,-1
739,54,55.01,3.36,523.86,1055.70,0.9128,-1,-1,-1
739,67,981.67,68.71,281.41,738.38,0.8283,-1,-1,-1
739,2,847.78,176.43,139.23,433.95,0.8442,-1,-1,-1
739,63,642.65,166.97,147.78,443.36,0.8124,-1,-1,-1
740,54,29.26,5.13,529.61,1052.68,0.9056,-1,-1,-1
740,67,947.43,66.67,274.31,738.81,0.8287,-1,-1,-1
740,2,832.60,176.59,139.36,432.09,0.8412,-1,-1,-1
740,63,623.31,163.72,152.83,456.17,0.8232,-1,-1,-1
741,54,1.80,4.50,532.82,1057.07,0.8885,-1,-1,-1
741,67,919.31,66.92,272.54,753.76,0.8713,-1,-1,-1
741,2,821.27,177.39,139.53,431.86,0.8178,-1,-1,-1
741,63,606.02,161.53,156.10,460.81,0.8470,-1,-1,-1
742,54,-34.81,4.12,526.68,1061.35,0.8361,-1,-1,-1
742,67,894.07,66.56,269.73,762.14,0.8391,-1,-1,-1
742,2,809.59,177.36,140.46,434.95,0.8407,-1,-1,-1
742,63,589.51,157.70,159.33,465.75,0.8486,-1,-1,-1
743,54,-85.78,7.93,500.16,1051.00,0.7069,-1,-1,-1
743,67,873.65,66.88,266.68,765.27,0.8161,-1,-1,-1
743,2,799.01,179.79,141.05,436.72,0.8273,-1,-1,-1
743,63,576.16,157.61,160.93,470.14,0.8280,-1,-1,-1
744,67,839.97,64.62,264.67,766.70,0.8344,-1,-1,-1
744,2,783.42,180.03,140.67,433.23,0.8212,-1,-1,-1
744,63,558.70,156.69,164.17,477.99,0.8404,-1,-1,-1
745,67,808.53,61.42,264.84,765.43,0.7784,-1,-1,-1
745,2,766.89,181.01,139.56,431.02,0.7264,-1,-1,-1
745,63,542.11,154.57,168.62,487.45,0.8413,-1,-1,-1
745,70,1068.96,230.02,97.66,305.14,0.7483,-1,-1,-1
745,54,-96.73,43.11,375.23,831.72,0.8732,-1,-1,-1
746,67,763.97,56.25,274.76,780.01,0.8056,-1,-1,-1
746,2,751.53,181.63,136.82,425.32,0.7470,-1,-1,-1
746,63,524.97,152.62,173.08,495.47,0.8398,-1,-1,-1
746,70,1056.28,225.04,99.71,311.46,0.7225,-1,-1,-1
746,54,-92.65,52.53,331.41,777.70,0.8566,-1,-1,-1
747,67,729.99,45.90,285.94,790.84,0.8325,-1,-1,-1
747,2,732.88,183.01,129.18,404.55,0.6151,-1,-1,-1
747,63,505.24,151.43,176.54,501.91,0.8304,-1,-1,-1
747,70,1048.97,222.82,100.78,315.54,0.7046,-1,-1,-1
747,54,-93.62,54.44,307.10,765.90,0.8305,-1,-1,-1
748,67,698.75,47.87,294.75,790.10,0.8793,-1,-1,-1
748,2,713.20,174.25,128.13,407.98,0.5249,-1,-1,-1
748,63,488.98,149.27,179.44,506.53,0.8524,-1,-1,-1
748,70,1039.94,219.68,102.51,322.02,0.7129,-1,-1,-1
748,54,-93.80,61.34,286.21,761.22,0.8120,-1,-1,-1
749,67,688.59,47.64,300.50,790.85,0.8157,-1,-1,-1
749,2,696.11,184.19,115.54,374.82,0.3419,-1,-1,-1
749,63,472.59,147.92,184.39,516.12,0.8423,-1,-1,-1
749,70,1030.96,219.81,102.41,323.19,0.6749,-1,-1,-1
749,54,-85.72,95.22,254.98,722.63,0.7608,-1,-1,-1
750,67,669.15,51.90,307.70,792.59,0.8591,-1,-1,-1
750,63,457.54,147.39,187.84,522.02,0.7510,-1,-1,-1
750,70,1025.97,224.08,101.27,320.75,0.7402,-1,-1,-1
750,54,-75.30,160.37,217.04,656.56,0.7269,-1,-1,-1
751,67,650.08,51.91,317.57,801.65,0.8737,-1,-1,-1
751,63,441.15,148.29,194.59,538.21,0.8015,-1,-1,-1
751,70,1024.17,226.31,100.85,321.64,0.7152,-1,-1,-1
751,72,980.12,240.64,82.58,321.36,0.6527,-1,-1,-1
751,66,880.53,138.94,116.61,512.55,0.6956,-1,-1,-1
752,67,630.73,52.99,324.71,808.43,0.8716,-1,-1,-1
752,63,428.56,144.39,199.11,549.86,0.8283,-1,-1,-1
752,70,1022.72,227.51,100.45,322.46,0.7483,-1,-1,-1
752,72,973.94,243.92,83.68,324.26,0.6889,-1,-1,-1
752,66,870.06,140.09,118.13,518.47,0.7588,-1,-1,-1
753,67,613.15,48.46,331.66,819.08,0.8886,-1,-1,-1
753,63,417.18,139.85,203.69,559.02,0.8387,-1,-1,-1
753,70,1024.44,229.27,98.77,319.06,0.7371,-1,-1,-1
753,72,974.18,249.28,84.81,325.50,0.7033,-1,-1,-1
753,66,862.13,143.70,119.61,522.76,0.7679,-1,-1,-1
754,67,595.96,47.51,335.23,826.76,0.8870,-1,-1,-1
754,63,405.00,136.61,208.26,565.26,0.8193,-1,-1,-1
754,70,1024.07,231.31,99.56,323.30,0.7433,-1,-1,-1
754,72,972.03,251.87,86.37,327.42,0.6713,-1,-1,-1
754,66,856.25,147.69,120.76,525.68,0.7952,-1,-1,-1
755,67,575.70,44.65,339.39,836.31,0.8894,-1,-1,-1
755,63,396.90,134.23,211.34,570.25,0.8488,-1,-1,-1
755,70,1026.21,230.93,99.90,325.74,0.7177,-1,-1,-1
755,72,971.10,252.14,88.38,330.01,0.6923,-1,-1,-1
755,66,851.07,149.33,122.71,529.83,0.7995,-1,-1,-1
755,73,1826.27,312.92,92.13,391.43,0.5035,-1,-1,-1
756,67,544.05,40.57,343.46,848.29,0.8892,-1,-1,-1
756,63,385.46,132.23,215.77,581.08,0.8420,-1,-1,-1
756,70,1028.12,230.31,101.40,330.38,0.7037,-1,-1,-1
756,72,968.26,252.38,90.48,332.72,0.6800,-1,-1,-1
756,66,849.15,152.79,123.59,526.38,0.8010,-1,-1,-1
756,73,1826.40,306.45,88.41,374.62,0.2990,-1,-1,-1
757,67,507.37,35.34,347.49,860.73,0.8795,-1,-1,-1
757,63,371.57,133.56,214.59,582.24,0.8539,-1,-1,-1
757,70,1029.89,230.27,102.71,333.27,0.7001,-1,-1,-1
757,72,966.14,252.48,93.10,337.29,0.7569,-1,-1,-1
757,66,846.61,156.79,125.23,523.90,0.8020,-1,-1,-1
757,73,1821.31,302.47,94.32,398.90,0.3699,-1,-1,-1
758,67,471.92,35.07,350.03,868.82,0.8792,-1,-1,-1
758,63,364.61,130.23,215.44,588.09,0.7723,-1,-1,-1
758,70,1037.52,229.06,104.17,334.64,0.7043,-1,-1,-1
758,72,969.49,251.51,96.55,342.48,0.7990,-1,-1,-1
758,66,846.47,162.04,126.15,522.53,0.8243,-1,-1,-1
758,73,1820.58,304.67,92.80,390.25,0.2965,-1,-1,-1
759,67,446.10,33.58,351.22,879.59,0.8466,-1,-1,-1
759,63,361.25,131.88,216.74,595.53,0.7959,-1,-1,-1
759,70,1041.90,229.73,107.27,343.99,0.7293,-1,-1,-1
759,72,971.11,254.25,98.50,343.60,0.8126,-1,-1,-1
759,66,845.24,166.72,127.24,523.64,0.8312,-1,-1,-1
759,73,1824.62,322.18,84.42,350.08,0.1977,-1,-1,-1
760,67,424.85,38.54,347.16,883.06,0.7885,-1,-1,-1
760,63,358.25,130.36,219.56,608.16,0.7835,-1,-1,-1
760,70,1045.49,228.98,110.91,357.92,0.7451,-1,-1,-1
760,72,973.98,255.57,100.92,347.22,0.8080,-1,-1,-1
760,66,844.04,169.67,128.19,524.63,0.8297,-1,-1,-1
760,73,1822.84,321.24,92.62,383.64,0.2989,-1,-1,-1
761,67,400.30,40.93,347.75,891.65,0.7624,-1,-1,-1
761,63,356.51,131.77,218.23,610.28,0.7329,-1,-1,-1
761,70,1050.36,229.04,111.65,362.97,0.7626,-1,-1,-1
761,72,977.66,256.84,103.10,349.74,0.8296,-1,-1,-1
761,66,844.65,171.93,129.09,527.03,0.8355,-1,-1,-1
761,73,1827.49,337.63,88.57,365.27,0.2449,-1,-1,-1
761,75,708.40,201.17,143.20,452.02,0.8251,-1,-1,-1
762,67,382.51,39.75,349.80,900.12,0.7495,-1,-1,-1
762,63,350.28,134.15,217.28,613.38,0.7186,-1,-1,-1
762,70,1054.80,229.95,110.86,364.33,0.7787,-1,-1,-1
762,72,980.20,252.80,106.96,356.50,0.8052,-1,-1,-1
762,66,844.64,173.40,129.74,528.27,0.8350,-1,-1,-1
762,73,1828.94,349.61,87.58,359.65,0.3064,-1,-1,-1
762,75,709.91,202.09,139.59,440.35,0.8179,-1,-1,-1
763,67,359.30,38.26,354.08,909.47,0.6403,-1,-1,-1
763,63,335.88,137.35,214.61,613.19,0.7552,-1,-1,-1
763,70,1059.95,230.64,111.21,366.97,0.7904,-1,-1,-1
763,72,985.09,251.35,110.44,360.29,0.8006,-1,-1,-1
763,66,846.69,173.59,129.55,526.11,0.8248,-1,-1,-1
763,73,1813.50,342.19,91.07,361.51,0.1581,-1,-1,-1
763,75,709.81,203.52,142.07,447.51,0.8339,-1,-1,-1
764,67,339.17,38.00,359.97,917.01,0.8509,-1,-1,-1
764,63,319.24,124.14,219.21,634.93,0.5569,-1,-1,-1
764,70,1064.43,229.68,111.83,372.63,0.7761,-1,-1,-1
764,72,989.95,250.05,114.00,364.15,0.8012,-1,-1,-1
764,66,848.13,173.25,130.86,529.45,0.8134,-1,-1,-1
764,73,1811.77,341.05,91.67,353.76,0.1978,-1,-1,-1
764,75,712.73,205.53,143.13,450.48,0.8353,-1,-1,-1
765,67,329.72,36.81,366.06,924.82,0.8615,-1,-1,-1
765,70,1070.75,228.90,111.56,374.98,0.7164,-1,-1,-1
765,72,994.20,250.80,117.67,368.40,0.7742,-1,-1,-1
765,66,852.56,170.47,130.78,523.56,0.8032,-1,-1,-1
765,73,1813.43,339.91,94.65,359.94,0.2325,-1,-1,-1
765,75,715.37,207.68,142.92,449.34,0.8440,-1,-1,-1
766,67,318.75,34.86,371.96,928.80,0.9033,-1,-1,-1
766,70,1076.16,229.38,111.78,378.65,0.6850,-1,-1,-1
766,72,995.18,250.28,121.71,373.83,0.7988,-1,-1,-1
766,66,856.83,168.35,129.85,516.18,0.8125,-1,-1,-1
766,73,1815.50,344.35,97.68,369.42,0.1632,-1,-1,-1
766,75,717.92,210.04,142.08,446.27,0.8416,-1,-1,-1
767,67,305.88,32.80,379.39,934.99,0.9007,-1,-1,-1
767,70,1085.55,227.11,114.55,386.59,0.7386,-1,-1,-1
767,72,995.32,250.40,126.96,378.88,0.8226,-1,-1,-1
767,66,858.36,164.92,130.39,514.04,0.8093,-1,-1,-1
767,75,719.59,210.85,141.09,442.63,0.8456,-1,-1,-1
767,76,638.39,272.68,91.21,341.51,0.7334,-1,-1,-1
768,67,290.69,31.49,387.02,940.26,0.9039,-1,-1,-1
768,70,1089.93,226.14,116.72,391.10,0.7687,-1,-1,-1
768,72,997.84,251.47,131.91,380.53,0.8122,-1,-1,-1
768,66,859.23,161.22,131.32,515.06,0.8117,-1,-1,-1
768,75,720.80,208.93,140.53,441.18,0.8233,-1,-1,-1
768,76,638.21,269.54,91.37,341.11,0.7525,-1,-1,-1
769,67,271.32,30.76,396.18,948.62,0.9094,-1,-1,-1
769,70,1090.15,226.30,117.43,395.26,0.7572,-1,-1,-1
769,72,998.59,251.88,138.12,384.84,0.8255,-1,-1,-1
769,66,858.29,158.91,133.06,517.34,0.8253,-1,-1,-1
769,75,721.20,208.07,139.84,439.76,0.8091,-1,-1,-1
769,76,636.49,266.27,93.14,346.40,0.7796,-1,-1,-1
770,67,248.50,26.77,406.57,960.55,0.8976,-1,-1,-1
770,70,1089.70,224.56,117.65,401.83,0.7136,-1,-1,-1
770,72,997.91,251.03,144.00,389.32,0.8337,-1,-1,-1
770,66,857.70,156.35,135.05,519.62,0.8248,-1,-1,-1
770,75,722.08,206.17,139.21,439.21,0.8267,-1,-1,-1
770,76,635.28,264.91,93.26,345.04,0.7876,-1,-1,-1
771,67,221.42,16.41,418.60,980.62,0.8926,-1,-1,-1
771,70,1091.12,221.16,117.66,408.26,0.7146,-1,-1,-1
771,72,995.36,246.39,150.08,395.59,0.8277,-1,-1,-1
771,66,854.47,153.72,136.98,520.25,0.8571,-1,-1,-1
771,75,719.19,199.61,139.77,442.84,0.8492,-1,-1,-1
771,76,633.43,256.82,94.42,347.06,0.7396,-1,-1,-1
772,67,197.07,10.90,423.64,984.12,0.8889,-1,-1,-1
772,70,1091.05,219.16,117.48,412.05,0.7856,-1,-1,-1
772,72,987.96,244.48,156.21,402.02,0.8342,-1,-1,-1
772,66,850.85,152.74,138.90,522.82,0.8599,-1,-1,-1
772,75,719.66,200.87,138.41,440.43,0.8349,-1,-1,-1
772,76,628.46,257.25,96.44,350.98,0.7898,-1,-1,-1
773,67,174.03,9.99,414.89,956.75,0.8627,-1,-1,-1
773,70,1090.40,215.33,118.40,418.07,0.7978,-1,-1,-1
773,72,982.22,241.36,161.98,408.05,0.8423,-1,-1,-1
773,66,846.01,153.54,139.56,523.59,0.8635,-1,-1,-1
773,75,717.16,199.68,137.08,439.53,0.8333,-1,-1,-1
773,76,624.01,257.51,97.50,351.62,0.8120,-1,-1,-1
774,67,145.52,5.85,409.94,948.14,0.8763,-1,-1,-1
774,70,1091.07,212.50,118.83,420.69,0.7753,-1,-1,-1
774,72,978.16,236.24,166.97,413.02,0.8588,-1,-1,-1
774,66,839.90,151.52,140.94,528.21,0.8136,-1,-1,-1
774,75,712.33,194.05,136.63,440.93,0.8313,-1,-1,-1
774,76,619.37,255.80,98.04,349.79,0.7972,-1,-1,-1
774,77,428.06,66.75,199.80,751.95,0.5839,-1,-1,-1
775,67,116.28,3.25,406.36,951.17,0.8709,-1,-1,-1
775,70,1088.47,208.15,120.02,424.22,0.7980,-1,-1,-1
775,72,974.40,230.64,171.06,416.05,0.8609,-1,-1,-1
775,66,830.02,151.85,139.60,526.56,0.7832,-1,-1,-1
775,75,708.27,190.06,136.98,443.54,0.8175,-1,-1,-1
775,76,614.26,250.59,101.04,357.35,0.7792,-1,-1,-1
775,77,412.16,57.60,205.14,770.98,0.7691,-1,-1,-1
776,67,88.21,0.85,404.68,961.59,0.8844,-1,-1,-1
776,70,1086.93,203.01,121.46,429.23,0.8109,-1,-1,-1
776,72,968.95,225.81,175.04,420.52,0.8484,-1,-1,-1
776,66,821.08,151.41,139.99,528.47,0.7803,-1,-1,-1
776,75,701.63,188.70,137.00,443.69,0.8011,-1,-1,-1
776,76,607.33,247.76,102.53,359.69,0.7791,-1,-1,-1
776,77,397.33,47.99,208.91,781.65,0.7167,-1,-1,-1
777,67,67.53,0.72,398.54,961.12,0.8973,-1,-1,-1
777,70,1087.07,199.07,123.44,433.79,0.8340,-1,-1,-1
777,72,963.00,222.29,178.18,425.21,0.8350,-1,-1,-1
777,66,815.49,151.89,140.30,528.85,0.8012,-1,-1,-1
777,75,694.40,190.70,136.79,442.45,0.7900,-1,-1,-1
777,76,598.13,245.90,104.85,365.83,0.7136,-1,-1,-1
777,77,376.17,41.42,215.21,798.41,0.7781,-1,-1,-1
778,67,44.15,1.70,397.34,975.83,0.8957,-1,-1,-1
778,70,1086.22,192.81,126.09,442.02,0.8308,-1,-1,-1
778,72,956.71,219.90,179.97,428.46,0.8405,-1,-1,-1
778,66,812.61,152.53,140.27,528.64,0.8063,-1,-1,-1
778,75,684.03,190.37,138.12,447.17,0.7416,-1,-1,-1
778,76,590.74,245.39,104.70,363.95,0.7241,-1,-1,-1
778,77,359.66,36.42,225.32,826.66,0.8288,-1,-1,-1
779,67,18.48,1.21,398.51,997.08,0.8965,-1,-1,-1
779,70,1082.60,193.31,126.11,442.57,0.8096,-1,-1,-1
779,72,952.04,216.14,181.68,434.76,0.8367,-1,-1,-1
779,66,804.86,154.31,139.79,524.39,0.7424,-1,-1,-1
779,75,675.64,190.85,136.71,441.94,0.7598,-1,-1,-1
779,76,580.44,243.71,106.46,366.25,0.7650,-1,-1,-1
779,77,348.68,31.59,235.17,855.67,0.8166,-1,-1,-1
780,67,-5.30,0.73,393.31,1000.61,0.9101,-1,-1,-1
780,70,1078.68,192.48,127.76,448.06,0.8101,-1,-1,-1
780,72,946.79,213.86,181.99,438.57,0.8449,-1,-1,-1
780,66,795.21,154.54,141.51,529.11,0.8079,-1,-1,-1
780,75,666.46,189.44,138.75,448.00,0.7399,-1,-1,-1
780,76,572.52,242.95,106.22,362.69,0.6802,-1,-1,-1
780,77,335.56,26.34,244.12,881.71,0.8464,-1,-1,-1
781,67,-28.51,2.43,389.31,1006.54,0.9110,-1,-1,-1
781,70,1078.12,191.35,130.32,454.54,0.8180,-1,-1,-1
781,72,943.27,212.40,182.78,445.59,0.8393,-1,-1,-1
781,66,791.32,153.26,142.11,531.56,0.8177,-1,-1,-1
781,75,668.85,189.61,136.91,447.52,0.6140,-1,-1,-1
781,76,566.68,242.34,105.48,360.50,0.6032,-1,-1,-1
781,77,325.32,19.99,250.06,893.05,0.8435,-1,-1,-1
782,67,-41.80,3.80,381.41,1006.79,0.9090,-1,-1,-1
782,70,1078.85,189.59,133.26,459.10,0.8124,-1,-1,-1
782,72,940.72,209.78,183.96,453.93,0.8712,-1,-1,-1
782,66,788.02,156.10,141.55,527.53,0.8169,-1,-1,-1
782,75,669.22,190.48,135.48,445.90,0.6773,-1,-1,-1
782,76,556.05,241.71,110.11,377.48,0.6248,-1,-1,-1
782,77,309.28,11.65,259.99,913.10,0.8664,-1,-1,-1
783,67,-52.52,3.30,373.52,1012.78,0.9017,-1,-1,-1
783,70,1077.98,189.68,135.48,460.67,0.8294,-1,-1,-1
783,72,939.25,209.00,184.55,460.78,0.8781,-1,-1,-1
783,66,782.90,156.12,142.03,524.66,0.8087,-1,-1,-1
783,75,668.03,194.17,133.97,444.43,0.6679,-1,-1,-1
783,76,543.58,241.70,112.78,383.66,0.6260,-1,-1,-1
783,77,284.02,2.67,273.72,939.38,0.8585,-1,-1,-1
784,67,-58.51,4.61,362.87,1013.91,0.9015,-1,-1,-1
784,70,1076.65,189.44,138.98,466.65,0.8240,-1,-1,-1
784,72,938.22,207.07,185.10,467.57,0.8679,-1,-1,-1
784,66,781.83,155.34,141.59,523.92,0.7934,-1,-1,-1
784,75,669.83,196.08,131.93,442.45,0.7079,-1,-1,-1
784,76,540.22,241.43,113.34,386.86,0.5874,-1,-1,-1
784,77,265.47,-0.40,286.88,963.58,0.8618,-1,-1,-1
785,67,-62.84,7.21,351.81,1016.88,0.8981,-1,-1,-1
785,70,1076.75,186.32,143.06,476.13,0.8281,-1,-1,-1
785,72,937.32,205.60,185.05,472.15,0.8451,-1,-1,-1
785,66,781.23,150.70,141.78,526.55,0.7901,-1,-1,-1
785,75,672.39,195.91,129.91,441.22,0.7289,-1,-1,-1
785,76,537.01,238.77,114.60,389.61,0.6673,-1,-1,-1
785,77,246.77,-0.81,296.35,978.71,0.8931,-1,-1,-1
786,67,-64.53,7.84,339.93,1018.46,0.8743,-1,-1,-1
786,70,1077.34,182.11,147.61,487.12,0.8265,-1,-1,-1
786,72,937.32,203.36,186.86,482.18,0.8299,-1,-1,-1
786,66,782.21,148.02,141.25,524.93,0.8158,-1,-1,-1
786,75,673.64,196.24,128.32,440.63,0.7289,-1,-1,-1
786,76,516.90,233.90,117.75,395.74,0.6942,-1,-1,-1
786,77,231.55,-1.70,304.55,990.33,0.8784,-1,-1,-1
787,67,-64.64,26.93,322.24,1002.77,0.8780,-1,-1,-1
787,70,1081.25,178.23,151.29,495.09,0.8363,-1,-1,-1
787,72,938.87,204.79,187.70,488.64,0.8344,-1,-1,-1
787,66,785.44,145.14,140.99,526.22,0.8248,-1,-1,-1
787,75,674.58,194.98,127.10,441.15,0.7787,-1,-1,-1
787,76,520.31,234.31,116.76,393.26,0.6558,-1,-1,-1
787,77,219.82,-2.22,312.77,1001.31,0.8835,-1,-1,-1
787,78,617.28,248.56,91.74,367.35,0.6549,-1,-1,-1
788,67,-63.40,48.50,304.99,987.07,0.8716,-1,-1,-1
788,70,1085.15,178.09,154.57,501.57,0.8461,-1,-1,-1
788,72,941.94,207.40,188.21,492.41,0.8562,-1,-1,-1
788,66,788.47,145.76,140.12,524.35,0.8244,-1,-1,-1
788,75,675.03,192.06,125.90,441.56,0.7532,-1,-1,-1
788,76,516.22,234.57,117.16,397.52,0.6462,-1,-1,-1
788,77,206.50,-1.65,318.55,1004.34,0.8982,-1,-1,-1
788,78,612.70,250.56,92.58,370.07,0.7317,-1,-1,-1
789,67,-60.47,74.83,288.95,972.48,0.8653,-1,-1,-1
789,70,1083.18,174.03,157.74,510.41,0.8341,-1,-1,-1
789,72,940.75,209.75,190.56,498.32,0.8386,-1,-1,-1
789,66,789.74,150.11,138.28,519.33,0.8368,-1,-1,-1
789,75,677.85,193.04,126.95,446.90,0.7680,-1,-1,-1
789,76,510.69,233.47,116.77,401.92,0.6089,-1,-1,-1
789,77,192.97,-1.97,326.10,1013.73,0.9007,-1,-1,-1
789,78,609.43,248.09,95.22,379.57,0.7483,-1,-1,-1
790,67,-61.11,93.42,274.28,964.13,0.8349,-1,-1,-1
790,70,1084.59,170.55,159.98,515.80,0.8420,-1,-1,-1
790,72,940.08,203.98,196.21,508.83,0.7913,-1,-1,-1
790,66,791.71,150.14,137.93,519.20,0.8472,-1,-1,-1
790,75,683.68,188.30,126.82,448.61,0.7496,-1,-1,-1
790,76,509.27,232.30,115.45,402.05,0.5648,-1,-1,-1
790,77,183.60,-1.95,334.65,1025.05,0.8938,-1,-1,-1
790,78,609.51,248.50,96.80,384.39,0.7294,-1,-1,-1
791,67,-61.92,103.88,260.28,958.64,0.8023,-1,-1,-1
791,70,1092.70,168.74,162.16,519.19,0.7855,-1,-1,-1
791,72,952.81,199.78,200.12,521.51,0.8013,-1,-1,-1
791,66,796.82,150.94,137.96,521.34,0.8244,-1,-1,-1
791,75,689.99,193.26,125.99,444.48,0.7751,-1,-1,-1
791,76,510.79,231.52,117.12,409.50,0.6060,-1,-1,-1
791,77,172.90,-1.37,343.89,1036.70,0.8914,-1,-1,-1
791,78,612.03,249.61,98.13,387.21,0.7471,-1,-1,-1
791,73,1834.30,365.16,91.24,360.73,0.5013,-1,-1,-1
792,67,-63.16,119.01,244.82,948.81,0.5295,-1,-1,-1
792,70,1103.79,166.76,160.12,508.59,0.7373,-1,-1,-1
792,72,963.74,197.89,202.57,527.32,0.8236,-1,-1,-1
792,66,803.51,153.81,136.93,520.09,0.8028,-1,-1,-1
792,75,695.20,196.38,127.01,447.79,0.8059,-1,-1,-1
792,76,511.50,233.76,117.65,412.64,0.6417,-1,-1,-1
792,77,171.98,-0.28,355.01,1046.91,0.8589,-1,-1,-1
792,78,616.98,250.89,99.56,391.05,0.7981,-1,-1,-1
792,73,1837.42,386.78,83.85,330.65,0.2535,-1,-1,-1
793,70,1111.55,165.84,163.95,522.29,0.8171,-1,-1,-1
793,72,970.29,194.60,206.05,534.06,0.8462,-1,-1,-1
793,66,811.47,153.39,137.72,524.19,0.8002,-1,-1,-1
793,75,700.71,195.19,127.57,449.44,0.8049,-1,-1,-1
793,76,514.51,233.62,115.02,404.41,0.5566,-1,-1,-1
793,77,164.18,1.02,368.03,1055.08,0.8893,-1,-1,-1
793,78,621.73,252.02,101.18,394.34,0.7889,-1,-1,-1
793,73,1838.01,397.36,84.42,339.38,0.3912,-1,-1,-1
793,79,-3.51,138.50,58.16,433.18,0.5687,-1,-1,-1
794,70,1118.29,161.59,167.34,534.62,0.8550,-1,-1,-1
794,72,980.45,189.29,211.19,543.86,0.8459,-1,-1,-1
794,66,817.39,155.13,138.53,526.36,0.7787,-1,-1,-1
794,75,708.30,196.06,126.79,445.93,0.7988,-1,-1,-1
794,76,518.39,232.71,116.56,411.23,0.6189,-1,-1,-1
794,77,152.12,1.57,383.86,1070.35,0.9024,-1,-1,-1
794,78,625.49,254.13,103.12,395.79,0.7143,-1,-1,-1
794,79,-6.48,155.06,54.97,411.72,0.3684,-1,-1,-1
794,80,-4.69,474.18,104.26,579.36,0.5624,-1,-1,-1
795,70,1131.31,157.11,168.33,539.36,0.8199,-1,-1,-1
795,72,989.18,180.19,218.46,559.48,0.8167,-1,-1,-1
795,66,831.10,157.41,138.33,527.66,0.8234,-1,-1,-1
795,75,719.81,196.83,127.53,449.36,0.7716,-1,-1,-1
795,76,520.22,234.49,116.55,414.79,0.6669,-1,-1,-1
795,77,140.05,1.19,396.87,1073.88,0.9213,-1,-1,-1
795,78,628.62,256.12,105.26,397.06,0.7390,-1,-1,-1
795,79,-10.31,175.99,52.41,397.56,0.3066,-1,-1,-1
795,80,-2.33,530.66,93.31,519.07,0.4805,-1,-1,-1
796,70,1141.77,158.76,171.87,554.56,0.8438,-1,-1,-1
796,72,997.81,179.86,221.41,562.37,0.8531,-1,-1,-1
796,66,841.71,160.49,138.58,529.24,0.8365,-1,-1,-1
796,75,729.97,200.10,128.35,451.22,0.8061,-1,-1,-1
796,76,531.30,235.84,110.62,389.58,0.5599,-1,-1,-1
796,77,125.33,0.92,410.24,1074.22,0.9201,-1,-1,-1
796,78,635.23,256.12,107.02,401.85,0.7112,-1,-1,-1
796,80,-2.92,549.06,87.78,489.54,0.5384,-1,-1,-1
797,70,1153.87,159.64,176.15,576.63,0.8542,-1,-1,-1
797,72,1006.64,179.91,227.48,571.99,0.8470,-1,-1,-1
797,66,850.96,167.05,137.31,527.22,0.8140,-1,-1,-1
797,75,741.59,205.24,128.93,451.78,0.7889,-1,-1,-1
797,76,538.18,238.03,104.66,361.77,0.5608,-1,-1,-1
797,77,108.99,1.25,424.75,1073.32,0.9131,-1,-1,-1
797,78,634.95,258.69,110.60,406.86,0.7170,-1,-1,-1
797,80,-6.99,557.94,88.79,498.67,0.1611,-1,-1,-1
798,70,1165.38,161.63,179.25,593.54,0.8343,-1,-1,-1
798,72,1010.25,182.07,235.82,586.44,0.8451,-1,-1,-1
798,66,858.03,171.27,137.11,529.13,0.8025,-1,-1,-1
798,75,749.36,210.30,127.94,446.82,0.8196,-1,-1,-1
798,76,543.28,241.84,99.92,337.63,0.5451,-1,-1,-1
798,77,94.77,2.09,440.30,1068.05,0.9107,-1,-1,-1
798,78,639.94,260.14,113.46,411.71,0.7291,-1,-1,-1
799,70,1174.80,162.99,181.92,610.53,0.8224,-1,-1,-1
799,72,1011.24,183.94,245.07,603.38,0.8558,-1,-1,-1
799,66,863.38,177.08,137.01,527.76,0.7983,-1,-1,-1
799,75,752.67,214.59,128.56,446.79,0.8061,-1,-1,-1
799,76,544.37,245.41,104.62,346.77,0.5394,-1,-1,-1
799,77,83.83,2.48,457.91,1066.37,0.9041,-1,-1,-1
799,78,644.94,262.01,115.10,414.53,0.7689,-1,-1,-1
800,70,1184.36,164.40,182.32,618.78,0.8053,-1,-1,-1
800,72,1014.90,185.83,253.36,619.79,0.8320,-1,-1,-1
800,66,868.05,182.55,136.66,527.32,0.7831,-1,-1,-1
800,75,758.52,222.00,128.15,443.54,0.8025,-1,-1,-1
800,76,544.19,249.03,109.08,354.60,0.4936,-1,-1,-1
800,77,77.92,2.26,473.34,1061.39,0.9076,-1,-1,-1
800,78,646.75,264.28,116.69,417.99,0.7709,-1,-1,-1
801,70,1192.28,164.36,182.81,627.99,0.8161,-1,-1,-1
801,72,1018.31,188.34,259.89,630.86,0.8488,-1,-1,-1
801,66,870.44,190.35,135.80,525.82,0.7762,-1,-1,-1
801,75,762.94,228.16,127.60,441.56,0.8329,-1,-1,-1
801,76,543.74,251.51,111.31,351.86,0.4642,-1,-1,-1
801,77,70.33,3.26,489.94,1063.87,0.9127,-1,-1,-1
801,78,647.69,267.38,117.87,419.80,0.7917,-1,-1,-1
802,70,1200.15,164.84,184.60,640.22,0.8241,-1,-1,-1
802,72,1019.26,191.72,267.31,640.58,0.8425,-1,-1,-1
802,66,880.21,191.81,135.86,526.86,0.8149,-1,-1,-1
802,75,769.31,231.53,125.59,438.07,0.8249,-1,-1,-1
802,76,543.76,254.30,114.64,354.56,0.4758,-1,-1,-1
802,77,66.63,3.81,509.34,1073.43,0.8967,-1,-1,-1
802,78,648.07,268.87,119.09,421.50,0.7840,-1,-1,-1
803,70,1210.42,161.36,187.06,654.24,0.8483,-1,-1,-1
803,72,1019.57,192.70,275.16,650.49,0.8562,-1,-1,-1
803,66,886.46,192.45,136.87,531.41,0.8157,-1,-1,-1
803,75,776.03,234.31,123.87,436.51,0.8209,-1,-1,-1
803,76,545.33,254.41,113.55,342.77,0.6081,-1,-1,-1
803,77,61.64,3.50,523.47,1074.61,0.8458,-1,-1,-1
803,78,647.63,269.99,121.32,427.53,0.7782,-1,-1,-1
804,70,1224.29,162.60,186.78,658.66,0.8440,-1,-1,-1
804,72,1014.48,191.36,288.34,673.50,0.8704,-1,-1,-1
804,66,890.37,191.31,137.79,534.12,0.8472,-1,-1,-1
804,75,781.94,230.83,122.84,435.91,0.8376,-1,-1,-1
804,76,542.04,254.97,116.34,345.55,0.4902,-1,-1,-1
804,77,46.69,3.19,534.24,1077.92,0.6960,-1,-1,-1
804,78,646.99,270.74,123.00,430.51,0.7673,-1,-1,-1
805,70,1237.87,159.27,188.38,663.12,0.8532,-1,-1,-1
805,72,1016.05,189.32,297.05,686.24,0.8709,-1,-1,-1
805,66,894.26,189.75,138.35,536.69,0.8338,-1,-1,-1
805,75,786.31,229.58,122.17,436.70,0.8298,-1,-1,-1
805,76,543.55,254.53,113.27,325.33,0.5691,-1,-1,-1
805,77,-13.47,3.13,522.62,1073.35,0.6325,-1,-1,-1
805,78,649.30,270.93,125.59,437.80,0.8043,-1,-1,-1
805,81,375.57,34.35,246.77,789.65,0.6831,-1,-1,-1
806,70,1249.53,153.88,191.73,672.69,0.8648,-1,-1,-1
806,72,1018.60,182.58,306.58,703.60,0.8763,-1,-1,-1
806,66,899.55,187.09,137.86,537.70,0.8121,-1,-1,-1
806,75,790.11,227.41,122.41,441.18,0.7980,-1,-1,-1
806,76,543.13,252.66,113.31,314.66,0.6712,-1,-1,-1
806,77,9.65,0.92,529.05,1074.14,0.7616,-1,-1,-1
806,78,650.48,270.39,127.08,442.51,0.8318,-1,-1,-1
806,81,356.06,28.85,251.24,806.05,0.4080,-1,-1,-1
807,70,1260.84,145.87,196.61,686.01,0.8718,-1,-1,-1
807,72,1024.93,175.99,312.73,716.37,0.8726,-1,-1,-1
807,66,903.26,184.54,137.73,538.92,0.8235,-1,-1,-1
807,75,793.44,226.94,123.09,447.64,0.8085,-1,-1,-1
807,76,537.82,248.90,118.17,317.76,0.6206,-1,-1,-1
807,77,12.11,0.34,532.48,1073.70,0.8729,-1,-1,-1
807,78,651.60,269.49,128.70,447.11,0.8278,-1,-1,-1
807,81,335.26,38.06,252.33,812.51,0.2363,-1,-1,-1
808,70,1272.96,138.44,202.43,700.55,0.8791,-1,-1,-1
808,72,1030.60,169.27,319.13,730.92,0.8951,-1,-1,-1
808,66,906.11,185.42,134.94,530.83,0.7929,-1,-1,-1
808,75,798.62,224.40,123.06,450.21,0.8073,-1,-1,-1
808,76,529.51,245.32,127.63,331.39,0.6435,-1,-1,-1
808,77,7.14,0.22,533.71,1073.26,0.9095,-1,-1,-1
808,78,654.50,268.87,130.03,450.72,0.8315,-1,-1,-1
809,70,1284.04,129.37,207.83,713.41,0.8593,-1,-1,-1
809,72,1037.08,160.95,323.80,742.46,0.8924,-1,-1,-1
809,66,911.12,182.86,133.38,524.21,0.8241,-1,-1,-1
809,75,801.51,222.01,121.60,446.91,0.8091,-1,-1,-1
809,76,523.44,239.76,143.16,363.99,0.6302,-1,-1,-1
809,77,-3.36,1.38,529.81,1068.91,0.9245,-1,-1,-1
809,78,654.50,266.67,131.85,454.73,0.8060,-1,-1,-1
810,70,1292.90,120.38,214.81,729.45,0.8829,-1,-1,-1
810,72,1043.42,149.26,329.93,760.17,0.8915,-1,-1,-1
810,66,913.49,181.13,134.31,525.62,0.7969,-1,-1,-1
810,75,804.11,220.39,121.48,448.08,0.8101,-1,-1,-1
810,76,504.17,235.29,176.87,453.90,0.7274,-1,-1,-1
810,77,-16.67,1.93,524.08,1066.96,0.8876,-1,-1,-1
810,78,653.90,264.83,134.41,462.94,0.8276,-1,-1,-1
811,70,1300.44,116.35,222.00,745.78,0.9014,-1,-1,-1
811,72,1050.66,144.24,333.61,772.77,0.8862,-1,-1,-1
811,66,914.97,182.50,133.79,521.30,0.7955,-1,-1,-1
811,75,804.73,221.73,120.75,446.62,0.8242,-1,-1,-1
811,76,493.18,233.82,189.20,493.79,0.8200,-1,-1,-1
811,77,-35.69,3.45,514.13,1065.99,0.9158,-1,-1,-1
811,78,651.71,266.85,135.18,464.69,0.8605,-1,-1,-1
812,70,1308.93,111.90,231.32,769.42,0.8952,-1,-1,-1
812,72,1057.35,137.80,336.72,785.87,0.8709,-1,-1,-1
812,66,914.85,180.34,135.23,524.83,0.7912,-1,-1,-1
812,75,802.72,220.26,120.30,446.91,0.8000,-1,-1,-1
812,76,488.06,230.16,195.08,516.61,0.8193,-1,-1,-1
812,77,-52.53,1.94,503.26,1069.93,0.8383,-1,-1,-1
812,78,651.46,265.05,136.80,469.30,0.8225,-1,-1,-1
812,81,311.14,75.85,234.06,769.98,0.7698,-1,-1,-1
813,70,1314.01,107.31,241.30,796.23,0.8927,-1,-1,-1
813,72,1063.11,128.83,339.12,798.07,0.8736,-1,-1,-1
813,66,915.04,176.89,135.67,524.72,0.8094,-1,-1,-1
813,75,799.88,218.77,120.21,447.65,0.8014,-1,-1,-1
813,76,483.93,223.55,197.54,531.87,0.8091,-1,-1,-1
813,77,-64.10,2.15,486.14,1064.27,0.6383,-1,-1,-1
813,78,645.95,261.84,140.69,477.50,0.7834,-1,-1,-1
813,81,287.57,70.81,240.39,798.17,0.8575,-1,-1,-1
814,70,1319.70,101.96,249.20,817.86,0.8865,-1,-1,-1
814,72,1067.45,113.15,349.19,833.31,0.8696,-1,-1,-1
814,66,913.93,174.63,136.48,524.90,0.7995,-1,-1,-1
814,75,796.99,218.04,120.45,448.16,0.8032,-1,-1,-1
814,76,480.27,218.79,197.82,541.69,0.8188,-1,-1,-1
814,77,-64.36,1.37,470.29,1058.37,0.7494,-1,-1,-1
814,78,637.42,258.22,145.23,483.52,0.7931,-1,-1,-1
814,81,262.10,61.66,246.92,819.66,0.8844,-1,-1,-1
815,70,1329.28,100.65,252.63,822.54,0.8686,-1,-1,-1
815,72,1075.30,106.58,357.97,869.36,0.8695,-1,-1,-1
815,66,912.58,174.11,137.58,527.42,0.7994,-1,-1,-1
815,75,794.99,218.14,120.81,449.14,0.7973,-1,-1,-1
815,76,476.97,216.68,197.44,549.67,0.8127,-1,-1,-1
815,77,-89.25,3.73,448.60,1057.66,0.3471,-1,-1,-1
815,78,635.54,255.19,149.12,490.42,0.7753,-1,-1,-1
815,81,239.10,52.56,253.24,835.54,0.8864,-1,-1,-1
816,70,1333.37,98.16,258.68,835.17,0.8635,-1,-1,-1
816,72,1080.78,106.71,361.72,896.18,0.8698,-1,-1,-1
816,66,911.62,175.69,138.21,528.33,0.8123,-1,-1,-1
816,75,791.70,220.38,121.85,449.97,0.8059,-1,-1,-1
816,76,471.52,217.96,196.26,554.11,0.8394,-1,-1,-1
816,78,634.54,252.87,151.81,495.02,0.7763,-1,-1,-1
816,81,225.67,44.30,258.21,847.25,0.8954,-1,-1,-1
816,83,1055.30,317.99,68.76,244.68,0.5719,-1,-1,-1
817,70,1337.83,94.63,270.00,866.52,0.8665,-1,-1,-1
817,72,1084.20,107.50,367.88,929.73,0.8778,-1,-1,-1
817,66,911.99,176.93,138.55,527.62,0.8213,-1,-1,-1
817,75,787.72,223.12,122.59,449.18,0.8148,-1,-1,-1
817,76,463.96,217.20,195.96,558.76,0.8512,-1,-1,-1
817,78,633.93,250.13,153.55,500.16,0.7745,-1,-1,-1
817,81,215.12,38.96,263.70,858.86,0.8957,-1,-1,-1
817,83,1057.01,308.31,71.86,255.41,0.5906,-1,-1,-1
818,70,1341.21,89.12,279.24,890.48,0.8674,-1,-1,-1
818,72,1091.39,106.36,364.71,936.51,0.8849,-1,-1,-1
818,66,911.25,179.75,138.83,528.73,0.8164,-1,-1,-1
818,75,784.66,226.09,122.37,445.68,0.8471,-1,-1,-1
818,76,454.68,217.59,197.44,565.26,0.8724,-1,-1,-1
818,78,629.67,248.58,155.52,504.26,0.8079,-1,-1,-1
818,81,202.98,33.45,273.74,887.24,0.8934,-1,-1,-1
818,83,1056.67,305.60,73.23,258.91,0.6076,-1,-1,-1
819,70,1343.39,80.70,289.57,917.28,0.8669,-1,-1,-1
819,72,1097.69,106.09,364.15,948.61,0.8785,-1,-1,-1
819,66,906.40,181.08,139.30,532.46,0.8110,-1,-1,-1
819,75,780.79,227.04,122.99,444.34,0.8614,-1,-1,-1
819,76,443.57,216.74,198.90,569.88,0.8664,-1,-1,-1
819,78,622.13,248.16,158.30,512.32,0.7942,-1,-1,-1
819,81,187.28,26.74,285.65,922.95,0.8984,-1,-1,-1
819,83,1056.27,304.65,74.47,260.98,0.5713,-1,-1,-1
820,70,1344.91,69.98,298.32,938.20,0.8613,-1,-1,-1
820,72,1104.19,104.12,367.06,970.17,0.8766,-1,-1,-1
820,66,904.29,181.73,139.70,535.65,0.8084,-1,-1,-1
820,75,775.90,226.92,123.95,442.29,0.8552,-1,-1,-1
820,76,433.45,215.81,201.10,574.95,0.8549,-1,-1,-1
820,78,619.38,243.12,161.68,521.11,0.8117,-1,-1,-1
820,81,171.28,19.55,297.26,959.91,0.9026,-1,-1,-1
820,83,1059.54,304.78,75.50,260.94,0.5500,-1,-1,-1
821,70,1350.79,55.05,304.12,951.17,0.8476,-1,-1,-1
821,72,1113.10,98.51,367.47,981.57,0.8892,-1,-1,-1
821,66,903.89,181.20,140.02,538.39,0.8037,-1,-1,-1
821,75,769.69,225.16,126.07,443.50,0.8540,-1,-1,-1
821,76,426.37,214.80,203.98,581.98,0.8218,-1,-1,-1
821,78,618.91,240.55,164.69,526.98,0.8454,-1,-1,-1
821,81,160.07,13.98,305.46,984.80,0.8985,-1,-1,-1
821,83,1062.88,302.63,77.20,263.05,0.5683,-1,-1,-1
822,70,1358.31,40.05,309.38,968.03,0.8755,-1,-1,-1
822,72,1123.29,85.39,370.66,998.43,0.8873,-1,-1,-1
822,66,904.05,180.92,139.55,537.46,0.8125,-1,-1,-1
822,75,767.46,222.33,128.85,447.16,0.8418,-1,-1,-1
822,76,416.53,212.91,208.41,593.25,0.7860,-1,-1,-1
822,78,614.74,236.36,168.15,532.48,0.8639,-1,-1,-1
822,81,147.33,10.34,311.00,1002.16,0.9046,-1,-1,-1
822,83,1061.53,302.43,78.72,263.11,0.6551,-1,-1,-1
823,70,1370.21,17.23,308.02,965.17,0.8764,-1,-1,-1
823,72,1133.12,67.08,375.11,1016.22,0.8847,-1,-1,-1
823,66,904.74,180.30,139.07,535.39,0.8215,-1,-1,-1
823,75,763.42,216.99,131.86,452.14,0.8346,-1,-1,-1
823,76,410.25,210.58,211.91,603.07,0.8205,-1,-1,-1
823,78,611.67,232.45,172.03,540.54,0.8698,-1,-1,-1
823,81,134.03,4.69,317.54,1023.36,0.9097,-1,-1,-1
823,83,1060.13,301.85,80.43,263.45,0.6929,-1,-1,-1
824,70,1381.48,5.48,309.81,974.49,0.8887,-1,-1,-1
824,72,1137.95,48.19,380.39,1034.14,0.8800,-1,-1,-1
824,66,905.88,179.38,139.31,535.25,0.8138,-1,-1,-1
824,75,760.58,213.09,134.51,454.92,0.8344,-1,-1,-1
824,76,406.28,206.57,214.60,611.72,0.8358,-1,-1,-1
824,78,607.56,228.98,176.19,550.72,0.8524,-1,-1,-1
824,81,120.38,0.71,324.93,1047.65,0.9031,-1,-1,-1
824,83,1060.91,301.33,82.09,264.09,0.6946,-1,-1,-1
825,70,1392.10,0.38,316.90,1008.18,0.8786,-1,-1,-1
825,72,1143.51,29.88,387.97,1051.81,0.8809,-1,-1,-1
825,66,909.73,181.39,139.53,532.54,0.8198,-1,-1,-1
825,75,758.64,210.08,136.87,454.53,0.8214,-1,-1,-1
825,76,401.66,203.19,216.72,618.99,0.8374,-1,-1,-1
825,78,602.88,227.32,181.63,566.41,0.8474,-1,-1,-1
825,81,107.35,-0.57,327.05,1050.80,0.8822,-1,-1,-1
825,83,1062.47,300.88,83.49,264.50,0.6616,-1,-1,-1
826,70,1401.59,-1.06,323.46,1045.09,0.8552,-1,-1,-1
826,72,1151.01,14.66,397.99,1066.22,0.8883,-1,-1,-1
826,66,910.72,177.60,140.85,536.76,0.8175,-1,-1,-1
826,75,757.42,208.75,138.91,454.27,0.8248,-1,-1,-1
826,76,396.96,200.38,219.35,627.46,0.7980,-1,-1,-1
826,78,599.23,227.24,186.70,580.98,0.8608,-1,-1,-1
826,81,96.43,-1.14,326.80,1042.98,0.8825,-1,-1,-1
826,83,1064.68,300.05,85.21,265.06,0.6432,-1,-1,-1
827,70,1421.88,-1.88,324.26,1072.80,0.8656,-1,-1,-1
827,72,1159.09,4.15,409.40,1076.28,0.9006,-1,-1,-1
827,66,913.41,178.30,141.35,533.28,0.8197,-1,-1,-1
827,75,756.10,208.46,140.73,452.95,0.8213,-1,-1,-1
827,76,391.68,197.05,222.12,636.52,0.7824,-1,-1,-1
827,78,596.78,227.43,189.26,587.83,0.8585,-1,-1,-1
827,81,81.00,-0.02,334.14,1062.26,0.8937,-1,-1,-1
827,83,1066.91,298.81,87.04,266.05,0.6532,-1,-1,-1
828,70,1446.32,-2.27,317.95,1077.22,0.8727,-1,-1,-1
828,72,1173.09,0.29,421.07,1075.68,0.8979,-1,-1,-1
828,66,913.93,176.86,142.63,530.69,0.8061,-1,-1,-1
828,75,754.21,207.84,142.72,452.46,0.8275,-1,-1,-1
828,76,385.02,192.23,224.48,645.10,0.8686,-1,-1,-1
828,78,594.84,227.01,191.09,591.89,0.8644,-1,-1,-1
828,81,66.09,-0.55,339.80,1075.03,0.9080,-1,-1,-1
828,83,1068.75,295.66,89.85,270.02,0.6990,-1,-1,-1
829,70,1469.49,-0.28,310.12,1068.93,0.8185,-1,-1,-1
829,72,1187.27,1.83,433.98,1070.41,0.9009,-1,-1,-1
829,66,917.17,175.48,142.83,525.20,0.8102,-1,-1,-1
829,75,755.78,209.62,144.73,452.59,0.8202,-1,-1,-1
829,76,380.67,190.49,225.06,651.87,0.8677,-1,-1,-1
829,78,591.93,230.29,195.22,603.68,0.8413,-1,-1,-1
829,81,53.58,0.28,342.58,1074.63,0.9133,-1,-1,-1
829,83,1074.08,296.92,90.66,268.59,0.7451,-1,-1,-1
830,70,1498.30,-2.01,305.27,1070.20,0.8036,-1,-1,-1
830,72,1200.17,1.99,451.65,1070.30,0.9023,-1,-1,-1
830,66,923.85,180.01,141.34,515.39,0.7808,-1,-1,-1
830,75,760.22,212.93,147.42,452.07,0.7892,-1,-1,-1
830,76,379.51,189.79,225.68,658.14,0.8760,-1,-1,-1
830,78,589.55,230.44,199.87,617.24,0.8520,-1,-1,-1
830,81,39.61,0.37,347.08,1073.07,0.9188,-1,-1,-1
830,83,1078.12,297.60,91.91,268.71,0.7489,-1,-1,-1
831,70,1530.05,-0.89,301.43,1068.96,0.7659,-1,-1,-1
831,72,1214.71,1.22,472.84,1070.15,0.8983,-1,-1,-1
831,66,927.84,178.07,142.88,515.39,0.8061,-1,-1,-1
831,75,762.00,213.56,148.39,451.47,0.8243,-1,-1,-1
831,76,374.99,188.21,228.55,670.90,0.8743,-1,-1,-1
831,78,586.96,229.26,204.02,629.01,0.8535,-1,-1,-1
831,81,28.28,0.29,354.61,1077.97,0.9233,-1,-1,-1
831,83,1082.67,296.28,93.78,269.67,0.7000,-1,-1,-1
832,70,1561.15,-0.11,298.37,1066.95,0.7245,-1,-1,-1
832,72,1221.55,1.09,495.48,1070.78,0.9020,-1,-1,-1
832,66,935.15,178.35,143.22,513.94,0.8074,-1,-1,-1
832,75,763.30,215.27,149.05,450.01,0.8290,-1,-1,-1
832,76,372.66,188.29,230.12,680.07,0.8793,-1,-1,-1
832,78,584.18,227.97,206.25,635.63,0.8487,-1,-1,-1
832,81,24.29,0.15,362.39,1082.25,0.9280,-1,-1,-1
832,83,1086.28,295.37,97.65,278.36,0.6862,-1,-1,-1
833,70,1594.00,-1.26,297.90,1072.24,0.5174,-1,-1,-1
833,72,1234.83,0.29,521.69,1070.85,0.9097,-1,-1,-1
833,66,934.76,174.72,146.26,520.24,0.8089,-1,-1,-1
833,75,763.77,216.48,150.19,449.00,0.8277,-1,-1,-1
833,76,370.38,187.52,232.75,692.40,0.8858,-1,-1,-1
833,78,581.66,227.17,209.27,645.06,0.8504,-1,-1,-1
833,81,23.47,-0.34,368.62,1081.61,0.9265,-1,-1,-1
833,83,1091.64,293.93,98.91,279.32,0.7050,-1,-1,-1
834,70,1654.35,-1.06,225.20,747.14,0.6265,-1,-1,-1
834,72,1242.94,-0.58,548.05,1070.12,0.9191,-1,-1,-1
834,66,939.69,173.49,148.29,526.52,0.8125,-1,-1,-1
834,75,770.01,218.34,151.45,448.14,0.8215,-1,-1,-1
834,76,365.14,187.48,236.59,708.42,0.8658,-1,-1,-1
834,78,579.65,223.80,212.06,653.04,0.8448,-1,-1,-1
834,81,23.73,-0.51,374.02,1078.46,0.9224,-1,-1,-1
834,83,1097.15,296.77,98.46,275.72,0.6411,-1,-1,-1
835,70,1709.67,0.34,171.44,533.14,0.2362,-1,-1,-1
835,72,1242.08,0.15,571.58,1071.47,0.9125,-1,-1,-1
835,66,941.34,178.24,149.87,525.32,0.7631,-1,-1,-1
835,75,775.47,220.01,153.22,449.29,0.8366,-1,-1,-1
835,76,362.35,188.75,239.07,720.79,0.8784,-1,-1,-1
835,78,579.15,221.42,214.97,661.24,0.8499,-1,-1,-1
835,81,23.55,0.71,378.34,1073.00,0.9278,-1,-1,-1
835,83,1101.67,295.36,101.42,282.99,0.7140,-1,-1,-1
836,70,1746.50,3.76,140.96,414.86,0.4308,-1,-1,-1
836,72,1243.25,0.03,588.44,1066.38,0.9211,-1,-1,-1
836,66,945.93,182.00,151.42,524.89,0.7520,-1,-1,-1
836,75,782.39,222.91,152.98,448.05,0.8431,-1,-1,-1
836,76,360.57,189.72,240.92,734.22,0.8620,-1,-1,-1
836,78,578.49,220.50,219.39,671.23,0.8580,-1,-1,-1
836,81,22.06,1.37,383.22,1071.13,0.9285,-1,-1,-1
836,83,1111.14,296.06,101.61,283.02,0.7319,-1,-1,-1
837,72,1243.49,2.59,603.86,1065.31,0.9206,-1,-1,-1
837,66,952.12,187.44,151.47,521.33,0.7959,-1,-1,-1
837,75,787.56,224.49,155.01,452.07,0.8333,-1,-1,-1
837,76,360.52,188.87,242.56,746.65,0.8583,-1,-1,-1
837,78,578.32,217.67,223.95,680.61,0.8703,-1,-1,-1
837,81,20.94,1.12,388.26,1070.87,0.9301,-1,-1,-1
837,83,1118.09,296.63,102.62,286.61,0.7707,-1,-1,-1
838,72,1253.92,3.76,615.01,1066.43,0.8834,-1,-1,-1
838,66,959.69,192.46,151.93,518.45,0.8185,-1,-1,-1
838,75,795.14,225.33,157.02,453.13,0.8294,-1,-1,-1
838,76,360.36,186.27,244.71,759.14,0.8563,-1,-1,-1
838,78,578.66,216.07,227.01,686.32,0.8617,-1,-1,-1
838,81,20.22,0.17,392.99,1070.52,0.9263,-1,-1,-1
838,83,1124.12,298.48,102.31,286.48,0.7544,-1,-1,-1
839,72,1278.44,3.77,617.88,1064.97,0.8994,-1,-1,-1
839,66,966.47,193.15,152.86,521.22,0.8116,-1,-1,-1
839,75,804.52,226.57,157.95,450.93,0.8152,-1,-1,-1
839,76,358.70,184.61,248.17,776.70,0.8480,-1,-1,-1
839,78,581.57,212.22,230.18,693.29,0.8650,-1,-1,-1
839,81,19.85,-0.16,397.51,1069.88,0.9290,-1,-1,-1
839,83,1130.54,296.54,103.44,290.32,0.7150,-1,-1,-1
840,72,1321.78,1.99,612.36,1065.26,0.7778,-1,-1,-1
840,66,969.49,193.20,153.69,522.55,0.8095,-1,-1,-1
840,75,807.91,223.71,158.28,453.49,0.8148,-1,-1,-1
840,76,358.71,181.93,249.87,787.43,0.8263,-1,-1,-1
840,78,584.09,206.18,233.72,700.63,0.8678,-1,-1,-1
840,81,18.43,0.46,401.78,1069.68,0.9288,-1,-1,-1
840,83,1136.94,295.34,104.72,293.96,0.6738,-1,-1,-1
841,72,1369.93,1.65,598.22,1062.41,0.9260,-1,-1,-1
841,66,976.68,189.95,153.47,525.47,0.7972,-1,-1,-1
841,75,816.71,220.73,159.15,454.80,0.8178,-1,-1,-1
841,76,356.81,175.31,251.81,799.13,0.8172,-1,-1,-1
841,78,587.26,199.91,236.51,706.41,0.8623,-1,-1,-1
841,81,17.15,-0.00,405.51,1068.78,0.9262,-1,-1,-1
841,83,1145.47,294.61,104.93,295.79,0.7116,-1,-1,-1
842,72,1425.80,1.56,578.31,1063.38,0.8669,-1,-1,-1
842,66,979.97,190.00,152.96,523.38,0.8122,-1,-1,-1
842,75,824.57,218.95,160.38,454.47,0.8482,-1,-1,-1
842,76,353.95,163.56,254.27,811.47,0.8332,-1,-1,-1
842,78,588.07,194.66,239.47,712.17,0.8605,-1,-1,-1
842,81,14.73,0.40,408.92,1069.17,0.9217,-1,-1,-1
842,83,1150.93,293.78,104.24,294.11,0.6734,-1,-1,-1
842,85,1375.52,229.28,222.46,628.72,0.8708,-1,-1,-1
843,72,1483.97,3.46,550.25,1060.06,0.6200,-1,-1,-1
843,66,988.00,186.78,153.06,523.40,0.8122,-1,-1,-1
843,75,831.42,216.39,159.55,448.97,0.8280,-1,-1,-1
843,76,351.91,151.64,258.96,833.06,0.8444,-1,-1,-1
843,78,585.54,189.18,245.83,728.94,0.8455,-1,-1,-1
843,81,12.83,1.04,410.95,1067.12,0.9230,-1,-1,-1
843,83,1160.39,291.37,103.84,295.18,0.6429,-1,-1,-1
843,85,1393.32,218.66,239.64,677.65,0.8930,-1,-1,-1
844,72,1538.42,1.03,522.50,1067.66,0.7028,-1,-1,-1
844,66,994.51,181.19,154.54,526.17,0.8173,-1,-1,-1
844,75,834.93,214.23,159.13,445.55,0.8342,-1,-1,-1
844,76,347.57,140.28,261.21,842.18,0.8521,-1,-1,-1
844,78,583.66,183.22,253.10,752.48,0.8477,-1,-1,-1
844,81,8.18,0.58,410.12,1061.35,0.8957,-1,-1,-1
844,83,1164.54,283.67,104.83,300.19,0.7411,-1,-1,-1
844,85,1410.26,206.99,256.62,726.28,0.8912,-1,-1,-1
844,86,763.41,227.85,79.15,257.62,0.5307,-1,-1,-1
845,72,1590.32,3.05,486.29,1062.48,0.6841,-1,-1,-1
845,66,996.47,176.32,154.89,528.39,0.7952,-1,-1,-1
845,75,837.30,206.73,161.37,448.13,0.8245,-1,-1,-1
845,76,340.61,130.57,263.85,847.80,0.8579,-1,-1,-1
845,78,584.12,175.00,259.99,774.01,0.8444,-1,-1,-1
845,81,2.26,2.47,410.21,1061.57,0.8186,-1,-1,-1
845,83,1167.33,277.35,105.73,304.61,0.7727,-1,-1,-1
845,85,1428.49,197.45,268.67,760.60,0.8910,-1,-1,-1
845,86,765.18,220.46,79.04,256.65,0.5544,-1,-1,-1
846,66,998.74,171.32,155.28,530.28,0.7934,-1,-1,-1
846,75,839.20,201.99,163.24,451.19,0.8091,-1,-1,-1
846,76,331.73,120.73,268.06,855.32,0.8413,-1,-1,-1
846,78,582.81,168.93,263.18,786.64,0.8256,-1,-1,-1
846,81,-6.15,4.65,409.55,1065.41,0.7571,-1,-1,-1
846,83,1170.41,276.49,104.78,302.27,0.8037,-1,-1,-1
846,85,1437.32,190.09,275.98,782.36,0.9031,-1,-1,-1
846,86,766.11,214.73,80.32,260.29,0.4684,-1,-1,-1
847,66,1001.57,163.53,154.90,527.65,0.8104,-1,-1,-1
847,75,840.26,195.92,164.15,452.38,0.8158,-1,-1,-1
847,76,325.67,110.64,274.23,867.95,0.8153,-1,-1,-1
847,78,581.74,158.85,267.48,803.29,0.8319,-1,-1,-1
847,81,-18.67,6.68,402.70,1061.37,0.7313,-1,-1,-1
847,83,1178.14,274.16,103.30,298.72,0.7054,-1,-1,-1
847,85,1445.81,184.79,278.40,792.73,0.8875,-1,-1,-1
847,86,765.83,210.07,80.58,259.38,0.5733,-1,-1,-1
848,66,1001.71,154.86,154.49,523.36,0.8077,-1,-1,-1
848,75,840.29,190.22,166.12,454.46,0.8486,-1,-1,-1
848,76,315.69,101.01,280.00,881.06,0.8661,-1,-1,-1
848,78,576.84,150.83,271.76,818.98,0.8342,-1,-1,-1
848,81,-43.66,6.63,387.69,1054.02,0.6487,-1,-1,-1
848,83,1180.09,269.84,103.11,299.41,0.7337,-1,-1,-1
848,85,1455.66,178.88,281.29,806.44,0.8942,-1,-1,-1
848,86,764.65,205.07,80.55,256.81,0.5197,-1,-1,-1
849,66,999.31,149.42,153.88,520.55,0.8045,-1,-1,-1
849,75,839.35,187.71,167.33,455.00,0.8703,-1,-1,-1
849,76,303.81,93.97,287.44,901.72,0.8927,-1,-1,-1
849,78,564.98,146.35,283.39,857.12,0.8621,-1,-1,-1
849,81,-66.24,8.11,371.93,1055.68,0.4010,-1,-1,-1
849,83,1179.02,267.56,103.27,301.34,0.8060,-1,-1,-1
849,85,1465.55,175.22,288.68,835.31,0.8940,-1,-1,-1
849,86,760.64,202.59,81.25,255.52,0.5249,-1,-1,-1
850,66,998.29,145.10,153.16,518.27,0.8063,-1,-1,-1
850,75,837.09,185.72,167.95,453.86,0.8743,-1,-1,-1
850,76,290.96,84.96,294.33,920.76,0.8839,-1,-1,-1
850,78,558.61,139.86,289.83,879.82,0.8500,-1,-1,-1
850,83,1179.26,262.92,103.01,303.46,0.7790,-1,-1,-1
850,85,1476.94,172.99,291.51,852.26,0.8931,-1,-1,-1
850,86,756.85,200.94,80.52,248.18,0.5508,-1,-1,-1
851,66,997.75,141.03,153.36,518.45,0.8044,-1,-1,-1
851,75,834.21,181.32,169.83,457.09,0.8675,-1,-1,-1
851,76,278.15,73.11,301.37,940.38,0.8966,-1,-1,-1
851,78,552.61,133.66,295.37,897.54,0.8684,-1,-1,-1
851,83,1176.04,256.29,105.18,308.43,0.7457,-1,-1,-1
851,85,1490.57,167.21,293.77,866.72,0.9019,-1,-1,-1
851,86,753.05,196.57,81.62,246.40,0.3527,-1,-1,-1
852,66,996.94,137.32,153.74,517.70,0.8071,-1,-1,-1
852,75,832.82,178.72,170.59,456.35,0.8512,-1,-1,-1
852,76,264.10,64.68,308.54,959.78,0.8917,-1,-1,-1
852,78,545.92,121.56,301.03,914.61,0.8786,-1,-1,-1
852,83,1177.45,251.41,104.66,310.08,0.7403,-1,-1,-1
852,85,1504.53,161.39,295.08,876.61,0.9033,-1,-1,-1
852,86,741.86,193.22,86.08,253.38,0.1836,-1,-1,-1
853,66,996.52,133.35,154.87,517.67,0.7998,-1,-1,-1
853,75,828.30,177.39,170.30,454.12,0.8414,-1,-1,-1
853,76,247.83,55.05,319.68,993.72,0.8974,-1,-1,-1
853,78,539.21,109.25,306.50,930.48,0.8870,-1,-1,-1
853,83,1179.50,245.15,105.43,314.58,0.7412,-1,-1,-1
853,85,1516.83,147.46,299.36,894.05,0.9014,-1,-1,-1
854,66,990.32,131.60,156.33,517.37,0.7998,-1,-1,-1
854,75,825.65,176.28,170.58,453.64,0.8468,-1,-1,-1
854,76,228.81,47.48,328.63,1019.34,0.9001,-1,-1,-1
854,78,533.90,99.68,312.44,949.17,0.8928,-1,-1,-1
854,83,1176.89,241.88,105.47,316.88,0.7041,-1,-1,-1
854,85,1525.86,137.58,303.95,910.72,0.9020,-1,-1,-1
855,66,987.23,128.86,159.02,520.53,0.8158,-1,-1,-1
855,75,823.34,173.74,170.50,454.47,0.8420,-1,-1,-1
855,76,213.39,38.59,333.60,1031.02,0.9007,-1,-1,-1
855,78,524.72,88.70,318.28,964.14,0.8941,-1,-1,-1
855,83,1172.15,238.40,105.49,318.96,0.6315,-1,-1,-1
855,85,1536.90,128.33,307.76,924.29,0.9083,-1,-1,-1
856,66,985.83,124.03,160.85,527.12,0.8350,-1,-1,-1
856,75,818.94,171.47,171.23,455.55,0.8454,-1,-1,-1
856,76,193.14,28.46,339.47,1044.36,0.9073,-1,-1,-1
856,78,516.46,76.05,325.33,981.36,0.9023,-1,-1,-1
856,83,1170.63,234.81,104.53,319.44,0.6546,-1,-1,-1
856,85,1545.38,114.19,314.95,942.95,0.9106,-1,-1,-1
857,66,982.51,121.16,162.00,528.37,0.8445,-1,-1,-1
857,75,813.21,168.35,172.80,456.50,0.8494,-1,-1,-1
857,76,184.09,19.54,342.39,1055.31,0.8868,-1,-1,-1
857,78,504.61,65.05,334.49,1003.69,0.9045,-1,-1,-1
857,83,1168.64,229.84,104.80,321.51,0.7004,-1,-1,-1
857,85,1549.81,104.81,321.89,956.27,0.9024,-1,-1,-1
858,66,980.06,120.92,161.12,527.19,0.8352,-1,-1,-1
858,75,804.39,161.92,174.33,461.10,0.8388,-1,-1,-1
858,76,147.34,7.64,350.30,1065.33,0.8999,-1,-1,-1
858,78,493.19,53.40,343.33,1023.75,0.9026,-1,-1,-1
858,83,1165.56,226.08,104.73,323.46,0.6963,-1,-1,-1
858,85,1550.19,91.30,334.39,980.13,0.8979,-1,-1,-1
859,66,971.42,123.10,160.89,523.20,0.8277,-1,-1,-1
859,75,800.52,156.39,174.51,462.60,0.8236,-1,-1,-1
859,76,122.18,2.37,355.29,1068.25,0.9068,-1,-1,-1
859,78,483.69,40.91,349.64,1036.09,0.9040,-1,-1,-1
859,83,1162.80,223.24,104.39,323.78,0.7110,-1,-1,-1
859,85,1560.99,78.78,342.78,996.40,0.8808,-1,-1,-1
860,66,966.50,123.57,161.93,521.73,0.8490,-1,-1,-1
860,75,798.18,150.10,174.72,464.84,0.8282,-1,-1,-1
860,76,95.00,-0.16,361.18,1070.85,0.9018,-1,-1,-1
860,78,472.89,28.46,356.70,1049.82,0.9163,-1,-1,-1
860,83,1158.79,218.63,104.68,325.94,0.6956,-1,-1,-1
860,85,1565.73,63.91,350.64,1015.90,0.9030,-1,-1,-1
861,66,963.26,121.82,163.07,520.70,0.8618,-1,-1,-1
861,75,794.03,145.51,174.65,465.11,0.8511,-1,-1,-1
861,76,67.33,-0.49,368.39,1073.36,0.8686,-1,-1,-1
861,78,461.18,16.60,363.86,1061.74,0.9100,-1,-1,-1
861,83,1157.74,214.38,105.00,327.83,0.6874,-1,-1,-1
861,85,1567.59,54.81,354.63,1025.60,0.9074,-1,-1,-1
862,66,961.04,119.55,164.27,519.62,0.8486,-1,-1,-1
862,75,794.47,142.89,173.46,461.82,0.8394,-1,-1,-1
862,76,39.26,-1.74,375.65,1073.44,0.7866,-1,-1,-1
862,78,452.03,6.96,369.75,1071.00,0.9137,-1,-1,-1
862,83,1158.09,212.14,103.98,326.21,0.6659,-1,-1,-1
862,85,1571.08,40.19,357.54,1037.05,0.9107,-1,-1,-1
863,66,964.28,115.14,165.47,521.32,0.8305,-1,-1,-1
863,75,793.73,140.28,172.95,460.34,0.8490,-1,-1,-1
863,76,28.27,-2.74,379.59,1075.19,0.8523,-1,-1,-1
863,78,442.19,1.25,374.74,1075.32,0.9201,-1,-1,-1
863,83,1158.57,210.44,103.07,324.48,0.6466,-1,-1,-1
863,85,1576.52,32.73,357.43,1043.44,0.9093,-1,-1,-1
864,66,965.78,112.31,166.93,523.46,0.8337,-1,-1,-1
864,75,792.13,138.44,172.67,459.51,0.8544,-1,-1,-1
864,76,17.97,-2.65,382.88,1075.24,0.8977,-1,-1,-1
864,78,429.85,-0.86,378.63,1076.67,0.9225,-1,-1,-1
864,83,1158.54,207.28,103.94,328.53,0.6392,-1,-1,-1
864,85,1581.13,19.40,358.66,1058.08,0.9040,-1,-1,-1
865,66,965.69,109.41,169.26,527.57,0.8286,-1,-1,-1
865,75,793.16,136.25,172.89,460.65,0.8499,-1,-1,-1
865,76,7.69,-2.65,384.70,1074.37,0.9117,-1,-1,-1
865,78,417.91,-1.48,382.67,1078.19,0.9202,-1,-1,-1
865,83,1158.54,205.02,105.06,331.70,0.6335,-1,-1,-1
865,85,1589.31,11.01,356.48,1067.08,0.9013,-1,-1,-1
866,66,967.04,107.26,170.47,528.86,0.8340,-1,-1,-1
866,75,794.28,134.63,173.71,464.13,0.8540,-1,-1,-1
866,76,-7.09,0.19,382.37,1072.32,0.9117,-1,-1,-1
866,78,403.12,-0.84,386.93,1077.00,0.9195,-1,-1,-1
866,83,1160.68,203.17,104.67,333.03,0.6825,-1,-1,-1
866,85,1607.58,1.36,350.62,1075.36,0.8884,-1,-1,-1
867,66,973.41,105.39,170.49,529.03,0.8222,-1,-1,-1
867,75,794.65,135.66,174.58,466.98,0.8571,-1,-1,-1
867,76,-19.71,1.19,377.72,1070.91,0.9206,-1,-1,-1
867,78,385.34,0.98,390.52,1073.02,0.9154,-1,-1,-1
867,83,1165.56,201.48,104.60,335.41,0.6991,-1,-1,-1
867,85,1630.61,-1.18,340.11,1077.86,0.8728,-1,-1,-1
868,66,979.33,106.94,167.26,523.24,0.8262,-1,-1,-1
868,75,794.27,138.87,175.58,469.47,0.8587,-1,-1,-1
868,76,-29.08,0.82,371.85,1071.15,0.9110,-1,-1,-1
868,78,362.23,-0.23,396.21,1073.17,0.9193,-1,-1,-1
868,83,1167.59,201.73,104.64,337.62,0.6995,-1,-1,-1
868,85,1665.41,109.53,297.01,965.31,0.7517,-1,-1,-1
869,66,980.41,106.05,165.68,521.11,0.8229,-1,-1,-1
869,75,793.49,141.38,175.90,471.10,0.8629,-1,-1,-1
869,76,-36.56,1.77,362.60,1065.78,0.9164,-1,-1,-1
869,78,337.02,0.01,402.73,1071.78,0.9161,-1,-1,-1
869,83,1169.38,202.38,104.68,339.75,0.7080,-1,-1,-1
870,66,978.95,107.93,163.66,518.62,0.8246,-1,-1,-1
870,75,793.18,143.31,176.04,472.74,0.8689,-1,-1,-1
870,76,-43.61,3.74,352.61,1062.69,0.9126,-1,-1,-1
870,78,308.86,0.51,411.20,1071.75,0.9113,-1,-1,-1
870,83,1170.04,202.57,105.22,342.66,0.7101,-1,-1,-1
870,86,635.23,129.41,136.93,395.32,0.5774,-1,-1,-1
870,85,1737.02,189.74,205.99,680.39,0.7597,-1,-1,-1
871,66,978.49,111.84,161.58,518.06,0.8177,-1,-1,-1
871,75,793.80,148.42,175.24,471.41,0.8586,-1,-1,-1
871,76,-50.50,4.95,341.98,1062.29,0.8959,-1,-1,-1
871,78,280.00,0.42,420.56,1072.58,0.9159,-1,-1,-1
871,83,1171.76,203.84,105.19,344.29,0.6880,-1,-1,-1
871,86,624.91,134.29,150.29,433.99,0.6070,-1,-1,-1
871,85,1770.15,241.28,174.37,594.25,0.5824,-1,-1,-1
872,66,980.42,114.90,159.99,517.86,0.8111,-1,-1,-1
872,75,794.61,154.10,174.62,470.86,0.8490,-1,-1,-1
872,76,-59.25,6.17,328.36,1059.89,0.8787,-1,-1,-1
872,78,252.70,0.23,430.09,1070.57,0.9146,-1,-1,-1
872,83,1176.18,205.11,104.70,346.52,0.7177,-1,-1,-1
872,86,616.50,138.94,159.54,461.14,0.7942,-1,-1,-1
873,66,980.29,119.04,157.68,515.79,0.8105,-1,-1,-1
873,75,795.41,158.63,174.92,472.77,0.8358,-1,-1,-1
873,76,-63.69,35.86,306.46,1032.36,0.8603,-1,-1,-1
873,78,220.00,1.03,441.64,1068.64,0.9237,-1,-1,-1
873,83,1177.23,206.94,104.83,348.66,0.7086,-1,-1,-1
873,86,608.81,142.38,165.23,481.17,0.7626,-1,-1,-1
874,66,979.93,122.53,156.92,519.49,0.7985,-1,-1,-1
874,75,796.28,163.44,174.50,473.01,0.8372,-1,-1,-1
874,76,-64.06,96.02,276.21,975.87,0.8119,-1,-1,-1
874,78,185.72,-0.63,454.91,1068.85,0.9102,-1,-1,-1
874,83,1177.23,208.72,105.02,349.71,0.7216,-1,-1,-1
874,86,604.12,146.36,167.84,489.45,0.7554,-1,-1,-1
875,66,980.52,127.69,154.82,518.32,0.7911,-1,-1,-1
875,75,798.31,164.75,174.35,474.15,0.8288,-1,-1,-1
875,78,159.36,-0.04,466.41,1066.34,0.9138,-1,-1,-1
875,83,1175.20,210.62,105.59,349.24,0.6495,-1,-1,-1
875,86,599.20,147.78,170.01,493.83,0.7738,-1,-1,-1
876,66,983.01,131.74,152.34,516.89,0.8017,-1,-1,-1
876,75,800.50,166.73,173.31,471.76,0.8371,-1,-1,-1
876,78,107.61,0.53,485.18,1068.30,0.8976,-1,-1,-1
876,83,1177.25,210.56,106.91,350.77,0.6065,-1,-1,-1
876,86,592.13,147.33,173.33,500.75,0.8001,-1,-1,-1
877,66,982.96,134.46,150.61,517.72,0.8115,-1,-1,-1
877,75,802.58,167.38,171.14,465.27,0.8343,-1,-1,-1
877,78,75.77,0.67,500.60,1068.45,0.9369,-1,-1,-1
877,83,1176.76,209.76,108.35,353.93,0.6404,-1,-1,-1
877,86,581.84,146.18,174.60,505.92,0.7881,-1,-1,-1
878,66,980.78,135.24,148.98,516.06,0.7994,-1,-1,-1
878,75,800.90,165.64,172.34,469.47,0.8293,-1,-1,-1
878,78,55.37,1.25,513.33,1069.56,0.9417,-1,-1,-1
878,83,1178.50,207.96,109.60,356.84,0.6441,-1,-1,-1
878,86,575.19,143.28,178.35,512.41,0.7967,-1,-1,-1
879,66,980.31,136.07,146.99,513.68,0.8163,-1,-1,-1
879,75,799.46,163.14,173.34,473.54,0.8387,-1,-1,-1
879,78,39.27,1.05,521.86,1068.79,0.9240,-1,-1,-1
879,83,1175.29,206.98,110.18,357.55,0.6910,-1,-1,-1
879,86,566.13,142.70,181.48,516.13,0.8391,-1,-1,-1
880,66,978.53,136.04,145.55,511.43,0.8103,-1,-1,-1
880,75,799.84,159.78,172.23,470.63,0.8504,-1,-1,-1
880,78,24.97,4.44,526.38,1066.28,0.9167,-1,-1,-1
880,83,1173.67,204.06,111.32,360.37,0.7162,-1,-1,-1
880,86,557.13,142.35,185.57,520.56,0.8515,-1,-1,-1
881,66,976.37,135.56,145.13,510.75,0.8069,-1,-1,-1
881,75,799.69,157.63,171.10,466.71,0.8604,-1,-1,-1
881,78,11.24,4.24,528.38,1064.45,0.9261,-1,-1,-1
881,83,1175.44,200.49,112.23,364.17,0.7110,-1,-1,-1
881,86,549.40,142.59,190.97,523.33,0.8298,-1,-1,-1
882,66,969.06,133.20,146.38,514.42,0.8412,-1,-1,-1
882,75,797.02,154.53,171.57,468.03,0.8556,-1,-1,-1
882,78,-0.19,5.01,528.59,1063.89,0.9208,-1,-1,-1
882,83,1176.57,199.35,112.53,364.96,0.7518,-1,-1,-1
882,86,537.73,141.04,197.66,532.49,0.8173,-1,-1,-1
882,88,697.49,223.35,95.94,360.25,0.6269,-1,-1,-1
883,66,962.06,126.93,147.39,520.87,0.8340,-1,-1,-1
883,75,795.10,152.58,171.09,466.27,0.8532,-1,-1,-1
883,78,-10.62,6.13,525.40,1061.03,0.9380,-1,-1,-1
883,83,1176.86,200.87,112.50,364.05,0.7632,-1,-1,-1
883,86,524.68,140.76,203.61,537.70,0.8178,-1,-1,-1
883,88,693.63,219.06,97.62,365.96,0.6265,-1,-1,-1
884,66,958.36,123.24,147.70,523.61,0.7681,-1,-1,-1
884,75,793.95,151.06,171.01,466.46,0.8347,-1,-1,-1
884,78,-25.76,6.15,518.64,1059.11,0.9147,-1,-1,-1
884,83,1177.50,199.92,113.33,366.98,0.7445,-1,-1,-1
884,86,509.26,139.02,208.77,543.67,0.7863,-1,-1,-1
884,88,685.11,224.89,96.14,357.87,0.4761,-1,-1,-1
885,66,956.73,119.21,147.69,525.70,0.7978,-1,-1,-1
885,75,789.98,149.47,171.83,469.41,0.8272,-1,-1,-1
885,78,-42.98,7.63,508.27,1058.11,0.9100,-1,-1,-1
885,83,1177.26,199.50,113.85,367.51,0.7262,-1,-1,-1
885,86,498.03,138.70,214.26,550.36,0.7694,-1,-1,-1
885,88,678.97,226.51,94.64,348.59,0.4708,-1,-1,-1
886,66,954.49,116.45,145.73,519.98,0.8179,-1,-1,-1
886,75,782.93,147.84,173.01,474.02,0.8345,-1,-1,-1
886,78,-61.50,5.37,495.40,1060.37,0.8796,-1,-1,-1
886,83,1175.38,200.88,114.60,368.47,0.7361,-1,-1,-1
886,86,476.47,136.28,220.43,559.49,0.7897,-1,-1,-1
886,88,673.34,217.12,88.62,321.00,0.3496,-1,-1,-1
887,66,952.91,115.69,144.50,515.80,0.8075,-1,-1,-1
887,75,775.41,151.28,173.03,472.17,0.8474,-1,-1,-1
887,78,-78.90,15.33,472.50,1049.77,0.4254,-1,-1,-1
887,83,1171.83,202.92,114.58,368.55,0.7779,-1,-1,-1
887,86,460.39,128.18,228.46,572.14,0.8619,-1,-1,-1
887,88,662.71,220.82,87.38,308.97,0.4483,-1,-1,-1
888,66,941.99,121.54,143.19,504.66,0.8170,-1,-1,-1
888,75,772.77,153.84,172.15,470.86,0.8300,-1,-1,-1
888,83,1169.02,204.35,114.67,367.46,0.7413,-1,-1,-1
888,86,444.48,120.33,235.87,584.20,0.8356,-1,-1,-1
888,88,650.49,214.67,90.14,312.71,0.4532,-1,-1,-1
889,66,934.16,117.51,145.10,508.61,0.7966,-1,-1,-1
889,75,764.36,155.94,172.15,470.93,0.7859,-1,-1,-1
889,83,1165.35,204.56,115.55,369.27,0.7059,-1,-1,-1
889,86,426.87,111.97,241.97,592.93,0.8578,-1,-1,-1
889,88,631.67,221.92,91.91,310.71,0.3016,-1,-1,-1
890,66,913.94,118.88,147.51,509.94,0.8090,-1,-1,-1
890,75,751.73,161.05,171.81,471.12,0.8133,-1,-1,-1
890,83,1156.73,207.09,115.90,370.33,0.7253,-1,-1,-1
890,86,401.10,106.04,247.67,604.87,0.8353,-1,-1,-1
890,88,601.59,199.04,112.57,379.90,0.4053,-1,-1,-1
891,66,906.62,119.95,149.39,513.17,0.8332,-1,-1,-1
891,75,735.84,163.56,172.26,470.11,0.8517,-1,-1,-1
891,83,1147.00,209.41,116.19,370.72,0.7855,-1,-1,-1
891,86,375.84,95.28,256.00,620.12,0.7534,-1,-1,-1
891,88,592.35,206.63,109.71,371.97,0.3740,-1,-1,-1
892,66,893.15,122.31,150.35,513.80,0.8481,-1,-1,-1
892,75,721.24,166.25,172.09,468.82,0.8357,-1,-1,-1
892,83,1136.20,212.20,116.02,371.24,0.7825,-1,-1,-1
892,86,352.55,87.26,263.61,633.94,0.8512,-1,-1,-1
892,88,565.30,209.86,115.72,383.29,0.2748,-1,-1,-1
893,66,881.58,125.45,151.45,514.71,0.8260,-1,-1,-1
893,75,707.75,166.33,172.90,470.86,0.8188,-1,-1,-1
893,83,1126.35,214.38,117.64,376.77,0.7905,-1,-1,-1
893,86,327.56,83.26,270.62,646.39,0.7572,-1,-1,-1
893,88,535.17,212.28,121.91,398.99,0.4086,-1,-1,-1
894,66,869.81,130.62,152.79,516.73,0.7594,-1,-1,-1
894,75,694.98,167.62,173.47,473.26,0.8463,-1,-1,-1
894,83,1118.47,217.56,117.51,377.11,0.7930,-1,-1,-1
894,86,308.06,81.50,276.26,654.42,0.8380,-1,-1,-1
894,88,516.13,219.35,128.41,410.25,0.3676,-1,-1,-1
895,66,854.12,134.48,153.98,518.71,0.7762,-1,-1,-1
895,75,682.23,170.01,172.70,472.18,0.8565,-1,-1,-1
895,83,1111.47,220.12,118.47,379.10,0.7965,-1,-1,-1
895,86,289.26,78.92,284.45,669.88,0.7094,-1,-1,-1
895,88,512.61,225.12,129.88,409.61,0.3604,-1,-1,-1
896,66,842.90,137.61,156.73,518.95,0.8283,-1,-1,-1
896,75,673.65,170.12,171.45,469.06,0.8337,-1,-1,-1
896,83,1106.55,224.16,118.55,376.94,0.7502,-1,-1,-1
896,86,264.79,76.30,290.03,683.26,0.8388,-1,-1,-1
896,88,493.57,196.29,142.46,451.04,0.4460,-1,-1,-1
897,66,833.97,143.06,158.28,515.37,0.8282,-1,-1,-1
897,75,666.15,170.31,170.47,467.20,0.8088,-1,-1,-1
897,83,1100.73,227.06,119.35,377.17,0.7876,-1,-1,-1
897,86,246.37,71.63,298.90,703.27,0.8677,-1,-1,-1
897,88,488.51,182.95,143.60,463.43,0.3774,-1,-1,-1
898,66,831.50,146.92,160.53,515.06,0.8317,-1,-1,-1
898,75,661.75,170.09,169.75,466.19,0.8208,-1,-1,-1
898,83,1097.76,228.30,121.02,380.77,0.8016,-1,-1,-1
898,86,230.27,66.95,311.10,733.40,0.8666,-1,-1,-1
898,88,478.38,177.22,145.61,475.49,0.5384,-1,-1,-1
899,66,829.18,149.37,163.10,515.54,0.8329,-1,-1,-1
899,75,655.34,169.94,172.60,473.58,0.7895,-1,-1,-1
899,83,1096.24,231.52,121.45,380.57,0.7905,-1,-1,-1
899,86,216.64,64.61,316.77,748.03,0.8347,-1,-1,-1
899,88,462.02,173.34,149.75,490.69,0.4800,-1,-1,-1
900,66,829.95,152.04,164.76,514.56,0.8239,-1,-1,-1
900,75,653.40,169.96,174.46,479.80,0.8099,-1,-1,-1
900,83,1098.59,231.21,123.27,384.20,0.8069,-1,-1,-1
900,86,198.82,60.05,318.72,761.19,0.7910,-1,-1,-1
900,88,451.20,169.59,153.85,505.77,0.5942,-1,-1,-1
