1,2,16.00,148.79,74.71,190.82,0.8159,-1,-1,-1
1,1,118.00,157.54,79.98,171.14,0.8483,-1,-1,-1
2,2,18.03,145.06,73.99,194.95,0.8562,-1,-1,-1
2,1,118.12,154.66,82.42,174.87,0.8473,-1,-1,-1
3,2,22.25,136.40,73.97,204.86,0.8290,-1,-1,-1
3,1,125.30,153.65,64.38,177.56,0.7130,-1,-1,-1
4,3,252.54,192.52,25.44,68.49,0.4795,-1,-1,-1
4,2,27.41,144.09,72.50,199.25,0.8193,-1,-1,-1
4,1,129.75,154.35,81.51,179.31,0.8465,-1,-1,-1
5,3,263.99,199.80,22.90,63.74,0.5437,-1,-1,-1
5,2,35.17,139.76,73.38,208.31,0.8695,-1,-1,-1
5,1,135.54,157.36,85.26,180.09,0.8143,-1,-1,-1
6,5,251.01,197.54,22.10,66.49,0.4313,-1,-1,-1
6,4,222.27,197.42,24.84,67.70,0.6156,-1,-1,-1
6,3,269.01,197.75,25.40,66.95,0.5848,-1,-1,-1
6,2,33.48,141.13,79.78,208.89,0.8529,-1,-1,-1
6,1,141.04,154.79,86.84,184.57,0.8338,-1,-1,-1
7,5,257.27,196.15,21.42,61.87,0.6032,-1,-1,-1
7,4,226.07,198.46,25.26,65.83,0.6565,-1,-1,-1
7,3,274.44,199.35,26.26,62.83,0.6750,-1,-1,-1
7,2,39.09,140.46,76.27,209.45,0.8356,-1,-1,-1
7,1,144.28,152.05,87.81,187.61,0.8595,-1,-1,-1
8,5,264.99,198.19,20.34,64.70,0.5559,-1,-1,-1
8,4,234.81,200.26,24.39,65.49,0.6827,-1,-1,-1
8,3,280.74,200.74,26.68,65.41,0.5866,-1,-1,-1
8,2,42.18,140.22,78.56,213.55,0.8246,-1,-1,-1
8,1,152.25,152.72,88.69,190.76,0.8704,-1,-1,-1
9,5,269.82,198.91,22.67,66.64,0.6479,-1,-1,-1
9,4,240.75,203.74,25.04,62.58,0.5644,-1,-1,-1
9,3,288.27,199.47,25.29,66.11,0.7191,-1,-1,-1
9,2,47.47,140.30,77.90,213.26,0.8303,-1,-1,-1
9,1,156.61,151.64,87.54,193.24,0.8672,-1,-1,-1
10,5,278.72,196.60,21.72,67.12,0.4568,-1,-1,-1
10,4,250.61,196.75,25.47,68.86,0.6484,-1,-1,-1
10,3,296.07,201.54,25.54,64.70,0.6351,-1,-1,-1
10,2,48.26,134.85,86.26,221.30,0.8570,-1,-1,-1
10,1,164.69,147.69,87.98,198.29,0.8699,-1,-1,-1
11,11,142.24,195.46,29.63,69.94,0.5640,-1,-1,-1
11,5,285.00,198.00,23.30,67.43,0.6967,-1,-1,-1
11,4,255.51,201.24,21.79,64.14,0.4894,-1,-1,-1
11,3,306.28,201.06,21.45,64.59,0.6467,-1,-1,-1
11,2,54.73,135.49,85.27,221.82,0.8676,-1,-1,-1
11,1,170.95,147.20,88.75,201.15,0.8610,-1,-1,-1
12,11,153.65,198.37,29.97,68.83,0.5758,-1,-1,-1
12,4,269.34,199.55,24.76,68.66,0.6254,-1,-1,-1
12,3,316.22,205.73,22.56,62.62,0.5015,-1,-1,-1
12,2,64.76,130.19,83.60,233.83,0.8809,-1,-1,-1
12,1,181.95,147.81,92.42,205.49,0.8703,-1,-1,-1
13,11,159.03,196.49,30.47,71.15,0.5698,-1,-1,-1
13,5,304.12,204.01,20.63,62.73,0.4755,-1,-1,-1
13,4,275.68,200.24,23.82,68.25,0.5115,-1,-1,-1
13,3,321.07,194.02,25.31,73.79,0.4626,-1,-1,-1
13,2,67.43,143.00,85.98,222.28,0.8562,-1,-1,-1
13,1,183.00,147.34,97.42,209.39,0.8587,-1,-1,-1
14,11,170.77,195.92,29.59,71.31,0.5991,-1,-1,-1
14,5,316.76,201.45,22.06,65.23,0.5769,-1,-1,-1
14,4,287.01,204.24,23.49,62.61,0.5901,-1,-1,-1
14,3,335.03,205.99,21.09,61.90,0.3740,-1,-1,-1
14,2,83.27,127.70,81.05,239.34,0.8714,-1,-1,-1
14,1,198.54,145.06,93.45,212.05,0.8290,-1,-1,-1
15,14,0.09,144.76,42.27,166.75,0.5381,-1,-1,-1
15,11,182.53,197.98,28.53,70.69,0.6608,-1,-1,-1
15,5,326.00,200.19,23.34,67.72,0.5192,-1,-1,-1
15,4,297.35,202.31,22.50,66.96,0.5781,-1,-1,-1
15,3,346.35,205.29,26.82,64.42,0.6199,-1,-1,-1
15,2,85.29,138.89,86.48,232.00,0.8601,-1,-1,-1
15,1,209.87,145.28,95.30,216.21,0.8599,-1,-1,-1
16,14,0.23,143.04,46.79,154.27,0.4313,-1,-1,-1
16,11,185.54,193.32,30.25,71.76,0.6429,-1,-1,-1
16,5,330.81,194.93,24.37,71.16,0.5513,-1,-1,-1
16,4,300.81,198.23,24.15,66.78,0.6869,-1,-1,-1
16,3,352.52,199.41,27.46,67.77,0.5448,-1,-1,-1
16,2,78.10,123.43,96.98,246.71,0.8775,-1,-1,-1
16,1,211.57,144.66,100.15,215.82,0.8453,-1,-1,-1
17,14,0.14,140.89,65.12,148.61,0.3773,-1,-1,-1
17,11,189.15,192.90,28.59,71.68,0.6428,-1,-1,-1
17,5,334.86,195.46,23.16,69.61,0.4478,-1,-1,-1
17,4,306.40,195.80,24.12,69.86,0.5983,-1,-1,-1
17,3,353.59,186.35,25.64,78.20,0.4918,-1,-1,-1
17,2,85.11,124.10,92.81,247.65,0.8982,-1,-1,-1
17,1,213.39,139.66,108.32,223.44,0.7740,-1,-1,-1
18,14,0.11,140.72,47.99,157.32,0.4972,-1,-1,-1
18,11,193.74,195.01,27.42,69.79,0.5470,-1,-1,-1
18,4,312.04,195.09,21.92,71.24,0.7057,-1,-1,-1
18,2,83.47,124.55,97.07,252.59,0.9012,-1,-1,-1
18,1,215.75,137.60,111.29,230.30,0.8572,-1,-1,-1
19,14,0.10,137.70,44.32,157.16,0.3073,-1,-1,-1
19,11,193.96,192.78,29.05,70.10,0.5149,-1,-1,-1
19,4,311.08,192.43,25.54,71.09,0.6221,-1,-1,-1
19,2,81.28,118.63,98.10,257.49,0.9063,-1,-1,-1
19,1,217.42,132.73,112.83,235.02,0.8667,-1,-1,-1
20,11,192.26,187.30,28.85,72.94,0.5810,-1,-1,-1
20,2,76.62,112.99,99.10,265.29,0.9028,-1,-1,-1
20,1,214.28,128.40,113.97,241.08,0.8877,-1,-1,-1
21,16,43.00,186.45,24.71,69.58,0.5714,-1,-1,-1
21,14,0.05,131.95,37.81,165.56,0.5210,-1,-1,-1
21,11,192.25,186.22,27.94,74.55,0.6605,-1,-1,-1
21,2,72.85,107.12,102.23,275.11,0.8987,-1,-1,-1
21,1,213.93,126.38,116.70,247.78,0.8791,-1,-1,-1
22,16,41.68,183.03,28.63,71.11,0.4110,-1,-1,-1
22,14,0.04,128.85,38.12,225.63,0.3499,-1,-1,-1
22,11,194.27,185.85,27.00,73.36,0.3513,-1,-1,-1
22,2,68.14,103.45,105.82,280.99,0.8849,-1,-1,-1
22,1,214.45,122.68,117.92,253.72,0.8829,-1,-1,-1
23,16,50.58,191.45,22.27,67.16,0.3670,-1,-1,-1
23,14,0.00,133.35,39.24,228.86,0.3567,-1,-1,-1
23,11,198.42,190.57,25.85,73.22,0.5795,-1,-1,-1
23,2,68.10,104.67,106.88,290.00,0.8964,-1,-1,-1
23,1,215.09,123.43,118.36,261.29,0.8812,-1,-1,-1
24,17,0.00,133.60,23.48,88.96,0.3389,-1,-1,-1
24,14,0.31,133.16,40.33,164.58,0.4355,-1,-1,-1
24,2,65.06,104.26,111.97,294.78,0.8601,-1,-1,-1
24,1,221.39,121.38,114.77,265.54,0.7988,-1,-1,-1
25,14,0.13,134.21,38.16,170.40,0.3618,-1,-1,-1
25,2,61.22,103.05,116.34,304.22,0.8911,-1,-1,-1
25,1,231.81,120.72,109.30,276.02,0.8810,-1,-1,-1
26,14,0.14,132.76,37.43,171.72,0.3656,-1,-1,-1
26,2,57.58,100.38,118.97,309.59,0.8824,-1,-1,-1
26,1,230.68,116.22,110.19,281.82,0.8712,-1,-1,-1
27,14,0.19,130.48,38.38,169.96,0.4623,-1,-1,-1
27,2,55.26,95.62,121.65,315.96,0.8972,-1,-1,-1
27,1,236.82,112.99,110.49,288.71,0.8809,-1,-1,-1
28,14,0.12,129.84,39.15,170.20,0.3375,-1,-1,-1
28,2,54.28,94.27,123.38,323.29,0.9022,-1,-1,-1
28,1,240.80,111.12,110.18,294.88,0.8850,-1,-1,-1
29,2,51.31,85.89,127.94,339.06,0.8817,-1,-1,-1
29,1,232.61,105.08,124.45,303.33,0.8658,-1,-1,-1
30,14,0.13,125.05,36.65,179.72,0.3052,-1,-1,-1
30,2,47.88,83.84,132.22,345.74,0.8887,-1,-1,-1
30,1,234.40,103.20,124.33,310.31,0.8838,-1,-1,-1
31,19,392.86,175.87,20.95,35.07,0.3313,-1,-1,-1
31,18,142.19,81.16,48.90,171.11,0.4194,-1,-1,-1
31,2,42.23,80.18,140.05,353.66,0.8946,-1,-1,-1
31,1,246.16,98.28,119.46,321.50,0.8790,-1,-1,-1
32,18,147.41,80.01,47.44,177.02,0.5283,-1,-1,-1
32,4,408.28,190.83,25.90,75.44,0.6675,-1,-1,-1
32,2,44.75,77.66,139.68,364.70,0.8790,-1,-1,-1
32,1,254.42,96.55,120.03,332.52,0.8769,-1,-1,-1
33,18,153.36,76.81,46.44,183.03,0.3762,-1,-1,-1
33,9,360.96,186.77,26.99,75.26,0.6280,-1,-1,-1
33,4,418.41,188.94,26.62,75.16,0.6741,-1,-1,-1
33,2,53.85,70.24,137.08,374.55,0.8887,-1,-1,-1
33,1,259.20,89.68,127.62,339.11,0.8614,-1,-1,-1
34,18,158.84,75.03,54.93,179.84,0.5099,-1,-1,-1
34,14,0.13,116.17,28.68,100.75,0.5158,-1,-1,-1
34,9,368.31,186.99,29.79,76.95,0.6829,-1,-1,-1
34,4,425.93,187.47,27.09,79.15,0.6606,-1,-1,-1
34,2,60.38,70.62,140.43,381.35,0.8852,-1,-1,-1
34,1,270.25,88.97,130.59,352.15,0.8579,-1,-1,-1
35,21,410.21,189.36,24.56,76.19,0.4802,-1,-1,-1
35,14,0.14,119.09,37.09,104.41,0.6111,-1,-1,-1
35,9,377.30,189.66,28.10,76.97,0.7059,-1,-1,-1
35,4,434.95,190.55,28.38,78.29,0.6583,-1,-1,-1
35,2,65.82,70.71,139.90,387.10,0.9043,-1,-1,-1
35,1,269.71,88.40,147.57,360.95,0.8551,-1,-1,-1
36,22,420.72,181.39,26.31,83.68,0.4862,-1,-1,-1
36,18,174.66,71.40,55.57,182.92,0.5570,-1,-1,-1
36,9,387.61,189.34,27.59,75.91,0.5831,-1,-1,-1
36,4,447.67,189.76,28.31,77.94,0.6642,-1,-1,-1
36,2,71.90,62.12,145.93,400.48,0.8947,-1,-1,-1
36,1,270.51,80.76,163.26,370.23,0.8937,-1,-1,-1
37,21,425.05,188.28,23.76,77.78,0.3207,-1,-1,-1
37,18,177.53,71.24,53.74,186.12,0.4362,-1,-1,-1
37,9,391.56,189.42,28.38,76.19,0.6551,-1,-1,-1
37,4,452.27,190.29,26.81,78.51,0.6200,-1,-1,-1
37,2,72.20,61.20,148.35,405.58,0.9014,-1,-1,-1
37,1,271.55,78.06,167.84,378.76,0.8908,-1,-1,-1
38,21,430.11,189.79,27.09,78.66,0.5466,-1,-1,-1
38,18,181.03,70.97,57.56,196.27,0.4524,-1,-1,-1
38,9,398.01,194.89,29.04,72.67,0.4974,-1,-1,-1
38,4,456.84,189.64,29.03,80.90,0.7279,-1,-1,-1
38,2,70.67,58.89,153.26,416.20,0.8759,-1,-1,-1
38,1,278.85,76.50,176.56,388.76,0.8878,-1,-1,-1
39,21,434.69,186.90,26.12,78.02,0.5784,-1,-1,-1
39,18,182.56,63.49,57.41,195.58,0.5570,-1,-1,-1
39,9,403.58,195.87,26.71,69.99,0.5587,-1,-1,-1
39,4,460.15,187.37,33.27,82.03,0.6729,-1,-1,-1
39,2,69.38,53.46,158.09,424.70,0.8789,-1,-1,-1
39,1,284.52,70.32,178.43,398.18,0.8903,-1,-1,-1
40,21,438.90,185.94,28.04,82.57,0.5364,-1,-1,-1
40,18,185.35,63.00,55.86,200.51,0.6956,-1,-1,-1
40,9,409.61,199.87,23.29,69.75,0.4662,-1,-1,-1
40,4,465.03,188.41,31.37,83.41,0.7036,-1,-1,-1
40,2,67.65,52.76,162.43,427.24,0.8846,-1,-1,-1
40,1,285.41,65.83,187.17,412.90,0.8875,-1,-1,-1
41,21,440.00,188.55,26.90,79.49,0.5489,-1,-1,-1
41,18,183.08,63.08,57.61,198.71,0.7384,-1,-1,-1
41,17,0.00,114.38,49.47,153.99,0.3847,-1,-1,-1
41,4,468.32,189.00,31.19,46.58,0.6167,-1,-1,-1
41,2,64.02,48.69,166.26,431.31,0.8903,-1,-1,-1
41,1,289.64,63.05,191.42,416.70,0.8832,-1,-1,-1
42,18,177.51,55.39,60.28,209.33,0.6338,-1,-1,-1
42,4,465.12,187.50,33.99,38.64,0.5380,-1,-1,-1
42,2,49.75,41.68,173.68,438.32,0.8915,-1,-1,-1
42,1,283.00,56.10,199.33,423.90,0.8998,-1,-1,-1
43,18,175.18,50.88,58.65,206.81,0.6477,-1,-1,-1
43,11,265.84,186.82,24.77,76.70,0.3266,-1,-1,-1
43,4,463.99,190.29,30.43,31.68,0.5274,-1,-1,-1
43,2,46.89,35.96,174.27,443.94,0.8963,-1,-1,-1
43,1,281.48,53.22,206.08,426.78,0.9045,-1,-1,-1
44,18,174.66,48.49,59.79,212.35,0.6432,-1,-1,-1
44,11,266.53,186.80,26.07,77.78,0.3627,-1,-1,-1
44,2,43.02,30.72,178.19,448.73,0.8976,-1,-1,-1
44,1,280.32,50.45,210.73,429.55,0.9040,-1,-1,-1
45,18,176.06,47.57,61.64,215.54,0.6473,-1,-1,-1
45,17,0.12,99.84,39.38,325.68,0.3614,-1,-1,-1
45,11,267.56,185.81,28.04,77.83,0.4538,-1,-1,-1
45,2,41.68,27.66,178.90,450.67,0.8951,-1,-1,-1
45,1,283.92,46.70,213.80,432.70,0.8963,-1,-1,-1
46,18,174.38,45.26,62.83,218.36,0.6941,-1,-1,-1
46,17,0.23,97.61,37.00,329.64,0.4199,-1,-1,-1
46,2,35.49,19.78,185.22,459.64,0.8835,-1,-1,-1
46,1,277.21,42.80,224.94,437.20,0.9093,-1,-1,-1
47,18,173.95,41.23,61.73,216.85,0.6579,-1,-1,-1
47,17,0.18,93.95,37.26,334.84,0.3057,-1,-1,-1
47,11,269.56,183.33,27.35,79.36,0.3720,-1,-1,-1
47,2,32.48,15.00,186.97,464.02,0.8725,-1,-1,-1
47,1,284.04,38.02,222.68,441.98,0.9064,-1,-1,-1
48,18,176.78,38.41,63.94,223.29,0.6421,-1,-1,-1
48,17,0.06,93.08,40.57,341.20,0.3445,-1,-1,-1
48,2,29.47,11.86,193.43,468.14,0.8635,-1,-1,-1
48,1,289.85,29.60,222.75,449.63,0.8999,-1,-1,-1
49,18,176.26,36.63,65.95,226.82,0.6403,-1,-1,-1
49,14,0.07,93.22,30.97,113.27,0.3328,-1,-1,-1
49,2,26.90,9.92,200.88,466.84,0.8602,-1,-1,-1
49,1,286.49,29.10,230.50,450.90,0.8895,-1,-1,-1
50,18,173.85,34.65,67.06,237.16,0.6500,-1,-1,-1
50,14,0.08,90.33,29.67,117.47,0.5211,-1,-1,-1
50,2,20.07,3.04,204.92,475.55,0.8585,-1,-1,-1
50,1,285.26,22.87,233.39,456.17,0.8995,-1,-1,-1
51,18,174.24,33.52,70.98,238.27,0.7357,-1,-1,-1
51,14,0.07,89.53,30.90,117.92,0.4487,-1,-1,-1
51,2,22.51,1.61,201.03,474.77,0.8588,-1,-1,-1
51,1,285.17,19.73,239.00,459.60,0.9086,-1,-1,-1
52,18,173.38,30.07,71.10,240.06,0.5959,-1,-1,-1
52,14,0.03,87.19,31.20,161.52,0.4839,-1,-1,-1
52,2,16.73,0.71,204.80,477.16,0.8464,-1,-1,-1
52,1,290.78,16.22,238.04,462.54,0.9019,-1,-1,-1
53,18,173.51,28.34,70.36,239.68,0.6308,-1,-1,-1
53,14,0.02,86.41,37.46,162.29,0.3694,-1,-1,-1
53,2,13.19,0.40,211.43,479.16,0.8605,-1,-1,-1
53,1,287.70,14.36,248.91,464.66,0.9044,-1,-1,-1
54,18,173.33,28.62,71.36,240.93,0.5766,-1,-1,-1
54,14,0.07,87.45,36.05,113.84,0.4177,-1,-1,-1
54,2,13.88,1.13,210.80,475.89,0.8423,-1,-1,-1
54,1,290.28,12.60,249.75,467.40,0.9116,-1,-1,-1
55,18,175.39,26.16,71.58,243.92,0.5494,-1,-1,-1
55,14,0.16,86.28,37.06,197.19,0.4516,-1,-1,-1
55,2,11.50,1.16,214.05,478.13,0.8571,-1,-1,-1
55,1,293.98,8.20,256.97,469.28,0.8857,-1,-1,-1
56,18,176.29,24.80,71.45,246.92,0.5891,-1,-1,-1
56,14,0.08,84.20,36.75,166.13,0.4633,-1,-1,-1
56,2,12.59,0.32,215.61,478.24,0.8620,-1,-1,-1
56,1,290.19,5.97,262.32,472.29,0.8457,-1,-1,-1
57,18,176.32,23.06,73.61,289.46,0.6122,-1,-1,-1
57,14,0.08,83.57,36.00,165.79,0.5689,-1,-1,-1
57,2,7.91,1.26,219.95,475.51,0.8576,-1,-1,-1
57,1,300.89,2.86,262.12,476.58,0.9115,-1,-1,-1
58,18,176.06,20.68,76.17,380.42,0.4966,-1,-1,-1
58,14,0.09,83.52,34.58,165.48,0.4867,-1,-1,-1
58,2,8.04,1.22,219.53,475.95,0.8592,-1,-1,-1
58,1,302.03,2.63,264.42,477.37,0.8997,-1,-1,-1
59,18,177.24,20.75,75.81,332.87,0.7052,-1,-1,-1
59,14,0.07,84.46,32.17,163.42,0.4015,-1,-1,-1
59,2,6.17,1.29,222.85,475.96,0.8446,-1,-1,-1
59,1,302.97,1.52,273.80,477.85,0.9035,-1,-1,-1
60,18,174.69,19.06,79.85,407.80,0.5708,-1,-1,-1
60,14,0.17,79.66,29.87,219.37,0.3765,-1,-1,-1
60,2,5.43,0.65,224.82,476.92,0.8185,-1,-1,-1
60,1,303.41,0.10,280.93,477.30,0.9006,-1,-1,-1
61,18,175.40,18.34,78.89,402.86,0.6080,-1,-1,-1
61,14,0.11,80.14,28.50,213.28,0.3824,-1,-1,-1
61,2,2.04,1.41,225.82,475.31,0.8557,-1,-1,-1
61,1,307.59,0.00,284.29,479.09,0.8971,-1,-1,-1
62,18,178.11,16.49,78.71,414.94,0.7277,-1,-1,-1
62,14,0.28,78.48,31.50,226.90,0.4519,-1,-1,-1
62,2,1.77,1.26,225.23,475.73,0.8612,-1,-1,-1
62,1,312.29,0.09,285.94,474.10,0.8306,-1,-1,-1
63,21,565.04,192.85,20.96,51.33,0.3502,-1,-1,-1
63,18,176.92,15.07,80.71,419.14,0.7196,-1,-1,-1
63,14,0.21,75.47,37.57,361.95,0.3740,-1,-1,-1
63,2,0.90,1.57,225.56,475.76,0.7900,-1,-1,-1
63,1,313.11,0.14,286.19,479.86,0.8857,-1,-1,-1
64,18,175.82,15.28,83.41,411.97,0.5741,-1,-1,-1
64,14,0.26,75.39,33.82,383.59,0.3599,-1,-1,-1
64,2,1.26,2.26,227.96,476.16,0.8101,-1,-1,-1
64,1,317.48,0.00,286.52,480.00,0.8757,-1,-1,-1
65,24,501.67,192.99,26.21,76.47,0.6448,-1,-1,-1
65,18,178.09,14.40,83.25,347.89,0.5250,-1,-1,-1
65,14,0.33,74.61,35.29,353.24,0.3514,-1,-1,-1
65,2,0.88,1.53,236.02,474.63,0.7658,-1,-1,-1
65,1,316.99,0.00,288.10,480.00,0.8766,-1,-1,-1
66,25,0.12,78.64,22.01,128.41,0.3766,-1,-1,-1
66,24,502.25,192.04,26.49,76.79,0.6825,-1,-1,-1
66,18,177.44,13.18,85.57,329.66,0.6343,-1,-1,-1
66,14,0.20,74.98,33.52,376.53,0.3685,-1,-1,-1
66,2,0.50,1.45,230.62,472.87,0.8417,-1,-1,-1
66,1,312.45,0.24,293.48,479.76,0.8840,-1,-1,-1
67,24,503.61,192.62,24.53,76.40,0.6500,-1,-1,-1
67,21,574.01,197.39,18.90,41.95,0.4011,-1,-1,-1
67,18,179.92,11.68,83.37,414.37,0.7478,-1,-1,-1
67,14,0.22,75.50,32.07,380.16,0.5349,-1,-1,-1
67,2,0.53,1.30,226.19,476.84,0.8087,-1,-1,-1
67,1,310.64,0.00,300.04,479.80,0.8852,-1,-1,-1
68,24,505.93,192.78,23.09,76.87,0.6045,-1,-1,-1
68,18,178.94,11.22,84.91,432.48,0.6782,-1,-1,-1
68,14,0.15,75.27,33.97,335.64,0.3686,-1,-1,-1
68,2,0.07,3.04,225.51,474.66,0.7491,-1,-1,-1
68,1,316.68,0.50,294.80,479.50,0.8942,-1,-1,-1
69,25,0.12,77.88,22.38,129.65,0.3674,-1,-1,-1
69,24,505.85,193.53,22.11,75.41,0.6367,-1,-1,-1
69,21,576.60,198.02,22.60,50.94,0.3176,-1,-1,-1
69,18,179.09,10.04,85.55,434.11,0.6041,-1,-1,-1
69,14,0.28,73.78,34.54,361.70,0.3952,-1,-1,-1
69,2,0.24,2.96,225.25,475.43,0.7383,-1,-1,-1
69,1,317.89,0.67,292.38,479.33,0.8914,-1,-1,-1
70,26,295.47,176.94,26.65,85.10,0.5260,-1,-1,-1
70,25,0.13,77.69,22.62,128.20,0.3831,-1,-1,-1
70,24,506.31,193.06,22.89,76.01,0.6176,-1,-1,-1
70,21,577.29,194.17,23.98,53.06,0.3085,-1,-1,-1
70,18,183.25,9.34,83.67,424.02,0.8348,-1,-1,-1
70,14,0.27,74.77,34.80,356.32,0.4045,-1,-1,-1
70,2,0.07,1.30,223.13,478.61,0.8237,-1,-1,-1
70,1,317.58,0.53,292.53,479.47,0.8924,-1,-1,-1
71,26,292.87,176.68,28.65,84.63,0.5886,-1,-1,-1
71,25,0.12,78.20,22.56,125.91,0.4382,-1,-1,-1
71,24,506.53,193.29,22.52,74.72,0.5617,-1,-1,-1
71,18,183.93,8.28,84.58,425.11,0.8365,-1,-1,-1
71,14,0.27,74.04,33.70,368.50,0.3856,-1,-1,-1
71,2,0.16,1.35,222.43,478.65,0.8286,-1,-1,-1
71,1,317.50,0.00,291.05,480.00,0.8761,-1,-1,-1
72,26,290.35,176.73,31.83,85.17,0.6206,-1,-1,-1
72,25,0.11,78.25,22.84,126.61,0.4065,-1,-1,-1
72,24,506.68,192.76,22.68,76.37,0.5836,-1,-1,-1
72,21,586.43,196.48,22.64,50.67,0.5860,-1,-1,-1
72,18,184.57,7.90,85.05,425.83,0.8375,-1,-1,-1
72,14,0.26,75.44,33.07,369.11,0.4919,-1,-1,-1
72,2,0.08,1.25,223.05,478.75,0.8600,-1,-1,-1
72,1,315.71,0.48,294.32,479.52,0.8827,-1,-1,-1
73,26,289.86,177.24,30.83,82.45,0.6046,-1,-1,-1
73,25,0.12,78.08,22.49,128.37,0.4078,-1,-1,-1
73,24,505.55,192.11,23.12,78.17,0.5064,-1,-1,-1
73,21,586.24,196.17,23.22,52.09,0.5504,-1,-1,-1
73,18,184.88,10.69,87.61,422.75,0.8394,-1,-1,-1
73,14,0.26,73.88,34.44,360.47,0.3455,-1,-1,-1
73,2,0.09,1.33,223.14,478.67,0.8544,-1,-1,-1
73,1,313.18,0.44,297.56,479.56,0.8921,-1,-1,-1
74,26,290.20,177.05,30.30,82.26,0.5461,-1,-1,-1
74,25,0.12,78.29,22.63,125.92,0.4139,-1,-1,-1
74,24,505.17,193.32,22.63,75.68,0.5655,-1,-1,-1
74,18,185.20,9.20,88.91,423.47,0.8486,-1,-1,-1
74,14,0.29,73.27,34.12,352.48,0.3470,-1,-1,-1
74,2,0.20,1.33,223.36,477.61,0.8475,-1,-1,-1
74,1,312.64,0.05,294.98,479.95,0.8503,-1,-1,-1
75,26,290.13,177.34,31.25,82.02,0.6052,-1,-1,-1
75,25,0.10,77.62,22.95,125.39,0.3658,-1,-1,-1
75,18,186.87,9.84,88.77,422.33,0.8458,-1,-1,-1
75,14,0.25,73.76,35.39,367.65,0.3000,-1,-1,-1
75,2,1.00,0.88,222.12,478.32,0.8280,-1,-1,-1
75,1,306.74,0.56,295.04,479.44,0.8712,-1,-1,-1
76,26,290.36,176.91,30.24,81.45,0.6551,-1,-1,-1
76,25,0.12,78.26,22.58,128.70,0.3270,-1,-1,-1
76,18,186.97,10.17,89.28,422.56,0.8553,-1,-1,-1
76,2,1.14,0.80,221.88,478.19,0.8185,-1,-1,-1
76,1,305.41,0.00,297.44,478.59,0.8883,-1,-1,-1
77,26,289.87,176.71,32.24,81.37,0.6554,-1,-1,-1
77,25,0.12,78.71,22.77,117.45,0.3555,-1,-1,-1
77,18,187.47,9.79,89.04,421.53,0.8453,-1,-1,-1
77,2,1.42,0.84,222.30,476.74,0.8267,-1,-1,-1
77,1,303.71,0.00,295.21,477.40,0.8743,-1,-1,-1
78,26,289.38,177.29,30.92,80.98,0.4950,-1,-1,-1
78,25,0.16,78.89,22.72,111.66,0.4592,-1,-1,-1
78,18,189.05,9.11,86.46,422.02,0.8443,-1,-1,-1
78,2,1.07,1.18,223.17,478.82,0.8335,-1,-1,-1
78,1,301.74,0.00,297.48,476.71,0.8931,-1,-1,-1
79,26,288.66,177.83,33.38,80.52,0.4675,-1,-1,-1
79,25,0.13,79.14,23.00,125.20,0.3722,-1,-1,-1
79,18,188.63,10.24,84.90,422.20,0.8372,-1,-1,-1
79,2,1.49,0.70,222.86,478.21,0.8323,-1,-1,-1
79,1,305.55,0.00,287.87,480.00,0.8717,-1,-1,-1
80,25,0.12,79.66,23.12,118.24,0.3802,-1,-1,-1
80,18,188.65,11.22,85.00,423.13,0.8295,-1,-1,-1
80,14,0.22,75.99,31.98,351.48,0.3052,-1,-1,-1
80,2,0.88,1.30,224.22,478.70,0.8517,-1,-1,-1
80,1,314.92,0.00,272.24,480.00,0.8758,-1,-1,-1
81,25,0.13,79.38,23.82,118.93,0.3802,-1,-1,-1
81,18,188.91,11.22,84.08,417.91,0.7936,-1,-1,-1
81,14,0.19,75.82,32.51,371.61,0.4114,-1,-1,-1
81,2,0.86,1.27,226.90,478.36,0.8433,-1,-1,-1
81,1,312.83,0.00,276.05,480.00,0.8796,-1,-1,-1
82,25,0.13,79.61,22.95,114.72,0.4136,-1,-1,-1
82,18,188.94,12.27,83.97,418.71,0.7392,-1,-1,-1
82,14,0.23,75.30,33.33,357.36,0.3539,-1,-1,-1
82,2,0.73,1.33,230.91,476.44,0.8404,-1,-1,-1
82,1,318.56,0.00,267.97,480.00,0.8625,-1,-1,-1
83,25,0.12,79.05,22.70,119.86,0.4516,-1,-1,-1
83,18,187.62,13.51,84.00,423.48,0.8171,-1,-1,-1
83,14,0.23,73.77,32.82,379.60,0.3467,-1,-1,-1
83,2,0.52,1.47,225.19,477.79,0.8172,-1,-1,-1
83,1,308.93,0.00,278.07,475.59,0.8781,-1,-1,-1
84,25,0.10,79.08,21.19,123.28,0.4583,-1,-1,-1
84,18,183.30,11.90,86.57,426.74,0.7984,-1,-1,-1
84,2,0.26,1.54,224.66,476.25,0.7692,-1,-1,-1
84,1,307.29,0.00,274.94,479.52,0.9028,-1,-1,-1
85,25,0.12,79.09,22.06,124.77,0.3616,-1,-1,-1
85,18,181.74,15.08,84.09,422.73,0.7474,-1,-1,-1
85,2,0.36,1.64,231.34,474.79,0.7585,-1,-1,-1
85,1,308.51,0.06,279.56,478.28,0.8922,-1,-1,-1
86,28,615.92,193.49,23.88,56.62,0.4653,-1,-1,-1
86,25,0.11,79.84,22.38,126.03,0.3755,-1,-1,-1
86,18,177.68,17.34,84.86,422.40,0.7509,-1,-1,-1
86,14,0.25,73.47,33.58,370.31,0.3094,-1,-1,-1
86,2,0.62,1.73,228.96,476.43,0.7408,-1,-1,-1
86,1,307.76,0.08,279.88,476.16,0.8678,-1,-1,-1
87,28,615.18,193.32,24.61,56.04,0.4916,-1,-1,-1
87,25,0.12,80.02,21.08,122.33,0.3268,-1,-1,-1
87,24,503.72,193.11,23.70,75.82,0.6592,-1,-1,-1
87,18,173.71,17.14,85.04,409.42,0.6691,-1,-1,-1
87,14,0.23,74.92,32.63,366.43,0.4773,-1,-1,-1
87,2,0.15,1.78,232.70,475.09,0.7020,-1,-1,-1
87,1,310.78,0.09,276.52,479.91,0.8880,-1,-1,-1
88,25,0.13,80.71,22.01,123.43,0.4351,-1,-1,-1
88,24,505.37,193.09,23.24,77.38,0.5266,-1,-1,-1
88,18,174.27,22.16,82.08,410.49,0.7454,-1,-1,-1
88,14,0.25,73.29,32.92,382.93,0.3274,-1,-1,-1
88,2,0.19,1.76,226.36,475.96,0.8130,-1,-1,-1
88,1,306.67,0.92,280.96,479.08,0.8988,-1,-1,-1
89,25,0.12,81.05,21.94,123.50,0.3760,-1,-1,-1
89,24,506.13,192.70,21.84,77.07,0.5062,-1,-1,-1
89,18,171.78,23.25,84.12,404.27,0.7134,-1,-1,-1
89,14,0.28,75.41,32.30,343.66,0.3446,-1,-1,-1
89,2,0.13,1.71,226.26,476.81,0.8041,-1,-1,-1
89,1,312.26,0.48,275.44,479.52,0.8954,-1,-1,-1
90,24,506.06,192.96,20.97,77.07,0.4287,-1,-1,-1
90,18,168.82,23.52,87.73,402.60,0.7515,-1,-1,-1
90,14,0.22,77.95,31.70,369.54,0.4349,-1,-1,-1
90,2,0.00,1.47,223.32,477.56,0.7954,-1,-1,-1
90,1,308.46,0.69,279.40,479.31,0.8977,-1,-1,-1
91,29,544.55,205.63,13.54,32.64,0.3144,-1,-1,-1
91,25,0.04,83.64,21.92,130.32,0.4228,-1,-1,-1
91,24,505.42,192.18,21.10,76.41,0.3009,-1,-1,-1
91,18,167.65,23.69,90.30,402.76,0.7206,-1,-1,-1
91,14,0.23,78.90,31.81,378.89,0.4681,-1,-1,-1
91,2,0.08,1.37,222.65,477.44,0.7910,-1,-1,-1
91,1,308.59,0.94,280.50,479.05,0.8942,-1,-1,-1
92,28,595.97,172.27,43.85,92.35,0.4479,-1,-1,-1
92,26,299.83,179.59,24.38,71.27,0.4456,-1,-1,-1
92,24,506.78,192.82,20.59,76.84,0.3296,-1,-1,-1
92,18,167.01,24.25,93.94,399.95,0.6929,-1,-1,-1
92,14,0.27,80.23,33.10,359.39,0.4247,-1,-1,-1
92,2,0.46,1.47,233.71,475.74,0.7656,-1,-1,-1
92,1,304.80,0.54,283.50,478.85,0.9045,-1,-1,-1
93,28,552.17,171.19,70.64,92.38,0.4669,-1,-1,-1
93,26,299.22,180.66,25.81,77.59,0.4506,-1,-1,-1
93,25,0.00,84.74,21.57,125.85,0.3357,-1,-1,-1
93,18,167.55,23.44,104.66,410.23,0.7886,-1,-1,-1
93,14,0.20,79.20,33.08,359.16,0.3034,-1,-1,-1
93,2,0.15,1.42,223.02,474.80,0.8433,-1,-1,-1
93,1,306.06,0.39,279.09,478.76,0.8917,-1,-1,-1
94,30,266.74,190.81,17.59,57.63,0.4874,-1,-1,-1
94,26,299.73,179.01,25.75,79.08,0.4525,-1,-1,-1
94,18,168.26,23.64,105.61,410.08,0.7892,-1,-1,-1
94,14,0.21,79.57,33.00,367.06,0.3180,-1,-1,-1
94,2,0.08,1.54,223.64,475.12,0.8469,-1,-1,-1
94,1,306.64,0.00,278.04,479.97,0.9027,-1,-1,-1
95,30,266.47,193.34,15.84,55.25,0.5570,-1,-1,-1
95,26,301.37,178.77,23.73,81.16,0.5135,-1,-1,-1
95,18,171.11,21.48,103.57,413.20,0.7887,-1,-1,-1
95,14,0.22,78.79,34.01,372.09,0.4200,-1,-1,-1
95,2,0.39,1.48,222.93,475.18,0.8602,-1,-1,-1
95,1,307.61,0.00,276.26,477.36,0.9009,-1,-1,-1
96,31,282.18,179.85,28.37,77.88,0.3072,-1,-1,-1
96,30,265.48,191.84,16.79,56.97,0.5347,-1,-1,-1
96,26,301.87,177.79,22.41,80.74,0.5025,-1,-1,-1
96,18,173.05,21.63,100.87,411.07,0.7916,-1,-1,-1
96,14,0.08,83.49,34.65,363.20,0.4159,-1,-1,-1
96,2,0.41,1.64,222.63,474.35,0.8360,-1,-1,-1
96,1,307.09,0.00,275.79,480.00,0.9001,-1,-1,-1
97,31,282.84,179.77,25.04,78.45,0.3721,-1,-1,-1
97,30,262.24,191.95,16.88,58.78,0.5799,-1,-1,-1
97,26,301.79,179.00,23.20,80.86,0.5726,-1,-1,-1
97,24,504.86,192.34,23.61,81.18,0.3299,-1,-1,-1
97,18,176.18,20.37,97.10,412.50,0.8179,-1,-1,-1
97,14,0.04,84.41,33.73,310.59,0.3737,-1,-1,-1
97,2,0.54,1.43,222.42,472.09,0.8639,-1,-1,-1
97,1,307.54,0.04,276.15,476.90,0.9031,-1,-1,-1
98,26,302.10,177.96,22.84,82.89,0.5933,-1,-1,-1
98,24,506.63,192.54,21.46,76.58,0.5049,-1,-1,-1
98,18,182.88,20.02,91.00,412.58,0.8352,-1,-1,-1
98,14,0.00,82.47,32.69,348.91,0.5057,-1,-1,-1
98,2,0.58,1.25,222.62,473.01,0.8745,-1,-1,-1
98,1,308.90,0.00,275.15,478.13,0.9064,-1,-1,-1
99,31,279.59,179.61,26.28,79.42,0.3556,-1,-1,-1
99,26,300.91,177.75,24.22,80.35,0.5368,-1,-1,-1
99,24,506.85,192.34,21.97,76.77,0.3769,-1,-1,-1
99,18,185.60,20.87,90.31,411.24,0.8484,-1,-1,-1
99,14,0.24,77.98,35.47,372.82,0.4612,-1,-1,-1
99,2,0.61,1.04,222.48,474.66,0.8855,-1,-1,-1
99,1,309.24,0.00,274.88,478.09,0.9089,-1,-1,-1
100,31,279.34,178.24,26.39,80.50,0.5718,-1,-1,-1
100,26,300.77,178.47,25.63,79.70,0.5877,-1,-1,-1
100,24,505.79,192.54,22.07,75.74,0.5339,-1,-1,-1
100,18,187.73,18.01,89.82,413.80,0.8406,-1,-1,-1
100,14,0.03,81.93,34.73,336.20,0.4246,-1,-1,-1
100,2,0.59,1.00,221.46,475.52,0.8820,-1,-1,-1
100,1,309.86,0.00,273.59,477.46,0.9027,-1,-1,-1
101,31,279.45,179.05,26.37,79.59,0.4012,-1,-1,-1
101,27,557.14,201.73,17.21,42.77,0.3067,-1,-1,-1
101,26,300.67,177.98,24.03,81.76,0.4528,-1,-1,-1
101,24,507.24,192.68,21.70,76.30,0.3762,-1,-1,-1
101,18,189.95,16.90,92.09,413.67,0.8510,-1,-1,-1
101,14,0.05,81.36,33.52,358.47,0.4264,-1,-1,-1
101,2,0.58,0.90,221.68,475.17,0.8768,-1,-1,-1
101,1,310.25,0.00,274.23,480.00,0.9086,-1,-1,-1
102,18,189.57,15.81,94.36,412.99,0.8479,-1,-1,-1
102,14,0.03,81.82,34.06,346.36,0.4418,-1,-1,-1
102,2,0.47,0.85,221.77,475.67,0.8733,-1,-1,-1
102,1,312.40,0.05,271.44,477.98,0.9022,-1,-1,-1
103,29,540.91,202.64,11.95,37.08,0.4234,-1,-1,-1
103,24,508.63,192.99,18.25,75.29,0.3150,-1,-1,-1
103,18,191.08,17.31,93.34,414.79,0.8401,-1,-1,-1
103,14,0.02,82.26,33.97,320.35,0.3841,-1,-1,-1
103,2,0.36,1.03,221.83,476.57,0.8701,-1,-1,-1
103,1,313.57,0.00,271.68,480.00,0.9121,-1,-1,-1
104,29,541.03,202.51,11.08,36.45,0.3311,-1,-1,-1
104,25,0.14,81.37,28.85,117.82,0.3104,-1,-1,-1
104,24,507.63,193.17,19.79,74.96,0.3210,-1,-1,-1
104,18,192.08,17.77,89.77,414.83,0.8418,-1,-1,-1
104,14,0.14,79.82,33.66,342.63,0.3361,-1,-1,-1
104,2,0.20,0.83,222.68,476.87,0.8893,-1,-1,-1
104,1,314.41,0.00,274.29,480.00,0.9108,-1,-1,-1
105,29,540.95,203.77,12.14,35.68,0.4044,-1,-1,-1
105,25,0.10,84.08,24.34,119.74,0.3020,-1,-1,-1
105,18,191.71,17.05,88.98,410.12,0.8375,-1,-1,-1
105,14,0.05,83.85,31.07,354.17,0.3773,-1,-1,-1
105,2,0.16,0.56,223.00,476.63,0.8626,-1,-1,-1
105,1,314.07,0.00,274.92,480.00,0.9087,-1,-1,-1
106,31,279.26,178.80,25.49,81.43,0.5839,-1,-1,-1
106,29,540.68,203.83,12.36,36.08,0.4062,-1,-1,-1
106,26,300.87,178.72,23.94,82.18,0.6322,-1,-1,-1
106,18,192.33,16.53,85.94,415.23,0.8269,-1,-1,-1
106,14,0.03,82.30,32.71,362.68,0.4088,-1,-1,-1
106,2,0.22,0.40,223.39,477.86,0.8801,-1,-1,-1
106,1,314.04,0.00,276.74,479.09,0.9043,-1,-1,-1
107,31,279.79,179.52,25.54,79.19,0.5656,-1,-1,-1
107,29,541.47,204.27,11.77,35.55,0.3816,-1,-1,-1
107,26,301.01,178.50,24.42,82.08,0.5894,-1,-1,-1
107,18,192.24,16.81,86.21,414.78,0.8185,-1,-1,-1
107,14,0.03,82.43,31.38,362.75,0.3582,-1,-1,-1
107,2,0.19,0.26,224.80,478.20,0.8803,-1,-1,-1
107,1,313.51,0.36,279.86,478.53,0.8952,-1,-1,-1
108,31,279.51,181.15,24.84,77.26,0.5113,-1,-1,-1
108,29,541.09,201.94,12.18,38.12,0.4673,-1,-1,-1
108,26,301.18,178.82,24.22,81.13,0.6025,-1,-1,-1
108,24,511.13,196.45,16.25,71.95,0.3206,-1,-1,-1
108,18,191.62,16.15,86.22,415.45,0.8234,-1,-1,-1
108,2,0.00,0.09,225.63,477.53,0.8739,-1,-1,-1
108,1,312.02,0.00,284.55,477.06,0.8995,-1,-1,-1
109,31,279.19,180.42,26.01,78.27,0.5036,-1,-1,-1
109,26,301.21,178.29,23.88,82.42,0.5541,-1,-1,-1
109,18,189.27,16.94,88.54,413.56,0.8311,-1,-1,-1
109,2,0.04,0.00,224.38,478.88,0.8856,-1,-1,-1
109,1,312.63,0.00,285.02,475.16,0.8307,-1,-1,-1
110,26,300.64,178.18,24.65,82.21,0.4510,-1,-1,-1
110,18,187.95,16.93,91.46,413.72,0.8395,-1,-1,-1
110,2,0.00,0.14,223.29,478.32,0.9072,-1,-1,-1
110,1,312.65,0.00,288.45,478.13,0.7575,-1,-1,-1
111,18,187.87,17.30,93.00,414.30,0.8443,-1,-1,-1
111,2,0.00,0.10,222.61,479.20,0.8960,-1,-1,-1
111,1,310.85,0.00,291.19,476.88,0.7973,-1,-1,-1
112,26,298.21,177.41,27.21,83.33,0.3512,-1,-1,-1
112,18,187.70,16.93,96.04,416.04,0.8493,-1,-1,-1
112,2,0.00,0.13,222.79,479.27,0.9071,-1,-1,-1
112,1,330.58,0.00,273.63,479.66,0.7951,-1,-1,-1
113,18,187.80,18.11,94.14,416.84,0.8531,-1,-1,-1
113,2,0.00,0.09,222.68,478.84,0.9027,-1,-1,-1
113,1,311.06,0.20,285.10,479.44,0.8646,-1,-1,-1
114,18,187.40,19.61,94.81,413.05,0.8538,-1,-1,-1
114,2,0.00,0.00,222.09,478.48,0.8954,-1,-1,-1
114,1,308.73,0.00,288.90,479.33,0.8970,-1,-1,-1
115,18,188.39,20.25,94.81,415.37,0.8666,-1,-1,-1
115,2,0.00,0.07,222.31,479.07,0.8897,-1,-1,-1
115,1,308.86,0.00,284.12,477.26,0.8815,-1,-1,-1
116,18,191.60,20.57,92.89,415.75,0.8596,-1,-1,-1
116,2,0.00,0.00,221.53,478.51,0.8793,-1,-1,-1
116,1,305.45,0.00,286.43,479.69,0.8952,-1,-1,-1
117,18,192.46,20.22,95.18,416.96,0.8547,-1,-1,-1
117,2,0.00,0.20,223.01,478.04,0.8703,-1,-1,-1
117,1,305.57,0.00,282.75,479.02,0.8834,-1,-1,-1
118,27,562.41,200.31,14.54,41.05,0.3046,-1,-1,-1
118,18,193.60,19.97,93.30,417.95,0.8590,-1,-1,-1
118,2,0.00,0.39,224.63,478.76,0.8678,-1,-1,-1
118,1,303.80,0.00,278.21,478.07,0.8899,-1,-1,-1
119,25,0.13,80.19,22.98,105.48,0.3709,-1,-1,-1
119,24,498.82,193.28,29.87,78.27,0.7000,-1,-1,-1
119,18,197.39,19.74,91.56,413.15,0.8164,-1,-1,-1
119,14,0.00,79.91,30.44,341.95,0.4011,-1,-1,-1
119,2,0.00,0.48,228.79,479.52,0.8854,-1,-1,-1
119,1,302.69,0.00,279.53,480.00,0.9114,-1,-1,-1
120,25,0.06,79.10,23.44,112.65,0.3258,-1,-1,-1
120,24,498.77,193.13,29.55,79.00,0.7204,-1,-1,-1
120,18,200.85,21.24,87.46,410.88,0.8094,-1,-1,-1
120,2,0.12,0.59,231.75,479.39,0.8726,-1,-1,-1
120,1,301.87,0.00,280.46,480.00,0.9103,-1,-1,-1
121,24,498.71,192.77,30.07,79.63,0.6619,-1,-1,-1
121,18,199.84,21.15,88.56,415.74,0.8197,-1,-1,-1
121,2,0.21,0.43,236.46,479.57,0.8772,-1,-1,-1
121,1,303.04,0.57,280.76,479.43,0.8873,-1,-1,-1
122,24,499.07,194.11,29.38,77.83,0.6644,-1,-1,-1
122,18,202.39,22.00,82.90,417.78,0.8232,-1,-1,-1
122,14,0.21,75.09,35.30,400.98,0.3792,-1,-1,-1
122,2,1.00,0.18,239.99,479.82,0.8574,-1,-1,-1
122,1,306.91,0.25,281.78,477.55,0.8887,-1,-1,-1
123,24,499.25,194.16,30.44,77.79,0.6806,-1,-1,-1
123,18,201.82,21.13,84.44,414.43,0.8339,-1,-1,-1
123,14,0.25,75.87,38.81,402.87,0.5533,-1,-1,-1
123,2,0.88,1.25,243.59,478.75,0.8720,-1,-1,-1
123,1,301.95,0.93,282.42,479.07,0.8961,-1,-1,-1
124,27,560.32,200.96,16.58,39.39,0.4119,-1,-1,-1
124,26,295.36,177.85,30.86,80.95,0.3173,-1,-1,-1
124,24,499.76,194.24,29.70,77.74,0.6535,-1,-1,-1
124,18,202.90,22.52,82.32,407.75,0.8399,-1,-1,-1
124,14,0.20,75.82,38.87,401.54,0.5487,-1,-1,-1
124,2,0.90,0.86,246.23,478.14,0.8645,-1,-1,-1
124,1,304.65,0.18,279.09,479.29,0.9043,-1,-1,-1
125,31,286.57,183.00,24.65,75.34,0.3001,-1,-1,-1
125,29,534.81,197.28,16.67,44.56,0.3237,-1,-1,-1
125,27,561.35,202.23,16.08,37.64,0.4811,-1,-1,-1
125,26,297.47,178.55,27.29,79.12,0.3568,-1,-1,-1
125,24,500.75,193.64,28.51,77.64,0.6412,-1,-1,-1
125,18,202.99,22.71,81.44,405.60,0.8190,-1,-1,-1
125,14,0.17,76.70,42.31,403.30,0.5964,-1,-1,-1
125,2,0.64,0.77,248.57,478.05,0.8533,-1,-1,-1
125,1,305.21,0.68,277.06,478.85,0.9024,-1,-1,-1
126,31,286.75,180.10,26.05,78.32,0.3461,-1,-1,-1
126,27,561.30,202.47,16.27,37.33,0.4963,-1,-1,-1
126,24,501.11,194.06,27.77,77.84,0.6277,-1,-1,-1
126,18,203.78,22.49,80.29,406.28,0.7897,-1,-1,-1
126,14,0.21,76.61,43.06,400.71,0.4518,-1,-1,-1
126,2,0.00,0.70,251.59,464.71,0.7895,-1,-1,-1
126,1,305.64,0.55,275.68,479.13,0.8998,-1,-1,-1
127,32,549.55,198.70,13.00,40.91,0.4051,-1,-1,-1
127,29,533.57,202.29,14.51,39.35,0.3154,-1,-1,-1
127,27,562.64,203.16,15.08,37.00,0.5212,-1,-1,-1
127,24,502.74,193.04,26.76,77.70,0.5889,-1,-1,-1
127,18,205.51,22.69,78.57,406.32,0.8088,-1,-1,-1
127,14,0.16,77.88,45.75,402.12,0.4109,-1,-1,-1
127,2,0.98,0.96,249.34,475.51,0.8427,-1,-1,-1
127,1,306.90,0.38,276.16,479.37,0.8968,-1,-1,-1
128,31,294.51,178.21,30.98,79.86,0.3227,-1,-1,-1
128,29,534.13,202.94,14.07,40.26,0.3206,-1,-1,-1
128,27,562.05,203.38,16.01,37.63,0.4791,-1,-1,-1
128,24,502.96,194.10,26.27,76.56,0.6029,-1,-1,-1
128,18,204.95,22.61,79.65,407.00,0.7369,-1,-1,-1
128,14,0.20,77.35,47.30,402.65,0.5871,-1,-1,-1
128,2,0.39,0.68,253.86,473.37,0.8327,-1,-1,-1
128,1,306.16,0.59,276.92,478.86,0.9035,-1,-1,-1
129,31,287.41,187.74,21.65,70.49,0.3245,-1,-1,-1
129,27,561.20,203.98,16.43,37.04,0.4410,-1,-1,-1
129,24,502.97,194.01,26.35,77.10,0.5896,-1,-1,-1
129,18,204.82,22.91,79.53,407.63,0.7422,-1,-1,-1
129,14,0.17,79.99,47.71,400.01,0.6342,-1,-1,-1
129,2,0.57,0.84,253.19,473.99,0.8553,-1,-1,-1
129,1,307.25,0.23,274.93,478.65,0.8964,-1,-1,-1
130,32,542.57,195.66,17.20,51.99,0.3489,-1,-1,-1
130,31,288.97,189.80,20.42,68.23,0.3440,-1,-1,-1
130,27,561.25,202.93,16.33,38.11,0.4588,-1,-1,-1
130,24,504.11,193.56,26.38,76.96,0.6024,-1,-1,-1
130,18,204.87,23.91,79.31,407.06,0.7663,-1,-1,-1
130,14,0.22,80.35,48.87,399.65,0.6947,-1,-1,-1
130,2,2.21,0.80,248.08,472.68,0.8324,-1,-1,-1
130,1,306.31,0.30,276.47,478.90,0.9090,-1,-1,-1
131,31,288.48,191.29,20.60,66.83,0.3440,-1,-1,-1
131,29,530.17,198.81,17.48,46.30,0.3020,-1,-1,-1
131,27,559.86,203.49,17.45,36.81,0.4561,-1,-1,-1
131,24,501.89,193.58,27.94,77.75,0.6517,-1,-1,-1
131,18,203.95,23.11,80.52,404.57,0.7974,-1,-1,-1
131,14,0.18,80.14,48.94,231.81,0.3748,-1,-1,-1
131,2,12.56,0.90,236.32,470.31,0.8092,-1,-1,-1
131,1,306.16,0.51,275.57,478.74,0.8996,-1,-1,-1
132,31,282.15,189.40,21.13,67.73,0.3157,-1,-1,-1
132,26,295.84,177.68,26.98,81.23,0.5027,-1,-1,-1
132,24,502.19,192.64,27.44,77.80,0.6419,-1,-1,-1
132,18,201.64,22.79,82.14,405.96,0.8254,-1,-1,-1
132,2,11.20,0.58,235.74,471.66,0.7880,-1,-1,-1
132,1,306.76,0.09,273.19,479.26,0.8961,-1,-1,-1
133,31,280.00,187.35,22.16,68.39,0.3832,-1,-1,-1
133,26,294.62,177.90,29.79,80.87,0.5438,-1,-1,-1
133,24,501.96,192.89,28.09,78.55,0.5940,-1,-1,-1
133,18,200.91,22.60,82.99,406.94,0.8321,-1,-1,-1
133,14,0.07,82.06,38.93,223.95,0.3320,-1,-1,-1
133,2,8.81,0.53,236.69,475.40,0.8360,-1,-1,-1
133,1,306.19,0.00,273.21,476.32,0.8985,-1,-1,-1
134,32,537.34,190.86,19.60,56.91,0.4865,-1,-1,-1
134,31,280.08,188.05,20.53,66.24,0.3154,-1,-1,-1
134,27,557.80,200.23,19.46,40.36,0.4412,-1,-1,-1
134,26,295.11,178.42,29.86,80.23,0.5870,-1,-1,-1
134,24,500.97,192.63,29.06,79.40,0.6291,-1,-1,-1
134,18,201.29,22.74,81.22,411.64,0.8372,-1,-1,-1
134,14,0.13,80.79,46.78,397.37,0.4220,-1,-1,-1
134,2,9.89,0.74,234.00,477.60,0.8550,-1,-1,-1
134,1,305.29,0.27,270.75,476.37,0.9033,-1,-1,-1
135,32,537.03,192.84,19.11,55.07,0.5086,-1,-1,-1
135,26,295.05,177.44,29.92,81.79,0.5321,-1,-1,-1
135,25,0.09,79.73,36.85,224.30,0.3093,-1,-1,-1
135,24,500.69,192.94,27.96,78.75,0.6264,-1,-1,-1
135,18,202.17,22.76,80.90,412.44,0.8360,-1,-1,-1
135,14,0.17,80.07,43.44,396.12,0.4015,-1,-1,-1
135,2,7.36,0.83,234.44,477.94,0.8785,-1,-1,-1
135,1,306.49,0.00,269.66,480.00,0.8890,-1,-1,-1
136,32,534.87,190.76,21.06,58.30,0.3701,-1,-1,-1
136,26,297.27,178.46,27.00,80.62,0.4177,-1,-1,-1
136,24,500.34,192.54,28.71,79.49,0.6368,-1,-1,-1
136,18,199.81,23.82,83.23,410.14,0.8289,-1,-1,-1
136,14,0.10,77.86,43.62,393.21,0.4067,-1,-1,-1
136,2,5.68,0.92,231.02,477.35,0.8580,-1,-1,-1
136,1,305.72,0.10,269.54,479.90,0.8891,-1,-1,-1
137,32,534.20,191.07,22.07,58.01,0.4989,-1,-1,-1
137,26,297.72,178.03,26.80,80.76,0.5052,-1,-1,-1
137,25,0.01,79.77,41.03,389.38,0.4122,-1,-1,-1
137,24,500.70,193.28,28.51,78.62,0.6005,-1,-1,-1
137,18,194.66,22.89,89.06,409.18,0.8277,-1,-1,-1
137,2,6.45,0.76,225.04,478.25,0.8565,-1,-1,-1
137,1,305.76,0.00,269.58,480.00,0.8920,-1,-1,-1
138,32,533.20,190.03,24.23,58.19,0.4714,-1,-1,-1
138,26,292.72,178.47,33.91,80.96,0.6004,-1,-1,-1
138,24,501.95,192.88,27.82,78.85,0.5742,-1,-1,-1
138,18,191.62,23.37,92.10,412.24,0.8409,-1,-1,-1
138,2,5.40,0.39,222.01,479.61,0.8710,-1,-1,-1
138,1,304.16,0.00,272.04,479.92,0.9059,-1,-1,-1
139,27,556.39,201.63,17.38,40.29,0.4001,-1,-1,-1
139,26,291.54,178.13,35.08,81.23,0.6248,-1,-1,-1
139,24,502.02,193.64,27.61,77.87,0.5520,-1,-1,-1
139,18,190.34,22.38,93.54,410.17,0.8470,-1,-1,-1
139,2,3.75,0.38,222.77,479.62,0.8712,-1,-1,-1
139,1,304.97,0.00,272.69,480.00,0.9105,-1,-1,-1
140,27,556.39,203.48,16.50,38.33,0.3273,-1,-1,-1
140,26,292.92,177.02,32.01,82.25,0.6007,-1,-1,-1
140,24,502.72,192.71,27.94,78.54,0.5439,-1,-1,-1
140,18,189.28,22.30,95.13,410.38,0.8525,-1,-1,-1
140,2,2.29,0.66,220.30,478.98,0.8796,-1,-1,-1
140,1,305.42,0.65,274.24,478.91,0.9103,-1,-1,-1
141,27,554.76,204.02,15.71,38.00,0.3269,-1,-1,-1
141,26,293.13,178.47,32.05,80.13,0.4773,-1,-1,-1
141,24,502.19,192.89,27.34,78.24,0.5856,-1,-1,-1
141,18,187.54,20.92,97.08,412.37,0.8562,-1,-1,-1
141,2,1.87,0.77,217.69,478.53,0.8872,-1,-1,-1
141,1,304.15,0.00,276.65,474.55,0.8996,-1,-1,-1
142,27,555.87,203.28,18.02,39.19,0.3906,-1,-1,-1
142,26,294.54,178.21,27.81,80.16,0.4532,-1,-1,-1
142,24,502.67,192.24,27.04,79.01,0.5659,-1,-1,-1
142,18,187.49,20.63,96.99,413.65,0.8585,-1,-1,-1
142,2,1.48,0.96,215.81,479.04,0.8835,-1,-1,-1
142,1,304.13,0.33,277.41,479.30,0.9093,-1,-1,-1
143,27,555.44,207.00,14.00,35.54,0.3284,-1,-1,-1
143,26,291.70,178.19,32.93,81.45,0.5428,-1,-1,-1
143,24,504.31,191.97,24.39,78.34,0.5971,-1,-1,-1
143,18,185.38,20.26,99.55,414.14,0.8618,-1,-1,-1
143,2,0.60,0.98,216.31,479.02,0.8861,-1,-1,-1
143,1,305.57,0.00,278.23,479.86,0.9058,-1,-1,-1
144,27,554.07,202.80,16.95,39.52,0.4363,-1,-1,-1
144,26,293.29,178.20,29.80,80.15,0.5567,-1,-1,-1
144,24,504.52,191.30,23.63,78.79,0.5346,-1,-1,-1
144,18,185.03,20.57,99.76,413.25,0.8556,-1,-1,-1
144,2,0.24,1.04,216.83,478.43,0.8927,-1,-1,-1
144,1,305.08,0.00,282.07,480.00,0.9140,-1,-1,-1
145,27,555.39,201.68,20.92,59.35,0.4486,-1,-1,-1
145,26,294.02,178.45,28.90,79.86,0.5815,-1,-1,-1
145,24,505.81,192.22,22.87,77.79,0.5530,-1,-1,-1
145,18,182.45,20.19,102.55,412.93,0.8543,-1,-1,-1
145,2,0.24,1.04,215.37,478.09,0.9011,-1,-1,-1
145,1,307.01,0.00,286.76,480.00,0.9005,-1,-1,-1
146,26,295.97,178.10,26.45,80.34,0.6030,-1,-1,-1
146,18,182.68,20.34,102.28,412.29,0.8513,-1,-1,-1
146,2,0.14,1.26,215.57,477.45,0.8963,-1,-1,-1
146,1,308.48,0.00,285.76,479.71,0.8601,-1,-1,-1
147,26,296.68,177.26,24.06,83.12,0.3730,-1,-1,-1
147,18,183.63,20.49,100.69,412.55,0.8539,-1,-1,-1
147,2,0.35,1.38,216.10,476.68,0.8911,-1,-1,-1
147,1,324.04,0.00,281.82,477.15,0.8400,-1,-1,-1
148,26,298.49,177.94,23.47,83.48,0.3988,-1,-1,-1
148,18,186.36,20.39,97.80,412.42,0.8583,-1,-1,-1
148,2,1.14,0.99,217.19,478.22,0.8647,-1,-1,-1
148,1,315.54,0.00,293.52,476.60,0.8729,-1,-1,-1
149,33,289.36,200.74,19.19,59.03,0.4413,-1,-1,-1
149,26,300.67,178.64,21.96,84.57,0.4508,-1,-1,-1
149,18,189.35,20.85,94.73,411.14,0.8565,-1,-1,-1
149,2,2.02,0.48,221.88,479.52,0.8583,-1,-1,-1
149,1,315.69,0.00,296.10,477.45,0.8849,-1,-1,-1
150,18,190.45,21.69,93.81,413.03,0.8527,-1,-1,-1
150,2,2.26,0.92,223.45,478.76,0.8665,-1,-1,-1
150,1,315.32,0.00,298.61,479.32,0.8775,-1,-1,-1
151,18,193.24,21.97,90.48,414.55,0.8592,-1,-1,-1
151,2,3.80,0.75,224.52,478.92,0.8561,-1,-1,-1
151,1,316.60,0.00,295.10,479.62,0.8435,-1,-1,-1
152,18,193.69,21.88,89.80,413.18,0.8665,-1,-1,-1
152,2,8.38,0.55,222.95,479.45,0.8585,-1,-1,-1
152,1,316.39,0.00,288.76,478.91,0.7838,-1,-1,-1
153,18,193.43,21.54,89.82,412.02,0.8636,-1,-1,-1
153,14,0.29,79.58,45.39,386.06,0.3110,-1,-1,-1
153,2,8.79,0.63,225.21,475.70,0.8398,-1,-1,-1
153,1,310.75,0.00,291.33,476.40,0.8180,-1,-1,-1
154,27,554.02,206.40,15.27,36.14,0.4256,-1,-1,-1
154,24,502.98,188.66,26.01,79.53,0.6723,-1,-1,-1
154,18,192.91,21.49,90.78,414.07,0.8524,-1,-1,-1
154,14,0.29,79.52,45.24,386.03,0.3548,-1,-1,-1
154,2,5.90,0.61,228.40,475.07,0.8283,-1,-1,-1
154,1,306.22,0.64,288.61,479.36,0.8767,-1,-1,-1
155,27,553.92,204.85,16.35,37.54,0.3839,-1,-1,-1
155,25,0.04,79.97,36.40,173.98,0.3235,-1,-1,-1
155,24,500.64,192.75,27.65,76.50,0.6319,-1,-1,-1
155,18,192.69,21.98,90.29,414.58,0.8440,-1,-1,-1
155,14,0.24,78.67,43.62,387.47,0.3342,-1,-1,-1
155,2,8.19,0.63,226.13,476.82,0.8270,-1,-1,-1
155,1,305.30,0.47,284.63,479.53,0.8916,-1,-1,-1
156,27,552.65,208.27,15.46,34.35,0.3116,-1,-1,-1
156,25,0.14,80.18,35.82,119.15,0.3465,-1,-1,-1
156,24,499.24,195.04,28.22,74.72,0.5659,-1,-1,-1
156,18,192.22,21.73,90.10,413.92,0.8660,-1,-1,-1
156,2,6.51,0.71,228.38,478.08,0.8637,-1,-1,-1
156,1,305.10,0.00,280.25,480.00,0.9023,-1,-1,-1
157,27,555.01,210.22,14.15,32.66,0.3180,-1,-1,-1
157,25,0.02,80.23,35.11,175.12,0.3269,-1,-1,-1
157,24,497.98,194.45,29.55,76.89,0.5835,-1,-1,-1
157,18,191.29,20.85,89.34,416.00,0.8652,-1,-1,-1
157,2,7.23,0.39,226.52,475.23,0.8366,-1,-1,-1
157,1,302.81,0.02,261.17,479.98,0.9151,-1,-1,-1
158,34,589.35,0.77,50.53,255.46,0.4960,-1,-1,-1
158,29,526.23,194.40,20.97,57.48,0.4343,-1,-1,-1
158,27,552.35,208.98,16.91,34.34,0.4268,-1,-1,-1
158,25,0.15,79.29,33.05,117.88,0.3705,-1,-1,-1
158,24,497.85,195.98,29.88,75.26,0.5189,-1,-1,-1
158,18,191.06,19.37,89.53,419.10,0.8587,-1,-1,-1
158,2,6.12,0.14,225.17,478.04,0.8399,-1,-1,-1
158,1,304.66,0.00,231.24,480.00,0.9171,-1,-1,-1
159,34,587.49,0.00,52.36,251.64,0.3502,-1,-1,-1
159,29,527.28,195.26,20.48,56.08,0.4937,-1,-1,-1
159,27,549.27,205.06,17.65,39.28,0.3321,-1,-1,-1
159,24,496.79,183.99,31.41,88.33,0.7016,-1,-1,-1
159,18,190.55,18.80,92.06,418.10,0.8467,-1,-1,-1
159,14,0.07,76.40,39.54,394.27,0.4555,-1,-1,-1
159,2,3.77,0.25,227.29,478.33,0.8462,-1,-1,-1
159,1,299.95,0.00,218.39,480.00,0.9094,-1,-1,-1
160,31,282.42,183.02,22.98,75.28,0.3036,-1,-1,-1
160,24,496.46,184.87,32.24,87.15,0.7206,-1,-1,-1
160,18,190.06,18.87,91.21,419.68,0.8496,-1,-1,-1
160,14,0.04,76.53,40.19,393.89,0.4356,-1,-1,-1
160,2,0.11,1.02,228.58,478.16,0.8645,-1,-1,-1
160,1,302.55,0.58,200.24,474.13,0.9183,-1,-1,-1
161,34,585.66,0.65,54.21,249.83,0.3890,-1,-1,-1
161,24,495.85,186.13,32.28,86.00,0.6949,-1,-1,-1
161,18,188.89,18.15,91.71,420.58,0.8481,-1,-1,-1
161,14,0.11,76.31,36.33,392.35,0.4433,-1,-1,-1
161,2,0.35,0.78,228.21,479.22,0.8620,-1,-1,-1
161,1,294.86,0.00,206.28,480.00,0.9106,-1,-1,-1
162,34,588.89,0.81,50.97,248.38,0.3281,-1,-1,-1
162,29,524.88,193.22,19.58,59.07,0.4761,-1,-1,-1
162,24,496.87,184.21,32.22,88.18,0.7159,-1,-1,-1
162,18,187.90,15.52,94.87,421.90,0.8529,-1,-1,-1
162,14,0.09,72.79,35.29,389.50,0.3513,-1,-1,-1
162,2,0.00,0.49,229.47,478.38,0.8340,-1,-1,-1
162,1,289.69,0.59,212.83,474.49,0.9057,-1,-1,-1
163,34,589.64,0.84,50.21,248.40,0.3867,-1,-1,-1
163,24,496.87,183.76,33.74,88.36,0.7193,-1,-1,-1
163,18,187.70,15.42,93.69,426.48,0.8500,-1,-1,-1
163,14,0.20,70.74,35.44,372.99,0.3306,-1,-1,-1
163,2,0.24,0.42,227.89,474.68,0.8297,-1,-1,-1
163,1,288.50,0.40,213.77,475.23,0.9063,-1,-1,-1
164,24,495.84,182.67,32.63,89.81,0.7225,-1,-1,-1
164,18,186.61,13.65,93.93,428.44,0.8366,-1,-1,-1
164,14,0.10,72.32,32.87,364.25,0.3540,-1,-1,-1
164,2,0.15,0.69,224.61,475.05,0.8045,-1,-1,-1
164,1,289.71,0.71,211.71,474.47,0.9039,-1,-1,-1
165,24,496.24,183.26,33.27,89.20,0.7146,-1,-1,-1
165,18,187.09,13.65,93.32,428.07,0.8456,-1,-1,-1
165,14,0.00,78.66,29.43,346.28,0.3300,-1,-1,-1
165,2,0.00,0.44,223.55,475.46,0.8192,-1,-1,-1
165,1,295.05,0.00,206.79,480.00,0.9196,-1,-1,-1
166,24,496.46,182.76,33.04,89.51,0.7194,-1,-1,-1
166,18,185.50,12.06,94.91,430.83,0.8412,-1,-1,-1
166,2,0.00,0.08,222.78,476.78,0.8162,-1,-1,-1
166,1,296.03,0.00,206.51,480.00,0.9216,-1,-1,-1
167,27,547.69,202.61,20.44,42.85,0.3511,-1,-1,-1
167,24,496.13,183.74,33.91,88.65,0.7215,-1,-1,-1
167,18,184.66,10.70,94.57,432.35,0.8182,-1,-1,-1
167,2,0.00,0.49,221.14,472.75,0.7953,-1,-1,-1
167,1,294.84,0.00,207.18,480.00,0.9167,-1,-1,-1
168,29,525.32,189.70,19.14,62.30,0.3096,-1,-1,-1
168,27,547.50,200.84,20.70,45.08,0.3976,-1,-1,-1
168,24,496.05,182.83,34.11,89.39,0.7231,-1,-1,-1
168,18,183.65,10.65,94.85,432.20,0.8436,-1,-1,-1
168,2,0.00,0.42,220.87,474.54,0.8189,-1,-1,-1
168,1,293.73,0.00,207.58,480.00,0.9129,-1,-1,-1
169,27,548.24,202.91,20.13,42.03,0.3260,-1,-1,-1
169,24,496.54,183.97,33.33,89.00,0.7325,-1,-1,-1
169,18,183.16,10.56,96.02,433.54,0.8433,-1,-1,-1
169,2,0.00,0.32,220.68,474.28,0.7544,-1,-1,-1
169,1,286.04,1.13,215.44,473.79,0.9026,-1,-1,-1
170,29,526.71,188.77,17.71,63.87,0.3594,-1,-1,-1
170,24,496.41,182.75,33.65,89.92,0.7139,-1,-1,-1
170,18,182.87,10.02,96.32,435.80,0.8438,-1,-1,-1
170,2,0.01,0.26,220.03,471.74,0.7597,-1,-1,-1
170,1,280.69,0.84,220.49,473.94,0.8991,-1,-1,-1
171,18,182.32,9.88,96.89,437.38,0.8462,-1,-1,-1
171,2,0.02,0.00,219.25,473.96,0.7941,-1,-1,-1
171,1,279.81,0.67,221.06,474.78,0.9023,-1,-1,-1
172,18,182.57,9.99,96.61,437.78,0.8467,-1,-1,-1
172,2,0.00,0.24,219.05,476.00,0.8445,-1,-1,-1
172,1,281.83,0.80,219.10,475.67,0.8971,-1,-1,-1
173,18,181.55,10.06,97.91,436.65,0.8485,-1,-1,-1
173,2,0.10,0.11,218.88,477.01,0.8152,-1,-1,-1
173,1,283.52,0.70,216.38,476.89,0.8991,-1,-1,-1
174,18,181.12,10.24,97.98,436.75,0.8488,-1,-1,-1
174,2,0.00,0.12,218.68,476.11,0.8273,-1,-1,-1
174,1,283.13,0.90,216.19,477.08,0.9030,-1,-1,-1
175,18,179.87,10.96,100.13,442.68,0.8492,-1,-1,-1
175,2,0.07,0.06,218.52,477.07,0.8592,-1,-1,-1
175,1,281.01,0.87,218.21,477.45,0.8519,-1,-1,-1
176,18,180.73,11.36,99.60,439.14,0.8400,-1,-1,-1
176,2,0.00,0.00,218.90,476.87,0.8271,-1,-1,-1
176,1,283.82,0.00,215.39,479.18,0.8984,-1,-1,-1
177,18,181.04,11.68,97.98,438.77,0.8552,-1,-1,-1
177,2,0.00,0.00,218.66,474.46,0.7938,-1,-1,-1
177,1,282.87,0.62,216.20,475.30,0.8925,-1,-1,-1
178,27,547.43,202.93,18.87,42.92,0.5527,-1,-1,-1
178,24,495.85,183.47,34.64,89.44,0.7167,-1,-1,-1
178,18,180.14,11.11,99.72,436.73,0.8605,-1,-1,-1
178,2,0.07,0.09,218.17,477.56,0.8279,-1,-1,-1
178,1,282.11,0.00,219.28,478.34,0.9043,-1,-1,-1
179,27,548.70,204.53,17.96,40.92,0.4063,-1,-1,-1
179,24,496.40,183.29,33.78,89.63,0.7313,-1,-1,-1
179,18,181.00,11.29,98.33,440.18,0.8658,-1,-1,-1
179,2,0.11,0.11,218.14,475.81,0.8363,-1,-1,-1
179,1,266.93,0.60,233.73,477.02,0.8600,-1,-1,-1
180,27,549.81,206.32,17.13,39.94,0.3471,-1,-1,-1
180,24,496.34,183.27,33.28,89.47,0.7048,-1,-1,-1
180,18,180.43,11.40,98.89,437.78,0.8561,-1,-1,-1
180,2,0.00,0.17,218.42,477.62,0.8416,-1,-1,-1
180,1,283.67,0.00,217.50,479.25,0.9031,-1,-1,-1
181,27,549.77,206.56,17.29,40.09,0.3748,-1,-1,-1
181,24,496.57,183.50,32.82,89.32,0.7026,-1,-1,-1
181,18,182.15,11.74,96.89,437.25,0.8608,-1,-1,-1
181,2,0.00,0.05,218.22,476.73,0.8205,-1,-1,-1
181,1,281.88,0.00,219.95,479.91,0.9067,-1,-1,-1
182,24,496.60,183.72,32.60,88.52,0.7114,-1,-1,-1
182,18,181.32,11.15,97.24,435.40,0.8436,-1,-1,-1
182,2,0.00,0.24,217.86,474.26,0.8313,-1,-1,-1
182,1,282.73,0.61,220.96,475.25,0.9032,-1,-1,-1
183,29,523.25,188.66,23.88,68.38,0.5397,-1,-1,-1
183,27,548.71,205.75,16.04,40.58,0.3514,-1,-1,-1
183,24,497.07,184.60,31.17,87.77,0.7193,-1,-1,-1
183,18,182.04,11.70,96.38,435.95,0.8514,-1,-1,-1
183,2,0.01,0.43,218.84,476.09,0.8450,-1,-1,-1
183,1,283.13,0.56,221.27,475.93,0.9035,-1,-1,-1
184,29,524.06,187.48,25.54,69.69,0.5914,-1,-1,-1
184,24,497.94,184.12,29.75,88.57,0.7048,-1,-1,-1
184,18,181.15,11.59,97.25,435.25,0.8484,-1,-1,-1
184,2,0.16,0.47,218.44,474.85,0.8220,-1,-1,-1
184,1,285.35,0.85,220.75,475.29,0.9052,-1,-1,-1
185,29,522.85,189.08,25.58,66.92,0.4274,-1,-1,-1
185,27,546.78,202.68,18.39,44.32,0.3309,-1,-1,-1
185,24,498.52,184.45,29.36,87.56,0.7019,-1,-1,-1
185,18,180.71,11.56,97.54,435.18,0.8490,-1,-1,-1
185,2,0.06,0.34,218.49,475.42,0.8311,-1,-1,-1
185,1,288.78,0.78,219.00,474.78,0.8970,-1,-1,-1
186,29,522.74,187.79,22.65,68.81,0.5187,-1,-1,-1
186,27,548.44,205.07,18.08,42.14,0.3171,-1,-1,-1
186,24,498.65,185.52,28.73,85.97,0.6993,-1,-1,-1
186,18,181.25,11.46,97.23,435.85,0.8525,-1,-1,-1
186,2,0.00,0.36,218.73,476.52,0.8591,-1,-1,-1
186,1,294.84,1.14,214.52,474.38,0.9136,-1,-1,-1
187,29,522.91,191.96,20.90,64.83,0.5343,-1,-1,-1
187,24,499.37,185.66,27.98,85.40,0.6707,-1,-1,-1
187,18,182.37,11.45,96.00,435.78,0.8492,-1,-1,-1
187,2,0.08,0.28,218.68,475.82,0.8708,-1,-1,-1
187,1,294.76,1.06,215.41,474.75,0.9097,-1,-1,-1
188,31,292.85,178.64,23.70,77.07,0.4598,-1,-1,-1
188,29,522.65,192.10,19.51,67.56,0.4160,-1,-1,-1
188,27,549.48,206.60,16.36,40.52,0.3247,-1,-1,-1
188,24,499.78,185.19,28.15,86.52,0.6813,-1,-1,-1
188,18,181.10,11.35,97.34,435.54,0.8515,-1,-1,-1
188,2,0.05,0.39,218.68,475.90,0.8590,-1,-1,-1
188,1,295.99,0.98,214.18,474.20,0.9124,-1,-1,-1
189,31,293.79,177.88,23.32,76.10,0.3296,-1,-1,-1
189,29,523.86,189.16,20.52,70.20,0.5307,-1,-1,-1
189,24,499.39,184.41,28.80,87.17,0.6822,-1,-1,-1
189,18,181.34,10.93,96.77,435.86,0.8536,-1,-1,-1
189,2,0.06,0.28,218.70,475.43,0.8381,-1,-1,-1
189,1,296.59,0.87,213.30,473.85,0.9132,-1,-1,-1
190,31,293.70,178.21,23.21,78.45,0.4622,-1,-1,-1
190,29,523.40,188.87,20.26,70.94,0.5011,-1,-1,-1
190,24,499.07,185.56,29.07,85.83,0.6716,-1,-1,-1
190,18,181.75,11.05,96.33,434.62,0.8424,-1,-1,-1
190,2,0.08,0.30,218.53,475.35,0.8496,-1,-1,-1
190,1,296.47,0.79,213.47,474.71,0.9129,-1,-1,-1
191,31,294.67,178.00,22.94,78.24,0.5035,-1,-1,-1
191,29,524.99,189.46,21.23,69.72,0.4346,-1,-1,-1
191,24,498.89,184.72,29.50,87.45,0.6866,-1,-1,-1
191,18,181.56,10.89,96.63,435.83,0.8468,-1,-1,-1
191,2,0.12,0.42,218.39,475.73,0.8551,-1,-1,-1
191,1,296.65,0.94,212.90,474.62,0.9146,-1,-1,-1
192,31,294.33,178.38,23.07,77.53,0.4825,-1,-1,-1
192,24,498.88,184.45,29.49,87.03,0.6720,-1,-1,-1
192,18,180.84,11.10,97.54,435.73,0.8524,-1,-1,-1
192,2,0.06,0.38,218.37,475.58,0.8473,-1,-1,-1
192,1,295.50,0.96,214.17,474.41,0.9102,-1,-1,-1
193,31,293.17,177.23,23.92,77.76,0.3580,-1,-1,-1
193,29,525.07,188.96,24.85,72.05,0.3450,-1,-1,-1
193,24,499.08,184.75,29.10,87.50,0.6920,-1,-1,-1
193,18,181.50,11.15,96.82,436.37,0.8511,-1,-1,-1
193,2,0.13,0.36,217.90,474.33,0.8332,-1,-1,-1
193,1,294.43,0.69,215.28,474.58,0.9085,-1,-1,-1
194,29,523.14,188.74,26.97,73.07,0.3124,-1,-1,-1
194,24,499.32,184.61,29.01,87.70,0.6950,-1,-1,-1
194,18,180.30,10.99,97.77,436.80,0.8552,-1,-1,-1
194,2,0.21,0.36,217.31,475.87,0.8346,-1,-1,-1
194,1,290.13,0.44,219.21,475.77,0.8970,-1,-1,-1
195,24,498.91,184.16,28.55,88.51,0.6764,-1,-1,-1
195,18,180.15,10.98,97.40,436.83,0.8557,-1,-1,-1
195,2,0.27,0.54,217.11,475.66,0.8488,-1,-1,-1
195,1,285.36,0.43,223.66,476.14,0.8811,-1,-1,-1
196,29,526.51,189.98,28.64,72.02,0.3366,-1,-1,-1
196,24,499.67,183.62,28.84,89.14,0.6645,-1,-1,-1
196,18,178.95,10.94,98.83,436.86,0.8554,-1,-1,-1
196,2,0.35,0.40,216.72,474.12,0.7973,-1,-1,-1
196,1,282.57,0.48,226.38,476.25,0.8901,-1,-1,-1
197,29,526.52,189.64,26.84,73.29,0.3974,-1,-1,-1
197,24,499.00,184.52,29.30,87.76,0.6449,-1,-1,-1
197,18,178.16,10.32,99.29,437.57,0.8518,-1,-1,-1
197,2,0.30,0.44,217.17,474.28,0.8442,-1,-1,-1
197,1,281.17,0.49,228.73,476.68,0.8979,-1,-1,-1
198,29,527.57,188.14,36.56,75.07,0.3534,-1,-1,-1
198,24,499.18,184.76,30.11,87.65,0.6916,-1,-1,-1
198,18,177.30,10.43,98.84,438.50,0.8591,-1,-1,-1
198,2,0.29,0.50,216.31,474.70,0.8635,-1,-1,-1
198,1,281.11,0.68,228.13,475.90,0.9113,-1,-1,-1
199,29,540.13,187.20,23.36,73.76,0.3564,-1,-1,-1
199,24,498.15,184.67,30.78,86.41,0.6874,-1,-1,-1
199,18,175.91,11.40,98.58,437.72,0.8503,-1,-1,-1
199,2,0.11,1.56,216.74,473.38,0.8072,-1,-1,-1
199,1,279.38,0.66,229.72,476.62,0.9095,-1,-1,-1
200,29,529.25,185.72,35.96,74.35,0.4086,-1,-1,-1
200,24,498.19,185.21,30.77,87.31,0.7193,-1,-1,-1
200,18,174.55,12.00,96.53,437.69,0.8485,-1,-1,-1
200,2,0.07,5.30,216.30,469.01,0.7863,-1,-1,-1
200,1,277.00,0.74,231.65,475.70,0.9050,-1,-1,-1
201,24,497.58,185.19,30.13,87.47,0.7009,-1,-1,-1
201,18,169.55,12.91,99.15,438.71,0.8343,-1,-1,-1
201,2,0.13,3.16,216.42,471.05,0.7745,-1,-1,-1
201,1,274.16,0.00,233.54,480.00,0.9074,-1,-1,-1
202,35,524.82,189.14,26.84,75.67,0.3484,-1,-1,-1
202,31,291.76,178.62,19.84,43.46,0.3214,-1,-1,-1
202,24,497.31,185.32,29.86,87.23,0.6887,-1,-1,-1
202,18,164.06,15.32,100.61,435.66,0.8105,-1,-1,-1
202,2,0.10,7.16,216.80,468.85,0.7266,-1,-1,-1
202,1,273.48,0.00,233.38,480.00,0.9086,-1,-1,-1
203,35,524.10,188.05,27.97,77.02,0.5202,-1,-1,-1
203,24,496.91,184.76,29.76,88.20,0.7034,-1,-1,-1
203,18,155.46,16.90,106.55,432.36,0.7761,-1,-1,-1
203,2,0.44,14.26,215.14,462.05,0.6433,-1,-1,-1
203,1,273.36,0.00,232.77,478.58,0.8959,-1,-1,-1
204,35,519.68,189.45,31.57,76.79,0.5683,-1,-1,-1
204,24,495.18,186.33,29.60,86.99,0.7614,-1,-1,-1
204,18,155.88,18.91,101.98,419.88,0.8095,-1,-1,-1
204,2,0.23,1.43,214.42,470.15,0.6953,-1,-1,-1
204,1,273.16,0.82,232.42,474.40,0.8901,-1,-1,-1
205,35,521.86,187.77,30.23,78.62,0.5862,-1,-1,-1
205,27,546.58,207.68,15.30,42.55,0.3068,-1,-1,-1
205,24,496.22,186.50,28.63,85.96,0.7396,-1,-1,-1
205,18,154.15,20.90,97.62,412.69,0.8103,-1,-1,-1
205,2,0.15,0.97,214.17,470.10,0.6694,-1,-1,-1
205,1,272.15,1.01,234.58,473.70,0.8818,-1,-1,-1
206,35,523.67,186.72,29.65,78.24,0.4724,-1,-1,-1
206,27,548.92,204.32,13.42,45.95,0.3127,-1,-1,-1
206,24,495.21,186.47,29.38,85.44,0.7054,-1,-1,-1
206,18,153.42,23.29,95.34,406.63,0.7806,-1,-1,-1
206,2,0.10,1.89,212.20,471.31,0.6220,-1,-1,-1
206,1,269.53,0.74,236.97,474.01,0.8895,-1,-1,-1
207,35,519.46,185.50,31.44,80.07,0.5188,-1,-1,-1
207,27,548.09,202.04,14.00,48.51,0.3132,-1,-1,-1
207,24,495.28,185.96,28.63,86.26,0.7398,-1,-1,-1
207,18,156.27,25.00,92.13,396.11,0.7154,-1,-1,-1
207,2,0.19,2.11,211.47,469.61,0.5661,-1,-1,-1
207,1,271.85,0.94,234.48,474.16,0.8838,-1,-1,-1
208,35,519.53,187.10,34.96,78.16,0.4417,-1,-1,-1
208,24,493.67,186.64,29.86,87.15,0.7037,-1,-1,-1
208,18,166.67,30.07,85.07,374.34,0.7922,-1,-1,-1
208,2,0.16,0.30,210.96,474.12,0.7750,-1,-1,-1
208,1,263.39,0.59,243.60,475.06,0.8868,-1,-1,-1
209,35,521.20,185.82,33.91,81.94,0.4615,-1,-1,-1
209,24,494.49,185.94,29.07,86.77,0.7295,-1,-1,-1
209,18,169.96,33.66,81.06,365.34,0.7932,-1,-1,-1
209,2,0.00,0.34,209.15,474.43,0.7690,-1,-1,-1
209,1,261.21,0.83,246.09,475.40,0.8914,-1,-1,-1
210,35,519.84,186.45,24.42,80.65,0.4356,-1,-1,-1
210,24,492.52,185.60,30.56,88.30,0.7284,-1,-1,-1
210,18,173.10,44.93,79.65,352.95,0.8382,-1,-1,-1
210,2,0.25,1.02,204.14,474.49,0.8731,-1,-1,-1
210,1,256.55,0.76,248.77,476.52,0.8626,-1,-1,-1
211,35,524.68,184.99,24.84,80.49,0.4123,-1,-1,-1
211,24,491.65,183.53,31.57,89.75,0.7399,-1,-1,-1
211,18,171.83,48.13,84.59,349.28,0.8473,-1,-1,-1
211,2,0.17,1.43,201.05,475.69,0.8796,-1,-1,-1
211,1,267.95,1.22,237.05,476.53,0.8114,-1,-1,-1
212,35,524.90,187.07,34.01,78.66,0.3880,-1,-1,-1
212,24,491.15,185.97,30.02,89.49,0.7199,-1,-1,-1
212,18,169.79,54.39,93.42,345.28,0.8593,-1,-1,-1
212,2,0.40,0.75,197.28,472.21,0.8257,-1,-1,-1
212,1,264.28,1.09,240.47,476.45,0.8357,-1,-1,-1
213,35,520.76,186.01,24.31,80.23,0.4456,-1,-1,-1
213,24,490.16,184.71,29.26,89.40,0.6661,-1,-1,-1
213,18,167.58,53.62,103.73,344.84,0.8614,-1,-1,-1
213,2,0.47,2.47,188.25,473.75,0.7969,-1,-1,-1
213,1,252.20,1.24,250.89,477.03,0.8698,-1,-1,-1
214,35,517.73,185.27,26.65,83.24,0.5574,-1,-1,-1
214,24,489.69,184.74,28.57,90.01,0.7141,-1,-1,-1
214,18,154.73,56.13,121.85,354.11,0.8708,-1,-1,-1
214,2,0.37,0.57,183.46,477.27,0.8093,-1,-1,-1
214,1,254.56,0.78,245.15,476.74,0.8786,-1,-1,-1
215,35,516.16,184.51,26.49,83.60,0.5477,-1,-1,-1
215,27,539.12,198.53,20.21,54.34,0.4534,-1,-1,-1
215,24,485.34,185.06,33.07,89.38,0.7067,-1,-1,-1
215,18,161.61,56.36,117.85,345.46,0.8817,-1,-1,-1
215,2,0.54,0.19,182.72,476.38,0.7633,-1,-1,-1
215,1,256.25,0.65,241.34,475.26,0.8979,-1,-1,-1
216,35,520.94,187.16,19.78,79.79,0.4105,-1,-1,-1
216,27,536.89,197.70,20.79,53.22,0.4402,-1,-1,-1
216,24,488.00,184.36,28.18,90.06,0.7329,-1,-1,-1
216,18,168.00,59.12,114.37,341.09,0.8861,-1,-1,-1
216,2,0.52,0.34,179.18,474.10,0.7168,-1,-1,-1
216,1,255.96,0.28,239.09,476.27,0.8769,-1,-1,-1
217,35,522.59,184.98,19.06,79.83,0.5048,-1,-1,-1
217,27,538.27,196.32,19.25,54.54,0.4281,-1,-1,-1
217,24,485.50,182.36,31.58,91.77,0.7297,-1,-1,-1
217,18,170.47,61.79,115.00,339.38,0.8841,-1,-1,-1
217,2,0.56,0.22,179.04,477.26,0.8021,-1,-1,-1
217,1,289.35,1.18,204.95,478.82,0.8184,-1,-1,-1
218,35,521.77,190.98,18.57,75.58,0.3872,-1,-1,-1
218,24,482.23,181.69,31.34,95.01,0.7212,-1,-1,-1
218,18,173.72,69.06,113.98,331.45,0.8689,-1,-1,-1
218,2,0.55,0.38,181.13,478.34,0.7898,-1,-1,-1
218,1,264.09,1.06,225.93,478.94,0.7991,-1,-1,-1
219,35,506.36,184.69,30.44,83.54,0.4141,-1,-1,-1
219,27,535.06,198.35,21.71,53.94,0.3230,-1,-1,-1
219,24,481.35,180.45,30.87,94.29,0.7536,-1,-1,-1
219,18,181.16,74.76,110.23,325.73,0.8703,-1,-1,-1
219,2,0.44,0.37,182.85,476.07,0.8154,-1,-1,-1
219,1,294.37,0.11,193.39,479.69,0.8278,-1,-1,-1
220,35,509.85,184.27,27.40,84.75,0.5779,-1,-1,-1
220,27,537.79,199.00,21.58,52.15,0.3207,-1,-1,-1
220,24,480.02,180.24,31.16,95.99,0.7701,-1,-1,-1
220,18,186.38,80.18,105.38,316.99,0.8613,-1,-1,-1
220,2,0.27,0.28,186.85,476.19,0.8099,-1,-1,-1
220,1,292.96,9.84,191.19,468.47,0.7509,-1,-1,-1
221,35,506.75,184.31,29.44,84.57,0.6156,-1,-1,-1
221,27,537.78,200.05,21.18,52.10,0.3596,-1,-1,-1
221,24,483.82,181.74,25.65,93.55,0.7415,-1,-1,-1
221,18,189.49,87.93,104.31,301.21,0.8713,-1,-1,-1
221,2,0.11,0.98,193.15,475.60,0.7591,-1,-1,-1
221,1,268.14,22.37,218.49,456.94,0.8681,-1,-1,-1
222,35,506.69,182.39,30.43,86.60,0.6743,-1,-1,-1
222,27,538.50,204.07,21.03,49.37,0.4671,-1,-1,-1
222,24,486.75,182.99,24.01,91.57,0.6506,-1,-1,-1
222,18,196.76,90.58,102.23,290.10,0.8688,-1,-1,-1
222,2,0.12,2.42,199.07,477.58,0.5468,-1,-1,-1
222,1,282.46,28.42,209.60,450.90,0.9130,-1,-1,-1
223,35,506.61,183.73,29.16,88.15,0.4505,-1,-1,-1
223,27,537.77,203.85,22.17,49.76,0.5085,-1,-1,-1
223,24,488.83,182.56,21.75,97.69,0.4531,-1,-1,-1
223,18,203.11,92.75,96.52,273.24,0.8622,-1,-1,-1
223,2,0.07,0.70,211.92,472.08,0.7691,-1,-1,-1
223,1,290.18,32.72,206.04,447.28,0.8907,-1,-1,-1
224,35,508.95,185.74,25.22,86.54,0.3173,-1,-1,-1
224,27,538.05,202.94,22.06,50.89,0.5161,-1,-1,-1
224,24,488.76,182.59,23.49,95.54,0.5215,-1,-1,-1
224,18,208.23,95.03,92.81,271.20,0.8635,-1,-1,-1
224,2,0.00,0.92,216.08,474.96,0.6627,-1,-1,-1
224,1,291.57,35.19,205.32,444.81,0.9124,-1,-1,-1
225,37,561.15,204.53,15.75,39.10,0.3296,-1,-1,-1
225,27,538.62,201.00,22.50,53.35,0.5123,-1,-1,-1
225,24,486.00,184.25,28.88,94.55,0.6247,-1,-1,-1
225,18,214.05,101.82,89.21,266.22,0.8740,-1,-1,-1
225,2,0.00,0.00,220.20,478.10,0.8388,-1,-1,-1
225,1,292.67,38.84,202.26,440.08,0.9178,-1,-1,-1
226,35,510.96,189.70,21.29,82.54,0.4370,-1,-1,-1
226,27,539.18,202.00,23.27,53.55,0.5074,-1,-1,-1
226,24,484.31,180.16,30.27,98.50,0.6672,-1,-1,-1
226,18,219.82,107.77,85.64,260.60,0.8761,-1,-1,-1
226,2,0.00,2.22,227.06,473.79,0.8231,-1,-1,-1
226,1,295.27,43.38,193.16,436.62,0.9126,-1,-1,-1
227,35,510.29,188.50,21.49,83.96,0.4055,-1,-1,-1
227,27,540.09,201.04,21.94,54.01,0.5443,-1,-1,-1
227,24,481.07,180.29,33.21,100.34,0.7180,-1,-1,-1
227,18,222.02,111.15,87.21,249.63,0.8700,-1,-1,-1
227,2,0.13,1.15,227.09,475.72,0.8149,-1,-1,-1
227,1,299.19,49.68,182.94,430.32,0.9025,-1,-1,-1
228,37,563.11,195.22,15.99,49.80,0.3397,-1,-1,-1
228,35,510.69,185.27,21.94,87.06,0.3763,-1,-1,-1
228,27,542.25,201.72,21.28,55.00,0.5636,-1,-1,-1
228,24,481.86,180.39,34.12,102.84,0.7394,-1,-1,-1
228,18,231.01,111.20,84.08,245.88,0.8428,-1,-1,-1
228,2,0.09,1.36,231.34,475.83,0.9134,-1,-1,-1
228,1,302.78,55.03,172.52,423.94,0.9123,-1,-1,-1
229,37,564.73,202.67,17.50,44.50,0.3110,-1,-1,-1
229,27,543.12,199.78,23.74,58.31,0.5933,-1,-1,-1
229,24,484.75,183.84,31.70,100.96,0.6979,-1,-1,-1
229,18,236.82,109.73,86.18,231.54,0.8607,-1,-1,-1
229,2,0.81,1.52,225.48,475.94,0.9023,-1,-1,-1
229,1,306.42,61.60,158.02,418.40,0.9038,-1,-1,-1
230,38,454.11,169.04,33.40,123.16,0.6902,-1,-1,-1
230,27,545.68,199.48,21.22,59.11,0.6462,-1,-1,-1
230,24,485.96,182.96,32.05,102.89,0.6964,-1,-1,-1
230,18,239.37,110.21,84.67,229.97,0.8485,-1,-1,-1
230,2,0.15,1.41,223.26,477.78,0.8907,-1,-1,-1
230,1,309.13,66.15,151.38,413.21,0.8854,-1,-1,-1
231,38,453.14,165.29,38.57,126.47,0.7729,-1,-1,-1
231,35,515.39,184.58,22.73,88.94,0.4092,-1,-1,-1
231,27,552.04,199.51,22.33,59.03,0.6645,-1,-1,-1
231,24,489.27,183.53,29.31,103.02,0.7233,-1,-1,-1
231,18,244.97,110.41,83.42,229.55,0.8647,-1,-1,-1
231,2,0.24,4.96,222.38,470.25,0.7193,-1,-1,-1
231,1,308.35,66.13,148.30,413.87,0.8866,-1,-1,-1
232,40,575.07,156.51,64.83,201.62,0.6590,-1,-1,-1
232,38,456.23,162.70,42.03,130.48,0.7572,-1,-1,-1
232,35,514.66,184.00,25.05,92.78,0.5440,-1,-1,-1
232,27,552.91,199.62,26.76,60.49,0.5284,-1,-1,-1
232,24,494.26,183.14,25.00,101.45,0.6565,-1,-1,-1
232,18,251.81,113.70,81.08,227.94,0.8517,-1,-1,-1
232,2,0.53,5.68,221.59,472.97,0.8020,-1,-1,-1
232,1,325.25,65.41,135.50,413.52,0.8691,-1,-1,-1
233,40,576.66,164.32,63.28,190.51,0.3397,-1,-1,-1
233,38,467.04,160.12,38.08,133.31,0.6894,-1,-1,-1
233,35,522.10,184.88,20.34,92.35,0.5433,-1,-1,-1
233,27,557.65,198.82,25.36,61.40,0.6123,-1,-1,-1
233,24,503.06,178.73,19.72,98.12,0.3928,-1,-1,-1
233,18,258.22,119.07,79.02,223.28,0.8269,-1,-1,-1
233,2,0.25,2.48,221.34,470.54,0.5817,-1,-1,-1
233,1,332.56,64.23,131.70,415.41,0.8698,-1,-1,-1
234,40,585.96,167.53,53.93,216.45,0.4547,-1,-1,-1
234,38,477.32,160.48,37.20,132.03,0.5219,-1,-1,-1
234,37,566.57,202.98,21.08,57.41,0.5037,-1,-1,-1
234,35,519.77,184.54,26.20,92.68,0.4934,-1,-1,-1
234,24,492.42,162.47,29.46,130.00,0.3096,-1,-1,-1
234,18,265.97,121.56,75.72,216.86,0.8078,-1,-1,-1
234,2,0.48,1.57,223.06,470.63,0.6598,-1,-1,-1
234,1,322.57,70.27,164.62,409.73,0.8999,-1,-1,-1
235,38,484.55,158.98,36.72,129.51,0.3945,-1,-1,-1
235,35,526.89,187.07,23.19,92.83,0.4078,-1,-1,-1
235,27,570.04,198.28,28.08,63.59,0.4998,-1,-1,-1
235,18,270.37,121.66,77.35,213.18,0.8103,-1,-1,-1
235,2,6.10,0.79,219.98,477.74,0.8442,-1,-1,-1
235,1,334.50,74.75,168.31,405.16,0.8957,-1,-1,-1
236,41,0.05,115.12,44.45,181.63,0.5010,-1,-1,-1
236,40,609.58,168.17,30.28,273.07,0.5695,-1,-1,-1
236,38,505.86,173.85,28.44,114.05,0.3176,-1,-1,-1
236,35,530.31,192.04,26.15,85.59,0.4807,-1,-1,-1
236,27,574.95,190.69,29.28,70.13,0.5555,-1,-1,-1
236,18,278.74,117.47,73.57,206.00,0.7913,-1,-1,-1
236,2,6.98,0.80,224.01,477.21,0.8866,-1,-1,-1
236,1,343.24,79.37,169.44,400.63,0.8976,-1,-1,-1
237,41,0.52,119.94,57.21,153.34,0.5858,-1,-1,-1
237,40,610.33,202.54,29.53,276.43,0.6426,-1,-1,-1
237,38,490.99,163.11,44.86,156.82,0.3033,-1,-1,-1
237,35,541.66,182.78,18.90,96.53,0.4480,-1,-1,-1
237,27,584.68,192.61,27.45,69.30,0.5674,-1,-1,-1
237,18,286.73,118.89,74.57,204.37,0.8394,-1,-1,-1
237,2,8.11,7.14,232.39,471.98,0.8754,-1,-1,-1
237,1,361.95,88.23,164.66,391.31,0.9057,-1,-1,-1
238,42,241.89,170.44,30.03,102.72,0.5701,-1,-1,-1
238,41,0.19,116.74,66.82,156.45,0.4620,-1,-1,-1
238,40,609.26,205.83,30.64,273.99,0.5992,-1,-1,-1
238,35,545.57,185.33,20.54,97.52,0.3529,-1,-1,-1
238,27,589.26,195.34,29.46,67.99,0.5369,-1,-1,-1
238,18,290.05,120.11,77.08,202.93,0.8211,-1,-1,-1
238,2,9.87,7.21,235.95,472.79,0.8706,-1,-1,-1
238,1,373.61,85.62,162.76,394.38,0.9026,-1,-1,-1
239,43,364.96,175.65,23.45,86.77,0.5244,-1,-1,-1
239,42,248.04,163.23,32.88,115.51,0.5147,-1,-1,-1
239,41,0.00,115.51,81.17,348.45,0.4073,-1,-1,-1
239,40,597.50,216.07,42.35,263.81,0.3968,-1,-1,-1
239,27,595.06,200.28,29.56,63.13,0.3600,-1,-1,-1
239,18,305.71,124.70,65.02,198.77,0.7859,-1,-1,-1
239,2,3.04,14.14,249.22,465.48,0.8336,-1,-1,-1
239,1,391.54,88.33,156.17,391.19,0.8984,-1,-1,-1
240,44,0.00,166.25,45.30,96.87,0.5306,-1,-1,-1
240,43,366.05,180.75,24.73,79.67,0.4238,-1,-1,-1
240,42,252.64,158.72,38.14,116.23,0.7078,-1,-1,-1
240,27,596.56,189.49,31.53,72.53,0.5220,-1,-1,-1
240,18,304.04,124.69,70.10,194.48,0.7561,-1,-1,-1
240,2,18.85,15.13,243.35,463.52,0.7604,-1,-1,-1
240,1,398.25,85.23,160.29,373.10,0.8861,-1,-1,-1
241,43,366.19,180.76,24.10,79.82,0.3867,-1,-1,-1
241,41,0.25,110.77,105.12,327.15,0.3255,-1,-1,-1
241,27,598.02,198.65,30.65,56.62,0.3110,-1,-1,-1
241,18,308.79,123.34,76.79,194.30,0.7988,-1,-1,-1
241,2,0.00,14.71,265.82,460.72,0.7140,-1,-1,-1
241,1,410.56,83.13,154.28,376.23,0.8927,-1,-1,-1
242,45,392.54,180.84,25.26,80.31,0.5069,-1,-1,-1
242,41,3.37,114.74,104.97,324.83,0.4652,-1,-1,-1
242,40,591.25,167.08,48.56,312.13,0.7154,-1,-1,-1
242,18,290.02,121.98,94.52,192.76,0.8221,-1,-1,-1
242,2,47.83,9.19,225.46,470.81,0.8341,-1,-1,-1
242,1,414.02,86.87,149.09,377.89,0.8768,-1,-1,-1
243,45,391.19,180.90,26.73,81.04,0.5726,-1,-1,-1
243,44,17.93,165.87,45.96,86.27,0.6016,-1,-1,-1
243,41,9.54,115.51,101.63,326.05,0.3915,-1,-1,-1
243,40,575.85,19.37,64.01,460.63,0.7337,-1,-1,-1
243,38,531.02,139.29,37.29,177.94,0.3251,-1,-1,-1
243,18,304.18,121.72,78.24,189.37,0.8472,-1,-1,-1
243,2,51.70,6.83,224.97,471.09,0.8379,-1,-1,-1
243,1,415.01,88.79,146.23,381.00,0.8919,-1,-1,-1
244,45,393.76,178.83,25.16,83.35,0.5861,-1,-1,-1
244,44,10.15,168.57,57.30,85.90,0.7447,-1,-1,-1
244,40,543.15,2.22,96.63,477.78,0.8332,-1,-1,-1
244,38,536.88,135.14,34.79,84.66,0.3444,-1,-1,-1
244,18,316.52,120.39,66.04,189.72,0.7010,-1,-1,-1
244,2,76.34,6.89,205.70,468.76,0.7837,-1,-1,-1
244,1,424.32,90.36,141.42,378.73,0.8873,-1,-1,-1
245,47,413.44,172.72,31.06,106.68,0.4908,-1,-1,-1
245,45,391.62,179.56,25.58,82.39,0.6202,-1,-1,-1
245,40,530.95,0.00,108.92,478.61,0.7261,-1,-1,-1
245,18,310.87,121.16,72.13,192.88,0.7881,-1,-1,-1
245,2,69.56,9.69,214.38,449.49,0.8551,-1,-1,-1
245,1,428.75,87.37,133.81,385.17,0.8594,-1,-1,-1
246,47,411.44,169.23,39.22,109.47,0.7345,-1,-1,-1
246,45,387.90,174.88,28.17,86.96,0.5738,-1,-1,-1
246,44,0.22,162.60,34.65,90.89,0.7544,-1,-1,-1
246,40,533.57,0.00,106.31,479.04,0.7501,-1,-1,-1
246,18,306.09,121.02,75.72,190.42,0.8130,-1,-1,-1
246,2,74.23,9.01,212.91,468.22,0.9022,-1,-1,-1
246,1,434.07,86.28,119.01,381.85,0.8572,-1,-1,-1
247,48,28.41,195.34,18.77,38.50,0.5782,-1,-1,-1
247,47,408.75,171.63,32.84,106.77,0.7498,-1,-1,-1
247,45,386.33,176.33,25.92,84.66,0.6350,-1,-1,-1
247,44,0.35,165.79,15.96,87.94,0.6921,-1,-1,-1
247,40,504.08,0.82,135.42,477.27,0.8079,-1,-1,-1
247,18,307.05,122.25,72.15,190.03,0.8135,-1,-1,-1
247,2,80.60,9.97,206.90,466.33,0.9034,-1,-1,-1
247,1,436.82,85.19,116.66,364.13,0.8352,-1,-1,-1
248,49,285.42,168.75,28.10,93.46,0.5171,-1,-1,-1
248,48,27.18,194.72,18.77,38.93,0.6142,-1,-1,-1
248,47,407.68,171.97,34.20,107.85,0.7695,-1,-1,-1
248,45,383.84,174.47,28.39,87.24,0.6757,-1,-1,-1
248,40,524.96,0.98,114.87,479.02,0.8616,-1,-1,-1
248,18,306.41,122.67,73.32,190.08,0.8408,-1,-1,-1
248,2,87.57,8.73,201.92,469.65,0.8321,-1,-1,-1
248,1,436.22,87.82,130.12,353.17,0.8476,-1,-1,-1
249,49,290.34,169.59,24.36,92.33,0.6561,-1,-1,-1
249,48,29.19,195.41,17.11,38.11,0.5661,-1,-1,-1
249,47,410.46,170.11,34.94,110.91,0.7719,-1,-1,-1
249,45,386.05,173.95,29.48,88.02,0.6865,-1,-1,-1
249,42,311.68,121.75,72.89,186.70,0.8360,-1,-1,-1
249,40,497.70,0.73,141.92,477.05,0.8528,-1,-1,-1
249,2,97.72,7.08,197.31,471.65,0.8885,-1,-1,-1
249,1,446.28,86.49,122.92,360.17,0.7634,-1,-1,-1
250,49,297.54,172.87,21.54,91.63,0.5938,-1,-1,-1
250,48,32.93,197.05,18.39,39.56,0.5372,-1,-1,-1
250,47,414.20,171.91,35.24,113.30,0.7797,-1,-1,-1
250,45,390.20,175.01,30.28,91.07,0.6796,-1,-1,-1
250,42,318.83,123.09,71.52,181.99,0.8530,-1,-1,-1
250,40,502.76,0.63,137.07,479.37,0.8214,-1,-1,-1
250,2,109.98,7.93,193.75,470.42,0.9174,-1,-1,-1
250,1,459.87,87.54,122.80,366.25,0.6550,-1,-1,-1
251,51,78.35,177.38,41.42,89.74,0.5204,-1,-1,-1
251,48,35.05,197.01,17.10,40.61,0.5066,-1,-1,-1
251,47,414.90,170.53,36.99,116.27,0.7774,-1,-1,-1
251,45,394.74,175.10,27.06,91.36,0.6135,-1,-1,-1
251,42,324.51,123.91,67.33,182.28,0.8603,-1,-1,-1
251,40,511.29,0.26,128.54,479.67,0.8438,-1,-1,-1
251,2,120.57,10.14,189.09,469.86,0.9129,-1,-1,-1
252,51,66.49,179.66,50.94,90.39,0.6008,-1,-1,-1
252,48,37.07,199.30,16.25,40.56,0.4359,-1,-1,-1
252,47,416.44,174.51,35.92,116.95,0.7353,-1,-1,-1
252,45,397.37,177.33,27.17,92.25,0.5380,-1,-1,-1
252,42,327.88,128.66,65.94,181.57,0.8592,-1,-1,-1
252,40,519.09,3.26,120.63,470.74,0.8710,-1,-1,-1
252,24,465.68,149.22,54.83,172.59,0.5296,-1,-1,-1
252,2,126.86,17.09,189.76,462.91,0.8902,-1,-1,-1
253,51,65.77,180.13,49.94,93.81,0.7020,-1,-1,-1
253,48,42.91,202.34,14.84,39.12,0.4385,-1,-1,-1
253,47,420.55,174.23,36.98,120.32,0.6898,-1,-1,-1
253,45,401.08,174.01,27.36,95.45,0.5320,-1,-1,-1
253,42,333.69,130.63,68.27,182.52,0.8573,-1,-1,-1
253,40,523.29,5.41,116.53,466.92,0.8818,-1,-1,-1
253,24,460.98,142.34,57.69,179.04,0.7374,-1,-1,-1
253,2,137.71,28.18,186.02,451.68,0.8997,-1,-1,-1
254,51,67.99,179.93,44.73,93.16,0.6662,-1,-1,-1
254,48,44.37,203.02,14.73,39.17,0.3576,-1,-1,-1
254,47,421.61,171.39,37.94,123.54,0.6798,-1,-1,-1
254,45,405.02,175.60,25.99,95.12,0.4114,-1,-1,-1
254,42,338.89,133.79,63.29,179.87,0.8498,-1,-1,-1
254,40,529.04,4.03,110.51,473.26,0.8783,-1,-1,-1
254,24,459.93,141.41,56.71,181.82,0.7378,-1,-1,-1
254,2,147.43,28.71,182.30,450.73,0.8914,-1,-1,-1
255,55,111.35,143.09,55.35,160.49,0.7454,-1,-1,-1
255,54,504.20,146.31,39.57,151.79,0.3810,-1,-1,-1
255,51,59.27,180.54,40.40,97.34,0.6404,-1,-1,-1
255,47,418.79,171.91,37.92,126.17,0.6411,-1,-1,-1
255,42,342.41,137.17,60.12,178.69,0.8389,-1,-1,-1
255,40,527.86,3.98,111.63,475.20,0.8989,-1,-1,-1
255,24,440.47,142.26,74.29,187.26,0.8487,-1,-1,-1
255,2,129.09,37.82,211.79,442.08,0.8652,-1,-1,-1
256,55,81.44,134.48,73.19,169.11,0.6306,-1,-1,-1
256,54,495.41,168.36,46.26,134.33,0.5902,-1,-1,-1
256,51,37.97,178.07,48.06,100.71,0.6236,-1,-1,-1
256,47,415.71,168.10,36.27,130.49,0.5574,-1,-1,-1
256,42,344.41,134.22,58.53,177.16,0.7650,-1,-1,-1
256,40,525.63,0.77,114.10,477.27,0.9070,-1,-1,-1
256,24,427.44,141.49,86.09,190.57,0.8101,-1,-1,-1
256,2,166.55,35.41,186.30,443.79,0.8961,-1,-1,-1
257,55,58.09,131.53,84.87,176.53,0.7949,-1,-1,-1
257,54,489.25,167.58,51.72,143.55,0.6823,-1,-1,-1
257,51,14.77,178.94,64.87,101.53,0.6384,-1,-1,-1
257,42,345.71,132.76,52.41,176.26,0.7824,-1,-1,-1
257,40,524.24,0.35,115.44,478.77,0.9039,-1,-1,-1
257,24,426.96,139.06,84.25,196.22,0.8733,-1,-1,-1
257,2,168.61,35.85,185.80,442.21,0.8837,-1,-1,-1
258,55,32.85,132.32,99.09,180.09,0.8589,-1,-1,-1
258,54,483.58,163.96,53.51,149.14,0.6871,-1,-1,-1
258,51,0.72,183.41,52.18,95.82,0.3845,-1,-1,-1
258,42,343.09,133.19,55.87,179.68,0.7986,-1,-1,-1
258,40,483.44,0.60,156.43,479.40,0.8380,-1,-1,-1
258,24,412.40,132.01,78.58,207.70,0.8205,-1,-1,-1
258,2,151.72,27.48,202.98,449.84,0.8613,-1,-1,-1
259,55,11.44,129.12,111.36,184.90,0.8813,-1,-1,-1
259,54,480.35,163.22,58.64,149.87,0.6151,-1,-1,-1
259,51,0.56,176.08,43.47,99.06,0.4514,-1,-1,-1
259,42,344.52,136.49,50.99,177.07,0.7994,-1,-1,-1
259,40,472.72,0.00,167.15,480.00,0.8552,-1,-1,-1
259,24,397.90,128.36,72.93,213.24,0.8711,-1,-1,-1
259,2,150.72,28.49,200.53,449.96,0.8739,-1,-1,-1
260,55,0.00,127.25,104.65,192.60,0.8998,-1,-1,-1
260,54,473.13,141.69,58.20,177.82,0.6941,-1,-1,-1
260,42,335.99,141.20,53.44,173.76,0.7811,-1,-1,-1
260,40,498.57,1.22,141.16,478.78,0.8915,-1,-1,-1
260,24,391.22,127.50,72.17,224.96,0.7486,-1,-1,-1
260,2,143.40,27.45,197.75,452.55,0.9072,-1,-1,-1
261,55,0.15,124.20,78.98,195.53,0.8624,-1,-1,-1
261,54,466.60,146.64,46.66,178.65,0.6196,-1,-1,-1
261,42,323.74,145.81,58.06,171.77,0.8077,-1,-1,-1
261,40,488.77,1.42,151.06,477.67,0.9111,-1,-1,-1
261,24,359.98,129.39,99.73,232.71,0.8354,-1,-1,-1
261,2,134.09,26.70,193.25,453.30,0.8995,-1,-1,-1
262,51,0.05,157.62,40.38,162.69,0.3287,-1,-1,-1
262,42,317.46,146.56,56.35,168.79,0.6461,-1,-1,-1
262,40,459.25,1.81,180.52,475.66,0.8910,-1,-1,-1
262,24,332.48,128.38,111.80,240.57,0.8338,-1,-1,-1
262,2,117.79,21.87,195.32,457.56,0.8416,-1,-1,-1
263,43,388.21,165.33,58.00,151.06,0.3995,-1,-1,-1
263,40,442.95,0.84,196.80,477.59,0.9250,-1,-1,-1
263,24,320.73,120.97,102.37,257.72,0.8725,-1,-1,-1
263,2,108.96,11.76,196.10,468.24,0.8954,-1,-1,-1
264,40,437.74,0.56,201.99,479.00,0.9049,-1,-1,-1
264,24,318.18,117.17,106.55,264.01,0.8486,-1,-1,-1
264,2,103.14,10.58,194.32,468.11,0.8476,-1,-1,-1
265,40,431.31,0.84,208.34,476.67,0.9103,-1,-1,-1
265,24,287.81,107.71,78.36,279.98,0.7722,-1,-1,-1
265,18,374.52,160.69,47.21,156.49,0.8162,-1,-1,-1
265,2,72.91,8.08,219.42,471.54,0.8509,-1,-1,-1
266,42,336.29,147.34,41.72,157.44,0.7444,-1,-1,-1
266,40,424.85,0.77,214.85,476.09,0.8700,-1,-1,-1
266,24,284.17,99.29,63.73,287.53,0.7699,-1,-1,-1
266,18,370.66,156.03,46.85,159.78,0.7843,-1,-1,-1
266,2,80.37,9.29,212.11,470.24,0.8525,-1,-1,-1
267,42,315.25,140.39,51.17,158.35,0.8247,-1,-1,-1
267,40,422.74,0.89,217.12,476.40,0.9144,-1,-1,-1
267,24,256.53,88.72,82.83,293.50,0.7856,-1,-1,-1
267,18,359.97,146.92,63.13,165.32,0.7854,-1,-1,-1
267,2,57.85,6.81,229.17,471.61,0.8256,-1,-1,-1
268,56,285.54,159.88,29.89,101.67,0.3469,-1,-1,-1
268,42,308.80,134.02,54.45,161.48,0.8496,-1,-1,-1
268,40,423.29,0.61,216.46,476.09,0.9181,-1,-1,-1
268,24,242.45,77.40,90.84,300.97,0.5007,-1,-1,-1
268,18,355.42,140.64,66.93,167.39,0.7796,-1,-1,-1
268,2,36.42,0.89,246.70,479.11,0.7726,-1,-1,-1
269,56,275.97,145.46,34.70,130.47,0.3928,-1,-1,-1
269,42,308.06,130.08,53.18,158.68,0.7998,-1,-1,-1
269,40,419.36,0.92,220.64,474.09,0.9117,-1,-1,-1
269,18,347.26,135.54,60.23,171.11,0.7764,-1,-1,-1
269,2,32.70,0.00,262.86,480.00,0.8081,-1,-1,-1
269,1,592.29,146.55,47.57,287.11,0.4695,-1,-1,-1
270,42,311.00,110.68,40.83,160.22,0.7391,-1,-1,-1
270,40,405.00,0.73,235.00,476.47,0.9089,-1,-1,-1
270,18,337.52,114.73,56.96,176.85,0.7993,-1,-1,-1
270,2,37.08,0.64,255.32,479.17,0.8813,-1,-1,-1
270,1,589.61,179.37,50.29,228.12,0.6832,-1,-1,-1
271,49,298.57,110.83,23.63,122.63,0.3441,-1,-1,-1
271,42,315.71,83.80,34.61,162.11,0.5846,-1,-1,-1
271,40,400.30,0.65,239.64,479.35,0.9133,-1,-1,-1
271,18,328.21,86.35,60.02,182.11,0.7889,-1,-1,-1
271,2,31.89,0.48,258.88,474.88,0.8834,-1,-1,-1
271,1,591.68,93.88,48.25,274.06,0.5437,-1,-1,-1
272,56,271.00,67.61,39.21,138.29,0.4076,-1,-1,-1
272,41,21.17,0.20,122.15,386.72,0.3721,-1,-1,-1
272,40,396.88,0.20,242.67,479.80,0.9158,-1,-1,-1
272,18,314.64,47.74,67.39,192.05,0.8085,-1,-1,-1
272,2,32.45,0.61,245.16,441.28,0.7821,-1,-1,-1
272,1,590.43,39.35,49.44,299.61,0.4049,-1,-1,-1
273,56,252.47,61.17,61.42,147.17,0.7547,-1,-1,-1
273,41,0.72,5.08,101.96,372.35,0.3712,-1,-1,-1
273,40,397.48,0.17,242.14,479.75,0.9118,-1,-1,-1
273,18,311.24,41.21,65.62,195.05,0.7508,-1,-1,-1
273,2,24.91,0.96,247.10,446.43,0.6988,-1,-1,-1
273,1,585.34,137.98,54.49,180.49,0.3696,-1,-1,-1
274,56,258.63,80.78,51.08,142.41,0.7572,-1,-1,-1
274,41,0.00,1.04,66.57,263.54,0.4691,-1,-1,-1
274,40,396.93,0.48,241.82,473.19,0.9034,-1,-1,-1
274,18,306.12,54.78,69.15,199.06,0.7753,-1,-1,-1
274,2,81.90,0.00,180.58,478.77,0.7077,-1,-1,-1
274,1,585.94,59.46,53.96,264.83,0.4815,-1,-1,-1
275,56,265.24,100.53,38.77,139.43,0.6513,-1,-1,-1
275,41,0.00,82.98,53.23,236.38,0.6451,-1,-1,-1
275,40,394.69,0.30,241.51,475.36,0.8676,-1,-1,-1
275,18,297.14,73.21,65.94,203.08,0.7900,-1,-1,-1
275,2,33.21,0.22,221.22,476.17,0.8453,-1,-1,-1
275,1,599.88,5.85,40.03,324.71,0.5052,-1,-1,-1
276,56,260.08,133.33,47.24,131.68,0.4933,-1,-1,-1
276,44,0.15,169.84,28.28,99.11,0.4700,-1,-1,-1
276,40,404.10,0.42,234.52,478.22,0.9043,-1,-1,-1
276,18,292.53,102.06,71.43,204.51,0.8093,-1,-1,-1
276,2,39.37,0.63,210.53,466.97,0.8090,-1,-1,-1
276,1,604.40,132.92,35.13,224.74,0.4002,-1,-1,-1
277,56,261.40,140.85,36.49,136.26,0.3698,-1,-1,-1
277,40,404.62,0.31,234.41,479.69,0.9186,-1,-1,-1
277,18,283.64,112.37,69.74,210.21,0.7235,-1,-1,-1
277,2,45.69,0.01,198.84,436.17,0.8311,-1,-1,-1
277,1,596.47,41.37,43.39,327.87,0.4075,-1,-1,-1
278,58,238.79,148.03,37.09,127.33,0.5453,-1,-1,-1
278,40,401.31,0.18,219.55,479.82,0.9041,-1,-1,-1
278,18,269.93,112.95,72.16,218.70,0.7791,-1,-1,-1
278,2,24.72,0.00,209.25,478.04,0.8501,-1,-1,-1
278,1,590.42,107.41,49.51,260.11,0.4629,-1,-1,-1
279,60,188.38,143.19,64.27,194.86,0.7392,-1,-1,-1
279,59,315.39,148.47,54.74,144.25,0.6582,-1,-1,-1
279,40,381.09,0.05,218.59,479.23,0.8974,-1,-1,-1
279,18,254.04,129.08,74.78,223.87,0.7788,-1,-1,-1
279,2,8.79,22.17,204.97,454.63,0.8794,-1,-1,-1
279,1,578.59,62.57,61.34,314.42,0.8094,-1,-1,-1
280,60,168.91,144.84,72.51,201.91,0.8065,-1,-1,-1
280,59,298.41,149.43,54.13,146.48,0.8052,-1,-1,-1
280,54,350.87,121.16,54.83,209.76,0.3090,-1,-1,-1
280,40,359.23,0.00,221.97,477.92,0.8895,-1,-1,-1
280,18,232.47,126.58,74.57,228.31,0.7875,-1,-1,-1
280,2,0.47,20.67,184.84,456.55,0.8899,-1,-1,-1
280,1,565.34,60.95,74.66,314.79,0.8291,-1,-1,-1
281,60,140.01,132.45,74.13,200.79,0.8365,-1,-1,-1
281,59,269.12,138.31,51.50,145.02,0.8328,-1,-1,-1
281,54,317.29,101.72,57.81,220.07,0.6756,-1,-1,-1
281,40,330.88,0.49,233.49,479.51,0.9069,-1,-1,-1
281,18,193.78,105.65,78.37,243.66,0.7881,-1,-1,-1
281,2,0.14,3.08,146.85,476.92,0.9054,-1,-1,-1
281,1,543.46,58.45,83.83,307.32,0.8293,-1,-1,-1
282,60,137.38,135.06,37.68,189.02,0.6083,-1,-1,-1
282,59,259.35,145.04,42.83,143.93,0.8066,-1,-1,-1
282,54,291.31,73.75,75.24,299.60,0.5352,-1,-1,-1
282,40,329.27,0.58,238.41,479.42,0.9030,-1,-1,-1
282,18,162.48,106.82,82.92,256.15,0.8022,-1,-1,-1
282,2,0.18,11.09,117.44,466.31,0.8910,-1,-1,-1
282,1,531.97,96.94,80.33,293.46,0.4131,-1,-1,-1
283,60,110.68,166.78,45.23,150.05,0.6090,-1,-1,-1
283,56,263.20,158.23,36.81,144.55,0.7234,-1,-1,-1
283,54,289.98,88.02,62.94,189.31,0.5576,-1,-1,-1
283,40,349.98,0.00,234.27,480.00,0.8831,-1,-1,-1
283,18,147.80,115.36,92.70,266.11,0.8315,-1,-1,-1
283,2,0.25,21.50,117.95,455.79,0.8594,-1,-1,-1
283,1,529.34,136.56,76.47,279.21,0.3841,-1,-1,-1
284,62,317.93,129.24,83.01,289.31,0.7438,-1,-1,-1
284,60,117.49,164.90,43.47,152.39,0.7255,-1,-1,-1
284,56,274.58,160.29,40.37,144.52,0.7295,-1,-1,-1
284,54,297.66,85.42,69.00,232.42,0.5068,-1,-1,-1
284,40,380.61,0.66,226.54,479.34,0.8913,-1,-1,-1
284,18,149.39,113.09,94.70,272.53,0.8489,-1,-1,-1
284,2,0.23,17.15,127.22,461.90,0.8169,-1,-1,-1
285,62,338.22,84.80,88.86,332.57,0.8513,-1,-1,-1
285,60,121.79,160.61,47.05,158.85,0.6721,-1,-1,-1
285,58,241.06,171.04,32.68,127.62,0.4864,-1,-1,-1
285,56,290.04,158.98,36.83,141.78,0.7030,-1,-1,-1
285,54,311.25,74.12,69.06,279.89,0.7347,-1,-1,-1
285,40,412.33,0.61,225.34,479.39,0.9175,-1,-1,-1
285,18,159.90,105.44,89.56,277.53,0.8549,-1,-1,-1
285,2,0.22,17.70,134.29,461.86,0.8867,-1,-1,-1
286,62,354.01,77.29,104.09,360.07,0.8756,-1,-1,-1
286,60,129.72,164.60,41.78,160.95,0.6715,-1,-1,-1
286,58,252.01,173.07,34.26,129.42,0.4766,-1,-1,-1
286,54,316.94,72.38,77.25,284.65,0.6258,-1,-1,-1
286,40,442.56,0.67,197.34,478.67,0.9101,-1,-1,-1
286,18,164.93,105.36,92.07,283.75,0.8643,-1,-1,-1
286,2,0.18,29.29,141.37,450.71,0.9023,-1,-1,-1
287,62,367.66,66.59,121.33,383.42,0.8855,-1,-1,-1
287,60,136.63,162.53,39.49,166.15,0.6260,-1,-1,-1
287,58,265.51,172.90,33.60,128.27,0.4461,-1,-1,-1
287,54,328.84,72.27,80.09,293.81,0.7645,-1,-1,-1
287,40,472.10,0.02,167.66,479.34,0.8891,-1,-1,-1
287,18,168.54,104.24,100.01,289.51,0.8162,-1,-1,-1
287,2,0.17,37.40,146.10,442.60,0.8946,-1,-1,-1
288,62,383.65,56.49,142.41,404.98,0.8844,-1,-1,-1
288,59,138.31,160.09,46.45,166.24,0.6097,-1,-1,-1
288,58,277.81,168.46,31.49,132.31,0.5888,-1,-1,-1
288,54,339.42,64.55,85.01,303.22,0.8194,-1,-1,-1
288,40,503.11,0.00,136.69,479.61,0.8588,-1,-1,-1
288,18,173.77,99.11,95.17,303.04,0.8311,-1,-1,-1
288,2,0.07,39.51,149.87,440.49,0.8995,-1,-1,-1
289,63,260.28,157.92,47.42,177.00,0.6807,-1,-1,-1
289,62,406.30,51.79,150.13,422.29,0.8817,-1,-1,-1
289,59,146.89,158.42,60.30,175.32,0.6042,-1,-1,-1
289,56,294.33,169.83,33.58,132.91,0.5498,-1,-1,-1
289,54,356.93,60.41,86.32,314.71,0.7689,-1,-1,-1
289,40,556.99,6.01,82.87,471.61,0.8153,-1,-1,-1
289,18,185.08,101.33,99.33,316.45,0.8151,-1,-1,-1
289,2,0.31,51.31,160.14,428.40,0.9023,-1,-1,-1
289,1,525.33,75.86,57.30,362.40,0.5403,-1,-1,-1
290,62,431.08,38.34,163.39,441.66,0.8745,-1,-1,-1
290,59,158.73,156.34,47.21,177.90,0.6925,-1,-1,-1
290,56,288.71,160.42,42.00,178.93,0.5814,-1,-1,-1
290,54,375.29,51.73,90.01,339.09,0.8409,-1,-1,-1
290,42,316.90,173.16,32.31,125.48,0.4802,-1,-1,-1
290,40,559.20,65.22,72.68,362.28,0.5655,-1,-1,-1
290,18,196.53,98.98,103.07,327.95,0.8002,-1,-1,-1
290,2,0.73,59.30,173.50,420.41,0.8948,-1,-1,-1
291,62,449.64,25.17,178.88,450.10,0.8855,-1,-1,-1
291,59,166.44,151.68,49.75,179.74,0.7069,-1,-1,-1
291,54,391.02,42.33,107.49,352.63,0.8330,-1,-1,-1
291,42,306.98,161.75,50.55,176.51,0.6889,-1,-1,-1
291,40,587.68,56.01,52.00,397.27,0.6426,-1,-1,-1
291,18,211.17,91.56,104.47,345.48,0.8386,-1,-1,-1
291,2,3.47,56.42,178.17,423.58,0.8692,-1,-1,-1
292,64,359.33,183.01,24.56,116.25,0.3407,-1,-1,-1
292,62,471.85,11.98,168.01,466.81,0.8920,-1,-1,-1
292,59,170.53,156.64,56.17,176.51,0.7098,-1,-1,-1
292,54,406.92,36.95,112.52,371.97,0.8805,-1,-1,-1
292,42,322.65,167.03,58.35,174.55,0.7876,-1,-1,-1
292,18,222.06,88.31,112.76,364.45,0.8385,-1,-1,-1
292,2,11.02,53.88,180.02,425.50,0.8848,-1,-1,-1
293,62,488.38,0.00,151.59,479.58,0.8871,-1,-1,-1
293,59,167.17,150.25,63.58,183.65,0.5396,-1,-1,-1
293,54,417.47,25.51,122.59,402.15,0.8618,-1,-1,-1
293,42,332.24,168.46,63.63,173.84,0.8567,-1,-1,-1
293,18,231.32,76.86,111.13,373.59,0.8477,-1,-1,-1
293,2,12.74,45.18,181.74,434.82,0.9074,-1,-1,-1
294,62,513.97,1.57,125.80,476.31,0.8178,-1,-1,-1
294,54,430.18,17.18,133.15,423.26,0.8433,-1,-1,-1
294,42,349.29,166.50,65.24,175.73,0.8114,-1,-1,-1
294,18,238.75,68.15,118.10,394.76,0.8386,-1,-1,-1
294,2,24.83,46.07,178.44,433.93,0.8777,-1,-1,-1
295,65,214.00,192.66,38.13,114.65,0.7581,-1,-1,-1
295,62,536.69,69.62,102.69,410.00,0.8525,-1,-1,-1
295,54,443.15,8.49,142.97,442.24,0.8817,-1,-1,-1
295,42,370.50,165.06,59.49,172.34,0.7779,-1,-1,-1
295,41,1.20,130.22,64.42,291.36,0.3217,-1,-1,-1
295,18,244.90,57.78,122.62,414.14,0.8833,-1,-1,-1
295,2,39.35,47.09,178.64,432.64,0.7477,-1,-1,-1
296,66,219.82,194.96,40.56,114.65,0.7646,-1,-1,-1
296,62,556.59,63.04,83.25,416.96,0.7012,-1,-1,-1
296,54,452.14,1.39,153.55,460.16,0.8691,-1,-1,-1
296,42,385.49,163.91,56.76,177.28,0.8129,-1,-1,-1
296,41,11.26,131.69,60.02,181.03,0.6201,-1,-1,-1
296,18,250.52,50.30,124.63,425.45,0.8884,-1,-1,-1
296,2,1.84,55.31,219.58,422.99,0.8217,-1,-1,-1
297,66,222.87,195.39,37.52,111.47,0.4859,-1,-1,-1
297,54,460.20,0.00,165.52,465.57,0.8798,-1,-1,-1
297,42,387.21,161.94,68.43,176.19,0.8627,-1,-1,-1
297,41,0.21,125.49,69.76,213.19,0.7806,-1,-1,-1
297,40,590.59,108.18,49.12,332.11,0.4687,-1,-1,-1
297,18,247.59,35.09,132.39,441.74,0.8809,-1,-1,-1
297,2,3.47,55.11,224.43,422.94,0.8671,-1,-1,-1
298,54,467.46,0.12,172.27,479.22,0.9150,-1,-1,-1
298,42,399.06,166.21,84.61,171.34,0.8572,-1,-1,-1
298,41,0.05,120.96,54.06,194.53,0.8388,-1,-1,-1
298,18,237.52,18.23,143.92,460.86,0.8798,-1,-1,-1
298,2,50.69,54.74,186.16,424.19,0.7870,-1,-1,-1
299,67,394.24,172.31,36.09,124.48,0.3717,-1,-1,-1
299,64,366.42,169.26,39.64,129.41,0.5947,-1,-1,-1
299,54,472.43,0.37,167.36,479.63,0.9084,-1,-1,-1
299,42,403.96,168.46,86.18,169.27,0.8670,-1,-1,-1
299,41,0.20,117.09,51.78,202.30,0.8598,-1,-1,-1
299,18,238.89,8.39,139.48,471.61,0.8843,-1,-1,-1
299,2,62.34,53.51,180.98,424.52,0.8572,-1,-1,-1
300,67,406.82,174.07,31.33,118.37,0.4049,-1,-1,-1
300,64,369.44,167.96,49.49,138.12,0.7343,-1,-1,-1
300,54,487.79,0.00,151.95,480.00,0.8960,-1,-1,-1
300,42,411.93,164.59,82.91,171.64,0.8893,-1,-1,-1
300,41,0.19,136.68,58.64,198.35,0.8118,-1,-1,-1
300,18,225.11,0.00,146.20,478.10,0.8594,-1,-1,-1
300,2,79.90,50.45,164.80,429.55,0.8134,-1,-1,-1
301,67,404.65,192.08,34.76,102.92,0.4451,-1,-1,-1
301,64,364.87,166.19,56.02,139.25,0.7595,-1,-1,-1
301,54,495.39,0.00,144.58,478.24,0.9061,-1,-1,-1
301,42,419.47,163.42,78.08,172.55,0.8429,-1,-1,-1
301,41,0.18,149.37,61.97,176.59,0.7265,-1,-1,-1
301,18,208.82,0.00,168.41,480.00,0.9034,-1,-1,-1
301,2,87.86,47.65,150.63,431.26,0.8625,-1,-1,-1
302,64,361.06,164.70,71.40,142.21,0.6594,-1,-1,-1
302,59,60.99,108.49,79.01,315.00,0.6072,-1,-1,-1
302,58,332.19,193.39,29.25,109.31,0.4981,-1,-1,-1
302,54,510.91,0.10,129.08,479.90,0.9075,-1,-1,-1
302,42,442.09,160.10,63.27,173.34,0.7801,-1,-1,-1
302,41,0.82,145.20,52.85,170.11,0.6399,-1,-1,-1
302,18,175.74,0.00,180.46,478.54,0.8282,-1,-1,-1
302,2,96.74,41.97,137.16,432.88,0.7946,-1,-1,-1
303,64,381.31,163.02,57.39,143.16,0.6276,-1,-1,-1
303,59,48.06,101.89,90.19,305.45,0.6892,-1,-1,-1
303,58,337.03,192.33,31.79,119.10,0.6989,-1,-1,-1
303,56,307.93,161.44,39.31,156.16,0.6534,-1,-1,-1
303,54,526.19,0.00,113.67,480.00,0.8999,-1,-1,-1
303,42,450.65,158.83,69.18,174.05,0.7803,-1,-1,-1
303,41,9.94,145.64,52.29,169.44,0.6055,-1,-1,-1
303,2,100.04,0.12,222.67,479.78,0.6796,-1,-1,-1
304,64,384.39,160.26,53.76,140.37,0.6641,-1,-1,-1
304,63,276.56,154.20,38.31,145.44,0.5720,-1,-1,-1
304,59,1.71,92.28,118.27,296.96,0.8244,-1,-1,-1
304,58,335.92,191.55,50.95,122.23,0.6368,-1,-1,-1
304,56,281.54,160.87,65.47,154.72,0.5010,-1,-1,-1
304,54,540.10,2.70,99.75,477.30,0.8459,-1,-1,-1
304,42,460.55,157.72,64.71,173.06,0.8055,-1,-1,-1
304,2,108.15,0.00,187.72,476.42,0.7532,-1,-1,-1
304,1,531.00,183.82,50.30,188.59,0.4727,-1,-1,-1
305,64,385.92,160.62,50.62,148.45,0.7342,-1,-1,-1
305,63,278.66,157.69,37.40,150.90,0.5756,-1,-1,-1
305,59,0.01,91.02,143.48,302.56,0.8747,-1,-1,-1
305,58,334.78,189.26,58.46,126.70,0.7114,-1,-1,-1
305,56,301.21,156.57,54.34,160.36,0.5845,-1,-1,-1
305,54,556.54,5.14,83.35,473.83,0.7593,-1,-1,-1
305,42,463.30,161.65,65.65,171.37,0.8322,-1,-1,-1
305,2,85.42,0.72,186.24,469.73,0.3586,-1,-1,-1
305,1,524.87,142.19,72.57,234.19,0.7763,-1,-1,-1
306,66,227.21,132.27,54.38,177.36,0.3059,-1,-1,-1
306,64,383.83,159.17,56.56,148.67,0.7649,-1,-1,-1
306,63,270.74,161.12,37.31,147.16,0.5983,-1,-1,-1
306,59,0.52,86.09,85.42,232.31,0.3060,-1,-1,-1
306,58,348.69,188.56,40.55,125.30,0.5547,-1,-1,-1
306,56,304.53,153.62,51.84,163.88,0.6873,-1,-1,-1
306,54,577.81,0.00,61.83,480.00,0.4559,-1,-1,-1
306,42,464.56,161.43,71.45,169.42,0.8047,-1,-1,-1
306,2,3.81,0.80,242.12,466.20,0.3517,-1,-1,-1
306,1,511.88,134.17,93.70,242.97,0.8046,-1,-1,-1
307,64,385.01,158.67,65.84,148.89,0.7865,-1,-1,-1
307,63,266.37,153.22,41.88,150.21,0.4171,-1,-1,-1
307,58,341.87,187.09,46.40,127.92,0.5544,-1,-1,-1
307,56,304.93,152.78,51.92,166.17,0.7662,-1,-1,-1
307,42,466.96,164.43,61.96,169.65,0.7172,-1,-1,-1
307,18,177.16,100.10,101.05,337.51,0.6157,-1,-1,-1
307,2,0.29,0.35,214.42,477.53,0.3877,-1,-1,-1
307,1,507.72,128.08,110.92,249.65,0.8132,-1,-1,-1
308,70,468.06,168.39,29.37,122.20,0.4678,-1,-1,-1
308,64,384.33,159.00,74.30,147.99,0.8041,-1,-1,-1
308,63,274.18,179.87,32.60,111.62,0.4043,-1,-1,-1
308,58,354.62,185.62,35.45,129.51,0.7031,-1,-1,-1
308,56,307.97,151.04,51.08,168.47,0.7905,-1,-1,-1
308,42,477.37,173.74,60.25,154.14,0.3118,-1,-1,-1
308,18,150.06,58.69,137.17,416.53,0.8632,-1,-1,-1
308,1,496.57,123.40,123.08,259.14,0.8262,-1,-1,-1
309,70,467.64,169.19,33.38,121.20,0.6659,-1,-1,-1
309,64,389.28,158.38,71.02,150.75,0.8140,-1,-1,-1
309,58,363.57,185.07,36.83,128.93,0.6372,-1,-1,-1
309,56,309.19,150.86,70.16,169.53,0.8432,-1,-1,-1
309,18,115.56,57.23,179.34,422.77,0.8760,-1,-1,-1
309,2,0.16,0.72,107.36,478.31,0.5373,-1,-1,-1
309,1,490.43,118.59,136.39,282.30,0.8728,-1,-1,-1
310,70,463.92,175.59,37.97,117.75,0.6795,-1,-1,-1
310,64,394.78,159.07,61.90,153.96,0.7617,-1,-1,-1
310,59,39.72,115.99,52.40,205.46,0.5633,-1,-1,-1
310,58,364.44,187.02,54.25,130.50,0.6416,-1,-1,-1
310,56,305.27,152.36,79.63,171.80,0.8536,-1,-1,-1
310,18,105.05,85.58,187.22,394.42,0.8673,-1,-1,-1
310,1,496.58,119.48,138.21,292.80,0.8440,-1,-1,-1
311,70,459.78,177.32,38.07,116.21,0.7471,-1,-1,-1
311,64,396.43,159.30,59.94,157.64,0.7740,-1,-1,-1
311,58,364.47,187.51,56.55,133.25,0.6611,-1,-1,-1
311,56,297.72,152.84,84.72,173.79,0.8540,-1,-1,-1
311,41,0.15,153.32,43.03,155.05,0.5237,-1,-1,-1
311,18,117.49,82.35,170.12,397.65,0.8417,-1,-1,-1
311,2,38.01,72.97,111.28,370.73,0.8240,-1,-1,-1
311,1,494.44,115.25,143.98,317.55,0.8847,-1,-1,-1
312,70,453.70,177.47,36.30,116.09,0.7328,-1,-1,-1
312,64,396.70,153.77,60.84,164.02,0.7225,-1,-1,-1
312,58,362.68,189.26,55.98,134.02,0.6162,-1,-1,-1
312,56,292.75,150.86,87.24,178.30,0.8818,-1,-1,-1
312,18,114.91,62.48,166.36,415.64,0.8812,-1,-1,-1
312,2,0.00,60.78,125.26,392.40,0.8998,-1,-1,-1
312,1,489.71,105.97,144.69,332.99,0.8926,-1,-1,-1
313,70,445.98,178.11,38.13,113.79,0.7124,-1,-1,-1
313,64,397.40,156.66,59.89,162.39,0.7330,-1,-1,-1
313,63,271.95,177.32,36.52,139.07,0.3462,-1,-1,-1
313,58,358.78,188.73,53.42,137.78,0.6824,-1,-1,-1
313,56,295.31,150.06,83.24,180.72,0.8423,-1,-1,-1
313,18,108.47,68.81,168.93,409.92,0.8785,-1,-1,-1
313,2,0.00,51.40,99.34,412.48,0.8863,-1,-1,-1
313,1,483.54,95.37,144.88,348.27,0.8805,-1,-1,-1
314,70,444.13,177.37,34.82,114.23,0.6571,-1,-1,-1
314,64,399.29,155.86,59.20,164.25,0.7814,-1,-1,-1
314,59,37.65,145.40,71.60,177.35,0.3321,-1,-1,-1
314,58,364.14,185.08,47.87,140.34,0.7040,-1,-1,-1
314,56,300.77,148.92,80.81,183.42,0.8188,-1,-1,-1
314,18,108.34,66.09,171.65,413.87,0.8713,-1,-1,-1
314,2,0.09,38.51,82.94,435.65,0.8190,-1,-1,-1
314,1,479.67,85.45,149.97,362.91,0.8714,-1,-1,-1
315,64,406.38,159.72,67.20,162.46,0.7409,-1,-1,-1
315,59,5.13,149.65,84.94,181.61,0.7584,-1,-1,-1
315,58,375.83,189.78,47.69,145.20,0.6790,-1,-1,-1
315,56,314.84,152.10,63.25,187.54,0.8029,-1,-1,-1
315,18,114.37,69.31,173.64,410.69,0.8883,-1,-1,-1
315,1,479.34,78.79,159.71,394.20,0.8983,-1,-1,-1
316,64,416.27,156.78,61.76,162.06,0.7192,-1,-1,-1
316,59,19.55,145.77,65.01,179.27,0.8005,-1,-1,-1
316,58,374.44,188.69,72.71,145.27,0.8181,-1,-1,-1
316,56,318.97,146.24,67.14,192.90,0.7823,-1,-1,-1
316,41,0.00,110.71,21.73,194.99,0.4942,-1,-1,-1
316,18,118.51,64.92,178.02,415.08,0.8936,-1,-1,-1
316,1,480.75,66.87,158.62,413.13,0.9018,-1,-1,-1
317,64,427.49,156.15,58.49,167.40,0.7288,-1,-1,-1
317,59,31.40,145.68,56.00,178.24,0.8410,-1,-1,-1
317,58,386.86,188.65,77.05,148.20,0.5469,-1,-1,-1
317,56,324.17,143.79,79.63,197.19,0.8409,-1,-1,-1
317,18,124.78,65.45,178.51,413.51,0.8971,-1,-1,-1
317,1,487.99,51.67,151.95,428.33,0.9216,-1,-1,-1
318,64,435.07,156.66,58.87,166.59,0.7451,-1,-1,-1
318,59,32.85,146.13,58.86,179.30,0.8350,-1,-1,-1
318,58,397.82,185.10,73.07,151.82,0.7632,-1,-1,-1
318,56,326.64,142.00,84.14,200.43,0.8617,-1,-1,-1
318,18,129.25,67.48,184.47,412.52,0.8461,-1,-1,-1
318,1,492.12,41.16,147.80,438.84,0.9193,-1,-1,-1
319,64,443.65,149.86,59.36,171.34,0.6663,-1,-1,-1
319,59,37.47,145.72,61.53,177.01,0.8264,-1,-1,-1
319,58,407.62,183.74,71.98,151.87,0.5630,-1,-1,-1
319,56,330.81,126.12,96.06,216.43,0.8664,-1,-1,-1
319,18,137.73,71.26,178.37,406.72,0.8767,-1,-1,-1
319,1,503.43,14.82,136.39,463.12,0.9129,-1,-1,-1
320,64,459.23,145.57,59.04,175.74,0.4724,-1,-1,-1
320,59,33.60,143.14,72.59,177.17,0.8176,-1,-1,-1
320,58,421.32,172.46,63.48,162.27,0.6893,-1,-1,-1
320,56,332.88,132.40,102.88,208.75,0.8862,-1,-1,-1
320,18,149.99,74.65,176.17,404.68,0.8649,-1,-1,-1
320,1,518.58,0.00,121.17,480.00,0.8849,-1,-1,-1
321,73,152.28,119.73,57.19,191.45,0.4287,-1,-1,-1
321,59,44.79,135.36,70.51,179.67,0.8634,-1,-1,-1
321,58,459.18,171.92,39.70,161.44,0.5407,-1,-1,-1
321,56,343.60,125.28,102.76,215.60,0.8861,-1,-1,-1
321,42,547.26,51.26,92.59,426.62,0.3472,-1,-1,-1
321,18,171.36,52.97,167.83,426.56,0.8705,-1,-1,-1
322,73,144.67,111.71,69.36,196.35,0.7456,-1,-1,-1
322,64,472.12,160.34,65.13,170.62,0.6783,-1,-1,-1
322,59,58.04,129.49,65.50,177.90,0.8230,-1,-1,-1
322,58,459.49,164.75,29.25,107.19,0.5175,-1,-1,-1
322,56,356.68,116.45,102.99,219.31,0.8589,-1,-1,-1
322,40,593.69,61.23,46.21,262.09,0.7486,-1,-1,-1
322,18,184.13,44.79,169.98,435.21,0.8802,-1,-1,-1
323,77,542.69,151.25,57.80,144.65,0.5033,-1,-1,-1
323,73,141.03,103.24,79.20,217.98,0.8354,-1,-1,-1
323,64,482.40,162.53,63.33,169.21,0.5738,-1,-1,-1
323,59,74.40,125.30,59.59,176.05,0.8201,-1,-1,-1
323,58,467.50,165.09,38.34,108.57,0.7134,-1,-1,-1
323,56,385.18,113.74,93.33,225.41,0.8610,-1,-1,-1
323,18,197.68,39.67,174.54,440.33,0.9009,-1,-1,-1
324,73,136.33,97.22,84.01,223.65,0.8335,-1,-1,-1
324,64,489.64,157.44,100.92,174.24,0.7856,-1,-1,-1
324,59,79.21,122.55,59.97,176.39,0.7953,-1,-1,-1
324,58,474.56,163.13,34.62,108.28,0.6752,-1,-1,-1
324,56,403.79,108.18,81.31,229.70,0.8247,-1,-1,-1
324,18,205.17,31.71,178.98,448.29,0.9034,-1,-1,-1
325,77,568.76,165.35,38.42,149.88,0.3110,-1,-1,-1
325,73,125.53,91.65,87.18,242.36,0.8379,-1,-1,-1
325,70,380.90,143.85,52.36,175.77,0.7262,-1,-1,-1
325,64,512.30,152.75,90.16,178.32,0.7677,-1,-1,-1
325,59,67.14,122.50,76.83,176.67,0.7949,-1,-1,-1
325,56,421.65,100.30,76.47,238.25,0.8088,-1,-1,-1
325,18,216.38,32.85,180.21,447.15,0.9065,-1,-1,-1
326,79,387.42,142.34,50.30,177.68,0.6700,-1,-1,-1
326,77,584.28,165.45,37.49,148.92,0.4584,-1,-1,-1
326,74,512.79,118.38,74.94,197.35,0.4443,-1,-1,-1
326,73,116.70,89.23,90.58,248.56,0.8178,-1,-1,-1
326,64,530.76,151.14,77.20,180.23,0.6978,-1,-1,-1
326,59,66.23,124.31,85.98,178.51,0.7125,-1,-1,-1
326,56,431.81,98.29,75.45,244.23,0.8657,-1,-1,-1
326,18,216.09,36.48,183.37,443.47,0.8993,-1,-1,-1
327,79,394.18,139.83,52.86,178.37,0.7288,-1,-1,-1
327,74,515.39,113.60,85.58,200.98,0.7678,-1,-1,-1
327,73,99.67,81.41,95.96,259.00,0.8708,-1,-1,-1
327,64,563.34,144.11,67.65,184.07,0.8157,-1,-1,-1
327,59,74.00,124.12,70.02,176.19,0.6385,-1,-1,-1
327,56,433.86,94.05,87.01,248.46,0.8880,-1,-1,-1
327,41,0.11,123.88,29.81,161.67,0.7700,-1,-1,-1
327,18,219.49,37.81,187.08,440.29,0.8833,-1,-1,-1
328,79,401.64,138.96,48.52,132.25,0.3029,-1,-1,-1
328,74,520.24,111.14,89.24,212.43,0.4247,-1,-1,-1
328,73,89.14,78.30,92.12,277.96,0.7854,-1,-1,-1
328,64,568.75,143.68,71.02,191.36,0.7823,-1,-1,-1
328,58,513.12,137.14,46.18,158.31,0.4090,-1,-1,-1
328,56,429.69,93.99,101.46,250.54,0.8788,-1,-1,-1
328,41,0.06,125.60,32.22,159.02,0.7584,-1,-1,-1
328,18,208.79,41.19,206.30,434.80,0.8397,-1,-1,-1
329,79,407.66,137.47,45.96,138.72,0.4212,-1,-1,-1
329,74,537.51,107.46,72.82,208.51,0.5161,-1,-1,-1
329,73,53.19,67.73,111.74,291.86,0.8752,-1,-1,-1
329,64,564.47,146.06,75.33,189.19,0.8079,-1,-1,-1
329,58,511.78,138.01,54.31,155.48,0.4949,-1,-1,-1
329,56,424.06,92.61,107.08,254.09,0.8939,-1,-1,-1
329,41,0.26,125.05,46.60,157.63,0.7695,-1,-1,-1
329,18,223.56,40.05,193.67,439.95,0.8234,-1,-1,-1
330,79,410.39,140.27,47.73,151.36,0.5150,-1,-1,-1
330,74,552.96,109.06,58.87,217.31,0.5735,-1,-1,-1
330,73,44.12,62.02,107.80,307.39,0.8381,-1,-1,-1
330,64,559.80,149.98,80.13,190.29,0.7779,-1,-1,-1
330,58,503.68,138.23,60.48,161.22,0.6632,-1,-1,-1
330,56,421.37,94.29,106.34,259.51,0.8872,-1,-1,-1
330,41,0.11,130.85,47.60,156.14,0.6367,-1,-1,-1
330,18,241.95,34.97,179.99,445.03,0.8506,-1,-1,-1
331,79,391.89,142.22,73.38,191.90,0.6651,-1,-1,-1
331,74,562.07,110.76,56.99,227.98,0.7402,-1,-1,-1
331,73,22.58,54.06,114.94,319.62,0.8640,-1,-1,-1
331,58,498.68,138.46,62.79,162.06,0.5728,-1,-1,-1
331,56,427.21,94.70,101.37,263.27,0.8694,-1,-1,-1
331,41,0.16,132.16,46.65,158.19,0.6221,-1,-1,-1
331,18,241.62,32.74,182.00,447.26,0.8659,-1,-1,-1
332,79,412.36,136.51,56.33,198.25,0.6836,-1,-1,-1
332,74,560.64,106.98,72.73,218.52,0.7999,-1,-1,-1
332,73,3.98,41.35,110.11,339.24,0.8850,-1,-1,-1
332,56,446.58,88.81,95.43,264.90,0.8648,-1,-1,-1
332,18,240.47,27.44,184.93,452.43,0.9126,-1,-1,-1
333,79,423.08,131.78,52.95,206.37,0.7999,-1,-1,-1
333,74,559.43,108.96,80.42,226.26,0.8701,-1,-1,-1
333,73,0.00,34.12,99.56,351.77,0.9165,-1,-1,-1
333,56,456.12,88.04,85.76,265.15,0.8395,-1,-1,-1
333,18,243.45,25.37,181.98,454.63,0.8930,-1,-1,-1
334,79,418.60,130.09,60.90,211.64,0.8471,-1,-1,-1
334,74,552.53,108.81,87.34,222.04,0.9007,-1,-1,-1
334,73,0.21,23.90,67.15,367.76,0.8868,-1,-1,-1
334,56,462.36,83.31,92.62,271.35,0.8787,-1,-1,-1
334,18,240.43,29.79,180.91,450.21,0.8955,-1,-1,-1
335,82,28.34,121.22,71.05,181.38,0.7376,-1,-1,-1
335,79,416.19,132.56,57.51,213.14,0.6964,-1,-1,-1
335,74,548.92,110.90,90.94,220.62,0.8955,-1,-1,-1
335,73,0.13,45.56,49.10,355.05,0.8329,-1,-1,-1
335,56,463.76,84.73,90.52,271.62,0.8358,-1,-1,-1
335,18,240.26,29.47,179.69,447.76,0.9059,-1,-1,-1
336,82,26.69,115.76,61.70,178.23,0.7520,-1,-1,-1
336,79,410.43,128.51,81.03,219.24,0.6555,-1,-1,-1
336,74,552.84,104.39,86.99,225.66,0.8826,-1,-1,-1
336,56,464.28,77.90,100.58,273.62,0.8487,-1,-1,-1
336,41,0.00,121.09,39.75,174.05,0.3886,-1,-1,-1
336,18,240.64,22.77,178.08,454.22,0.9050,-1,-1,-1
337,82,28.86,110.84,56.24,174.94,0.8423,-1,-1,-1
337,79,410.45,120.06,94.09,229.29,0.7623,-1,-1,-1
337,74,572.27,97.30,67.60,223.48,0.8723,-1,-1,-1
337,56,464.85,71.64,114.65,273.99,0.8441,-1,-1,-1
337,18,240.37,13.03,182.13,466.97,0.9130,-1,-1,-1
338,82,25.14,113.49,62.86,179.41,0.8275,-1,-1,-1
338,79,425.57,116.55,70.64,226.37,0.7688,-1,-1,-1
338,74,594.77,97.03,45.17,223.15,0.8011,-1,-1,-1
338,56,469.02,69.29,114.36,284.70,0.8407,-1,-1,-1
338,41,0.12,165.07,35.80,125.40,0.6238,-1,-1,-1
338,18,240.78,19.96,186.34,459.32,0.9027,-1,-1,-1
339,82,23.68,113.33,63.52,181.45,0.8277,-1,-1,-1
339,79,432.33,115.68,71.47,221.53,0.7678,-1,-1,-1
339,74,595.36,94.31,44.63,229.67,0.8487,-1,-1,-1
339,56,465.61,68.85,118.22,289.07,0.8681,-1,-1,-1
339,41,0.00,154.81,26.69,136.55,0.4021,-1,-1,-1
339,18,240.60,17.04,186.84,462.96,0.9062,-1,-1,-1
340,89,188.18,198.21,15.94,40.73,0.4480,-1,-1,-1
340,82,13.74,113.29,94.96,182.47,0.8414,-1,-1,-1
340,79,460.26,116.86,53.93,213.63,0.7128,-1,-1,-1
340,74,603.27,94.69,36.45,229.84,0.8175,-1,-1,-1
340,56,467.53,67.86,130.29,289.54,0.8770,-1,-1,-1
340,41,0.11,114.95,22.86,174.60,0.5376,-1,-1,-1
340,18,241.99,12.43,191.90,467.57,0.8864,-1,-1,-1
341,90,433.89,108.18,53.54,210.46,0.7800,-1,-1,-1
341,82,2.51,117.30,112.55,181.93,0.8640,-1,-1,-1
341,79,475.79,120.48,53.72,224.52,0.7193,-1,-1,-1
341,74,610.20,120.28,29.66,208.52,0.6627,-1,-1,-1
341,56,496.18,65.83,118.43,294.94,0.8618,-1,-1,-1
341,41,0.04,115.48,27.70,173.79,0.6962,-1,-1,-1
341,18,250.41,14.93,185.55,465.07,0.8717,-1,-1,-1
342,93,228.56,170.29,35.65,86.66,0.6954,-1,-1,-1
342,90,432.65,104.27,65.64,218.32,0.7183,-1,-1,-1
342,82,0.02,117.05,113.44,181.60,0.8865,-1,-1,-1
342,79,486.51,112.91,60.79,236.66,0.8004,-1,-1,-1
342,74,612.77,105.51,27.00,224.52,0.4788,-1,-1,-1
342,56,516.75,60.16,114.37,299.87,0.8155,-1,-1,-1
342,41,0.00,113.60,36.69,177.53,0.7068,-1,-1,-1
342,18,252.11,14.15,194.42,465.85,0.8405,-1,-1,-1
343,93,222.93,173.51,38.27,88.89,0.7600,-1,-1,-1
343,90,453.29,104.03,57.58,219.86,0.7996,-1,-1,-1
343,82,24.90,119.88,87.63,173.88,0.8432,-1,-1,-1
343,79,497.03,117.44,72.15,239.90,0.7783,-1,-1,-1
343,56,546.28,59.84,93.32,308.36,0.8511,-1,-1,-1
343,41,0.28,119.68,51.56,182.10,0.7695,-1,-1,-1
343,18,248.71,17.00,215.78,463.00,0.8244,-1,-1,-1
344,93,219.72,172.89,37.09,90.52,0.7700,-1,-1,-1
344,90,459.95,103.71,57.08,228.98,0.7392,-1,-1,-1
344,89,187.06,202.17,15.31,41.34,0.3150,-1,-1,-1
344,82,36.28,119.93,73.58,177.73,0.8141,-1,-1,-1
344,79,500.15,120.86,80.83,238.68,0.8535,-1,-1,-1
344,56,557.57,58.74,82.26,316.32,0.8875,-1,-1,-1
344,41,0.19,121.82,56.06,177.74,0.7611,-1,-1,-1
344,18,258.15,14.92,214.22,465.08,0.8382,-1,-1,-1
345,93,207.86,169.72,45.54,94.43,0.7458,-1,-1,-1
345,90,466.38,97.93,49.69,235.03,0.4728,-1,-1,-1
345,89,186.96,200.05,16.20,41.51,0.3217,-1,-1,-1
345,82,61.00,115.71,51.51,180.47,0.8049,-1,-1,-1
345,79,514.46,117.48,80.28,241.93,0.8286,-1,-1,-1
345,56,575.21,55.71,64.70,321.22,0.8783,-1,-1,-1
345,41,0.06,122.96,68.67,171.58,0.8403,-1,-1,-1
345,18,273.68,4.85,215.74,473.28,0.8089,-1,-1,-1
346,93,208.42,176.16,47.87,95.62,0.7931,-1,-1,-1
346,90,461.92,103.77,55.95,245.56,0.4933,-1,-1,-1
346,82,73.52,125.25,50.05,179.61,0.7772,-1,-1,-1
346,79,543.32,116.04,83.97,255.73,0.7941,-1,-1,-1
346,56,595.87,58.93,43.87,329.51,0.7632,-1,-1,-1
346,41,0.53,132.59,77.16,170.37,0.8446,-1,-1,-1
346,18,298.72,5.19,196.91,474.81,0.7970,-1,-1,-1
347,93,214.23,176.24,44.44,96.58,0.7570,-1,-1,-1
347,90,489.93,96.12,57.34,247.14,0.4440,-1,-1,-1
347,82,84.68,128.93,62.91,177.41,0.8375,-1,-1,-1
347,79,570.73,113.18,69.15,264.51,0.8129,-1,-1,-1
347,41,9.10,130.76,76.81,174.85,0.8244,-1,-1,-1
347,18,304.64,1.49,206.74,478.51,0.8327,-1,-1,-1
348,93,214.66,170.74,40.72,99.90,0.6572,-1,-1,-1
348,90,491.45,86.13,83.94,263.76,0.3046,-1,-1,-1
348,82,84.65,128.66,77.67,173.51,0.8690,-1,-1,-1
348,79,583.41,107.20,56.49,258.60,0.8472,-1,-1,-1
348,41,26.83,126.24,63.09,174.17,0.7700,-1,-1,-1
348,18,313.38,1.38,204.44,478.62,0.7765,-1,-1,-1
349,93,207.67,170.77,43.66,102.10,0.5483,-1,-1,-1
349,90,500.42,82.93,63.71,279.28,0.5496,-1,-1,-1
349,82,85.73,133.19,85.00,169.20,0.8358,-1,-1,-1
349,79,597.48,112.95,42.50,258.51,0.7197,-1,-1,-1
349,59,50.59,128.55,54.92,174.69,0.7852,-1,-1,-1
349,41,25.73,158.58,34.63,118.52,0.5409,-1,-1,-1
349,18,317.64,1.74,208.76,476.51,0.8066,-1,-1,-1
350,93,203.63,170.21,43.46,104.10,0.6749,-1,-1,-1
350,90,508.32,78.63,57.72,300.35,0.7984,-1,-1,-1
350,82,85.84,131.01,84.87,174.32,0.8513,-1,-1,-1
350,79,607.75,134.50,32.25,239.26,0.6292,-1,-1,-1
350,59,52.88,130.38,54.75,170.78,0.7859,-1,-1,-1
350,41,25.84,158.51,36.06,117.57,0.5306,-1,-1,-1
350,18,319.12,1.16,207.67,478.84,0.8554,-1,-1,-1
351,93,198.48,167.83,45.17,103.32,0.6918,-1,-1,-1
351,90,512.74,62.73,66.65,329.62,0.7699,-1,-1,-1
351,82,119.09,127.04,52.52,170.42,0.8048,-1,-1,-1
351,77,565.55,154.64,54.96,103.38,0.4166,-1,-1,-1
351,59,51.40,128.60,84.41,170.01,0.8459,-1,-1,-1
351,41,23.25,154.09,42.78,120.12,0.5898,-1,-1,-1
351,18,321.03,1.20,211.65,478.80,0.8399,-1,-1,-1
352,93,194.38,165.21,46.25,107.86,0.7720,-1,-1,-1
352,90,510.34,59.11,90.80,346.37,0.5616,-1,-1,-1
352,82,133.23,125.20,50.86,170.40,0.8237,-1,-1,-1
352,73,0.00,108.13,47.14,244.08,0.4304,-1,-1,-1
352,59,52.47,130.05,99.46,165.57,0.8872,-1,-1,-1
352,41,25.57,151.36,47.48,120.80,0.3488,-1,-1,-1
352,18,324.43,1.31,196.57,476.82,0.8306,-1,-1,-1
353,93,196.51,160.32,42.94,109.47,0.5701,-1,-1,-1
353,90,515.19,49.06,105.51,370.67,0.8687,-1,-1,-1
353,82,144.09,120.96,54.42,171.86,0.8179,-1,-1,-1
353,73,0.15,87.72,34.59,257.85,0.7840,-1,-1,-1
353,59,57.81,130.89,92.98,161.97,0.8760,-1,-1,-1
353,41,27.54,144.23,42.88,124.69,0.3279,-1,-1,-1
353,18,328.86,1.02,204.25,478.89,0.8404,-1,-1,-1
354,95,530.42,56.96,40.05,71.18,0.5131,-1,-1,-1
354,93,197.36,164.76,37.73,105.97,0.6843,-1,-1,-1
354,90,524.69,43.50,114.13,384.88,0.9040,-1,-1,-1
354,82,151.59,126.41,62.84,171.95,0.8323,-1,-1,-1
354,73,0.27,88.41,43.59,263.77,0.7610,-1,-1,-1
354,59,66.10,133.77,87.31,163.33,0.8426,-1,-1,-1
354,18,329.53,1.34,211.70,477.96,0.8394,-1,-1,-1
355,95,537.31,47.56,47.62,110.80,0.5612,-1,-1,-1
355,90,548.76,32.84,91.08,406.52,0.8924,-1,-1,-1
355,82,151.91,134.83,87.99,166.49,0.8619,-1,-1,-1
355,73,0.11,70.75,70.90,298.99,0.8493,-1,-1,-1
355,59,96.59,133.74,73.97,163.26,0.8369,-1,-1,-1
355,18,327.44,0.73,224.78,476.29,0.7053,-1,-1,-1
356,90,558.51,13.86,81.34,421.92,0.8951,-1,-1,-1
356,82,148.51,130.41,90.11,166.06,0.8628,-1,-1,-1
356,73,0.05,42.91,78.08,317.67,0.8704,-1,-1,-1
356,59,112.98,127.37,59.34,163.92,0.7901,-1,-1,-1
356,18,326.96,0.58,235.50,471.04,0.6621,-1,-1,-1
357,90,575.69,11.46,64.21,468.54,0.7956,-1,-1,-1
357,82,157.48,125.95,77.87,167.36,0.8382,-1,-1,-1
357,73,0.00,39.35,104.46,309.42,0.9115,-1,-1,-1
357,59,125.50,125.96,55.27,161.17,0.7952,-1,-1,-1
357,18,325.43,0.61,234.96,479.39,0.7513,-1,-1,-1
358,96,534.88,20.38,79.63,375.33,0.8245,-1,-1,-1
358,90,585.30,64.41,54.44,382.01,0.7906,-1,-1,-1
358,82,172.24,130.29,61.05,164.96,0.7143,-1,-1,-1
358,73,0.13,45.24,107.43,307.45,0.9061,-1,-1,-1
358,59,126.06,132.28,60.07,162.20,0.8413,-1,-1,-1
358,18,327.82,0.85,237.44,479.15,0.7974,-1,-1,-1
359,96,532.37,41.60,82.48,388.27,0.8599,-1,-1,-1
359,93,186.98,153.89,46.31,164.29,0.7841,-1,-1,-1
359,90,594.67,87.61,45.10,370.66,0.7896,-1,-1,-1
359,73,0.02,79.06,98.79,303.98,0.9116,-1,-1,-1
359,59,117.52,160.03,75.98,157.75,0.8437,-1,-1,-1
359,18,329.07,16.80,232.46,459.59,0.8329,-1,-1,-1
360,96,535.65,42.05,98.89,405.98,0.8535,-1,-1,-1
360,93,193.39,161.06,42.19,165.30,0.8012,-1,-1,-1
360,74,614.05,106.73,25.72,211.51,0.3694,-1,-1,-1
360,73,0.02,85.26,94.18,306.83,0.9074,-1,-1,-1
360,59,117.49,162.30,75.93,164.28,0.8402,-1,-1,-1
360,18,332.06,28.34,230.25,449.03,0.8130,-1,-1,-1
361,96,526.97,21.26,112.84,422.42,0.8875,-1,-1,-1
361,93,188.83,157.58,47.86,164.83,0.8304,-1,-1,-1
361,73,0.07,75.06,87.04,315.02,0.9181,-1,-1,-1
361,59,116.59,161.06,69.60,160.78,0.8032,-1,-1,-1
361,18,334.56,19.01,224.91,456.74,0.8070,-1,-1,-1
362,96,526.36,0.00,113.54,443.79,0.8870,-1,-1,-1
362,93,181.19,154.30,55.29,162.60,0.8650,-1,-1,-1
362,73,0.26,65.90,89.84,321.38,0.8995,-1,-1,-1
362,59,135.18,154.07,48.26,155.47,0.7189,-1,-1,-1
362,18,335.24,11.81,222.38,465.98,0.8218,-1,-1,-1
363,97,97.10,174.20,48.32,135.17,0.7432,-1,-1,-1
363,96,534.05,0.00,105.79,453.51,0.8736,-1,-1,-1
363,93,178.95,157.20,62.09,162.64,0.8109,-1,-1,-1
363,73,0.08,67.45,97.93,325.61,0.8985,-1,-1,-1
363,59,139.44,154.66,47.24,156.06,0.7853,-1,-1,-1
363,18,340.85,12.67,220.08,463.61,0.8705,-1,-1,-1
364,97,93.55,180.01,46.52,138.20,0.7115,-1,-1,-1
364,96,546.82,2.14,93.01,477.86,0.8255,-1,-1,-1
364,93,183.08,164.10,58.92,164.00,0.8290,-1,-1,-1
364,73,0.00,76.46,104.29,327.32,0.8800,-1,-1,-1
364,59,146.61,163.07,46.91,157.45,0.8067,-1,-1,-1
364,18,353.45,18.30,206.39,458.50,0.8307,-1,-1,-1
365,97,81.34,178.21,50.53,145.63,0.3857,-1,-1,-1
365,96,548.54,37.57,91.29,441.38,0.8247,-1,-1,-1
365,93,192.79,168.80,48.71,160.52,0.8369,-1,-1,-1
365,73,0.04,84.84,103.33,323.12,0.8847,-1,-1,-1
365,59,142.63,168.74,53.42,157.40,0.8374,-1,-1,-1
365,18,352.31,21.51,202.69,458.49,0.8641,-1,-1,-1
366,96,570.69,29.78,69.17,445.99,0.8543,-1,-1,-1
366,93,193.29,155.02,48.49,160.10,0.8533,-1,-1,-1
366,73,0.06,72.49,101.97,321.11,0.8833,-1,-1,-1
366,59,129.62,160.60,83.88,153.69,0.8549,-1,-1,-1
366,18,350.66,17.59,199.78,462.41,0.8087,-1,-1,-1
367,96,595.56,37.36,44.23,441.56,0.4222,-1,-1,-1
367,93,201.46,147.60,49.65,158.97,0.8119,-1,-1,-1
367,74,602.12,33.89,37.81,260.90,0.6351,-1,-1,-1
367,73,0.00,63.42,113.49,320.69,0.6885,-1,-1,-1
367,59,132.36,152.08,76.16,151.65,0.8685,-1,-1,-1
367,18,357.74,12.71,202.29,467.29,0.7834,-1,-1,-1
368,93,212.97,147.33,55.13,161.34,0.8368,-1,-1,-1
368,73,0.00,65.92,122.26,323.01,0.9084,-1,-1,-1
368,59,142.63,154.97,72.45,151.24,0.8736,-1,-1,-1
368,18,369.54,14.19,206.87,461.52,0.7974,-1,-1,-1
369,93,222.55,156.30,66.75,159.79,0.8791,-1,-1,-1
369,73,0.00,77.20,135.28,309.84,0.9081,-1,-1,-1
369,59,161.14,160.00,67.51,153.06,0.8360,-1,-1,-1
369,18,382.87,14.89,208.29,465.11,0.7993,-1,-1,-1
370,93,220.00,162.02,67.89,157.15,0.8730,-1,-1,-1
370,73,0.00,77.56,135.33,305.31,0.9045,-1,-1,-1
370,59,175.74,161.69,57.26,149.53,0.8046,-1,-1,-1
370,18,414.01,11.01,182.84,468.99,0.7041,-1,-1,-1
371,93,221.50,159.95,65.87,157.41,0.8602,-1,-1,-1
371,89,176.51,219.04,18.61,50.53,0.5303,-1,-1,-1
371,73,0.00,74.74,135.04,308.11,0.8934,-1,-1,-1
371,59,188.15,156.80,49.87,153.41,0.8102,-1,-1,-1
371,18,377.39,6.83,232.85,472.50,0.7236,-1,-1,-1
372,99,0.05,161.10,41.76,213.69,0.4379,-1,-1,-1
372,93,231.00,159.13,61.58,155.24,0.8309,-1,-1,-1
372,73,7.99,73.55,132.04,307.66,0.8884,-1,-1,-1
372,59,195.08,158.61,50.71,151.39,0.8386,-1,-1,-1
372,18,391.78,0.51,239.22,474.28,0.7741,-1,-1,-1
373,99,0.18,110.67,38.16,269.05,0.5750,-1,-1,-1
373,93,249.92,156.94,55.46,157.79,0.8103,-1,-1,-1
373,89,182.73,220.00,19.89,47.82,0.4383,-1,-1,-1
373,73,21.45,79.75,131.18,307.83,0.8768,-1,-1,-1
373,59,206.04,159.20,54.95,150.64,0.7865,-1,-1,-1
373,18,389.67,0.45,249.72,477.75,0.7730,-1,-1,-1
374,99,0.11,105.81,48.04,275.64,0.8112,-1,-1,-1
374,93,267.28,158.36,45.24,157.50,0.8148,-1,-1,-1
374,89,186.96,220.82,20.30,49.39,0.6454,-1,-1,-1
374,73,26.98,85.16,133.17,310.80,0.9135,-1,-1,-1
374,59,212.24,165.23,60.26,146.88,0.8291,-1,-1,-1
374,18,395.97,0.60,243.80,479.40,0.8052,-1,-1,-1
375,99,0.06,102.34,51.09,280.99,0.8408,-1,-1,-1
375,93,273.44,157.57,44.92,157.50,0.8191,-1,-1,-1
375,89,187.85,221.11,17.77,47.63,0.4491,-1,-1,-1
375,73,29.94,79.59,127.68,319.37,0.9087,-1,-1,-1
375,59,214.54,164.42,60.32,146.96,0.8252,-1,-1,-1
375,18,416.70,0.36,222.98,479.64,0.8332,-1,-1,-1
376,99,0.18,99.96,60.41,281.18,0.8471,-1,-1,-1
376,93,277.80,159.62,45.33,154.13,0.8112,-1,-1,-1
376,89,187.44,218.70,18.73,48.53,0.4899,-1,-1,-1
376,73,34.63,79.85,130.07,312.52,0.8994,-1,-1,-1
376,59,221.69,162.29,55.13,149.58,0.8276,-1,-1,-1
376,18,427.33,0.77,212.45,479.23,0.8703,-1,-1,-1
377,101,445.80,192.57,40.79,89.79,0.6947,-1,-1,-1
377,99,0.23,96.91,65.46,289.52,0.8691,-1,-1,-1
377,93,279.28,161.02,47.77,153.90,0.8218,-1,-1,-1
377,89,185.87,217.27,20.25,49.74,0.5299,-1,-1,-1
377,73,35.59,73.13,137.01,314.86,0.9036,-1,-1,-1
377,59,229.64,159.50,48.23,145.61,0.8410,-1,-1,-1
377,18,454.33,18.40,185.15,460.61,0.8271,-1,-1,-1
378,101,447.99,193.08,39.71,91.50,0.7469,-1,-1,-1
378,99,0.20,96.39,66.77,290.72,0.8417,-1,-1,-1
378,93,281.63,159.68,48.50,156.00,0.7887,-1,-1,-1
378,89,186.78,216.88,18.89,48.87,0.4005,-1,-1,-1
378,73,44.09,72.54,131.07,305.47,0.9042,-1,-1,-1
378,59,234.20,159.13,45.17,147.71,0.8087,-1,-1,-1
378,18,480.29,26.55,159.27,451.29,0.7825,-1,-1,-1
379,101,446.73,191.31,41.60,88.44,0.7356,-1,-1,-1
379,99,0.20,95.65,55.32,276.48,0.8316,-1,-1,-1
379,93,288.04,155.47,47.38,154.70,0.8250,-1,-1,-1
379,73,44.42,70.33,129.18,311.49,0.9090,-1,-1,-1
379,59,237.79,158.38,44.24,147.87,0.7583,-1,-1,-1
379,18,505.17,40.96,134.70,439.04,0.8232,-1,-1,-1
380,101,444.67,193.07,40.98,91.70,0.7601,-1,-1,-1
380,99,0.22,100.62,55.34,278.97,0.8308,-1,-1,-1
380,93,292.35,158.95,45.22,153.48,0.8533,-1,-1,-1
380,73,41.14,72.08,129.35,318.45,0.9091,-1,-1,-1
380,59,238.19,161.83,53.84,147.97,0.7777,-1,-1,-1
380,18,532.33,54.76,107.67,423.96,0.7980,-1,-1,-1
381,102,508.96,164.67,65.80,168.44,0.7991,-1,-1,-1
381,101,443.00,195.91,42.10,91.71,0.6528,-1,-1,-1
381,99,0.09,111.79,49.33,271.46,0.8099,-1,-1,-1
381,93,293.38,161.66,46.16,155.30,0.8390,-1,-1,-1
381,73,37.74,75.62,126.61,324.69,0.9009,-1,-1,-1
381,59,234.68,169.50,59.59,144.81,0.8034,-1,-1,-1
381,18,552.42,79.32,87.09,399.32,0.8513,-1,-1,-1
382,102,508.70,164.01,77.34,172.77,0.8207,-1,-1,-1
382,101,448.07,195.14,37.89,90.27,0.5554,-1,-1,-1
382,99,0.08,125.03,40.15,208.73,0.7746,-1,-1,-1
382,93,292.17,159.31,52.47,157.39,0.8303,-1,-1,-1
382,73,33.39,75.59,123.22,331.58,0.8928,-1,-1,-1
382,59,231.38,170.03,58.74,144.12,0.7873,-1,-1,-1
382,18,574.58,119.31,65.26,358.34,0.8172,-1,-1,-1
383,104,441.08,203.88,20.92,79.94,0.3228,-1,-1,-1
383,102,503.51,163.27,89.16,179.93,0.8431,-1,-1,-1
383,101,442.74,200.83,36.30,86.16,0.5163,-1,-1,-1
383,99,0.00,137.47,37.86,198.76,0.7272,-1,-1,-1
383,93,289.68,161.34,58.64,160.10,0.8610,-1,-1,-1
383,90,592.47,232.81,47.40,245.86,0.6739,-1,-1,-1
383,73,21.75,75.73,125.30,338.00,0.9024,-1,-1,-1
383,59,228.10,171.94,58.94,145.13,0.8324,-1,-1,-1
384,102,509.43,152.58,82.58,186.76,0.8693,-1,-1,-1
384,101,433.26,196.22,43.47,88.24,0.5964,-1,-1,-1
384,99,0.15,177.87,24.85,143.46,0.5625,-1,-1,-1
384,93,283.80,161.57,56.10,157.93,0.8820,-1,-1,-1
384,73,5.07,72.96,126.85,335.19,0.8992,-1,-1,-1
384,59,230.19,166.09,58.39,145.12,0.8166,-1,-1,-1
385,102,512.41,148.15,78.74,193.15,0.8484,-1,-1,-1
385,101,432.33,194.36,42.52,86.57,0.7244,-1,-1,-1
385,93,283.13,160.22,55.43,157.84,0.8697,-1,-1,-1
385,73,0.00,66.63,126.63,333.59,0.9165,-1,-1,-1
385,59,235.92,162.35,51.35,146.42,0.8232,-1,-1,-1
386,102,524.56,143.40,57.27,206.67,0.8516,-1,-1,-1
386,101,428.24,191.24,43.36,86.96,0.6967,-1,-1,-1
386,93,284.82,156.87,53.53,158.13,0.8677,-1,-1,-1
386,73,0.00,62.33,121.10,337.90,0.9177,-1,-1,-1
386,59,238.72,159.25,50.23,150.10,0.8105,-1,-1,-1
387,102,523.23,137.15,68.75,221.64,0.8725,-1,-1,-1
387,101,421.55,190.82,41.74,87.18,0.6859,-1,-1,-1
387,93,288.36,153.03,46.92,159.27,0.8399,-1,-1,-1
387,73,0.05,57.60,118.04,350.29,0.9154,-1,-1,-1
387,59,234.91,159.57,54.24,149.05,0.8194,-1,-1,-1
388,105,381.88,219.98,13.34,31.36,0.3614,-1,-1,-1
388,102,521.69,135.96,70.09,230.48,0.8617,-1,-1,-1
388,101,417.87,190.62,39.90,89.92,0.5970,-1,-1,-1
388,93,288.62,155.12,44.26,160.31,0.8041,-1,-1,-1
388,73,0.10,57.06,111.38,358.49,0.9081,-1,-1,-1
388,59,234.44,163.99,51.72,146.91,0.8593,-1,-1,-1
389,104,427.26,197.25,24.33,87.48,0.4455,-1,-1,-1
389,102,522.94,136.56,73.16,243.97,0.8784,-1,-1,-1
389,101,412.49,198.74,23.55,84.20,0.3859,-1,-1,-1
389,93,284.43,163.29,45.43,159.63,0.7681,-1,-1,-1
389,73,0.05,59.38,106.01,358.01,0.9008,-1,-1,-1
389,59,228.27,171.57,52.67,144.22,0.8679,-1,-1,-1
390,102,519.11,125.69,75.92,253.54,0.8743,-1,-1,-1
390,101,404.04,194.75,38.94,85.43,0.6970,-1,-1,-1
390,93,275.99,163.16,51.90,154.37,0.8281,-1,-1,-1
390,73,0.03,58.70,95.35,341.34,0.8813,-1,-1,-1
390,59,222.17,167.32,54.17,149.37,0.8404,-1,-1,-1
391,102,505.41,114.43,99.26,266.75,0.8817,-1,-1,-1
391,101,395.81,192.09,35.78,84.14,0.6723,-1,-1,-1
391,93,268.13,162.77,48.65,153.87,0.7902,-1,-1,-1
391,73,0.28,93.87,78.37,311.19,0.8843,-1,-1,-1
391,59,215.70,164.02,49.50,143.44,0.8555,-1,-1,-1
392,102,498.65,107.68,120.95,275.58,0.8902,-1,-1,-1
392,101,388.61,192.30,36.77,78.51,0.7530,-1,-1,-1
392,93,264.00,157.10,50.52,158.24,0.7478,-1,-1,-1
392,73,0.04,96.54,65.13,312.31,0.8573,-1,-1,-1
392,59,213.61,160.94,47.26,145.73,0.8308,-1,-1,-1
393,102,489.64,106.93,150.19,302.35,0.9025,-1,-1,-1
393,101,382.69,196.57,37.17,82.65,0.7258,-1,-1,-1
393,93,259.11,163.45,52.80,153.15,0.8070,-1,-1,-1
393,73,0.28,103.10,51.89,310.51,0.7829,-1,-1,-1
393,59,209.88,164.20,46.16,149.90,0.8187,-1,-1,-1
394,112,342.49,221.02,12.51,33.42,0.3720,-1,-1,-1
394,102,492.46,103.29,147.53,313.35,0.9112,-1,-1,-1
394,101,383.18,195.83,37.62,83.38,0.7380,-1,-1,-1
394,93,260.82,161.71,51.09,154.47,0.7963,-1,-1,-1
394,73,0.24,104.08,65.95,313.18,0.6980,-1,-1,-1
394,59,211.84,165.14,46.08,150.28,0.8238,-1,-1,-1
395,111,82.99,221.84,19.16,61.06,0.4354,-1,-1,-1
395,102,486.89,93.59,152.98,336.39,0.9142,-1,-1,-1
395,101,377.97,193.08,37.05,84.06,0.7643,-1,-1,-1
395,99,0.23,103.75,36.01,225.71,0.6572,-1,-1,-1
395,93,255.19,158.85,51.19,154.98,0.8397,-1,-1,-1
395,59,207.57,161.81,52.39,149.88,0.8531,-1,-1,-1
396,102,487.84,87.27,152.04,362.07,0.9193,-1,-1,-1
396,101,373.39,197.21,35.50,82.45,0.7305,-1,-1,-1
396,99,0.02,110.11,25.49,223.36,0.6885,-1,-1,-1
396,93,253.72,161.06,47.98,155.67,0.8373,-1,-1,-1
396,59,202.96,166.53,56.99,149.64,0.8394,-1,-1,-1
397,102,493.17,76.40,146.66,387.57,0.9147,-1,-1,-1
397,101,370.81,200.27,31.61,80.42,0.4878,-1,-1,-1
397,93,254.12,165.34,47.68,154.96,0.8374,-1,-1,-1
397,59,198.83,169.65,54.45,147.28,0.8517,-1,-1,-1
398,114,305.90,224.21,13.15,32.35,0.3173,-1,-1,-1
398,102,511.97,60.80,127.88,411.42,0.8971,-1,-1,-1
398,101,369.61,202.22,32.69,80.24,0.5845,-1,-1,-1
398,93,254.03,169.18,46.72,154.39,0.8324,-1,-1,-1
398,59,199.18,173.07,51.70,146.76,0.8325,-1,-1,-1
399,115,321.95,220.50,14.76,34.95,0.3617,-1,-1,-1
399,102,522.69,38.96,117.31,440.37,0.8849,-1,-1,-1
399,101,368.36,196.31,35.75,83.84,0.5741,-1,-1,-1
399,93,252.72,166.12,49.41,155.31,0.8188,-1,-1,-1
399,59,200.18,169.70,51.53,147.26,0.8104,-1,-1,-1
400,115,316.50,218.08,13.52,35.50,0.3481,-1,-1,-1
400,102,539.96,24.00,99.87,456.00,0.8501,-1,-1,-1
400,101,364.30,195.12,32.71,84.13,0.7027,-1,-1,-1
400,93,250.63,164.60,48.90,152.31,0.8583,-1,-1,-1
400,59,205.64,164.43,44.50,147.64,0.8163,-1,-1,-1
401,102,564.13,26.79,75.64,453.21,0.8553,-1,-1,-1
401,101,359.53,198.69,32.56,81.14,0.4778,-1,-1,-1
401,93,248.77,164.27,48.64,150.16,0.8306,-1,-1,-1
401,59,199.78,163.69,51.64,147.32,0.8370,-1,-1,-1
402,102,584.47,80.54,55.39,399.46,0.8285,-1,-1,-1
402,93,246.05,160.64,45.48,149.41,0.8264,-1,-1,-1
402,59,196.69,160.94,50.19,148.46,0.8398,-1,-1,-1
403,102,599.08,102.97,40.74,375.28,0.4068,-1,-1,-1
403,101,352.08,193.71,34.46,84.83,0.4303,-1,-1,-1
403,93,244.19,167.29,50.47,148.66,0.8472,-1,-1,-1
403,59,197.20,165.79,49.85,147.80,0.8565,-1,-1,-1
404,101,350.60,193.96,34.73,81.94,0.5319,-1,-1,-1
404,93,243.73,166.89,51.89,149.48,0.8151,-1,-1,-1
404,59,197.59,168.02,48.52,145.19,0.8520,-1,-1,-1
405,114,300.60,216.18,14.14,34.08,0.3750,-1,-1,-1
405,101,348.42,193.38,31.95,79.39,0.5731,-1,-1,-1
405,93,243.86,165.11,51.87,148.29,0.8253,-1,-1,-1
405,59,195.00,167.74,51.76,143.04,0.8552,-1,-1,-1
406,101,347.40,191.81,32.87,82.16,0.6701,-1,-1,-1
406,93,244.00,164.81,48.99,144.63,0.8270,-1,-1,-1
406,59,194.55,166.09,52.46,139.98,0.8374,-1,-1,-1
407,101,347.23,192.27,31.51,78.93,0.6990,-1,-1,-1
407,93,248.90,160.45,46.70,144.05,0.8036,-1,-1,-1
407,59,195.50,159.77,50.64,143.21,0.8291,-1,-1,-1
408,101,345.71,191.18,32.55,78.31,0.7891,-1,-1,-1
408,93,249.95,158.76,45.87,144.55,0.8270,-1,-1,-1
408,59,197.72,155.21,46.08,147.44,0.8225,-1,-1,-1
409,101,345.34,187.84,33.24,79.83,0.7918,-1,-1,-1
409,93,248.86,157.76,46.09,143.89,0.8138,-1,-1,-1
409,59,196.13,156.41,45.63,144.77,0.8381,-1,-1,-1
410,101,339.50,184.54,34.81,80.68,0.5616,-1,-1,-1
410,93,246.77,157.60,47.19,145.70,0.8263,-1,-1,-1
410,59,191.53,159.15,48.82,142.31,0.8357,-1,-1,-1
411,101,334.95,189.49,34.18,74.95,0.3810,-1,-1,-1
411,93,242.63,158.44,45.19,145.59,0.8173,-1,-1,-1
411,59,183.55,159.32,52.22,139.59,0.8485,-1,-1,-1
412,101,328.23,188.96,33.00,77.46,0.6980,-1,-1,-1
412,93,238.39,162.22,45.55,142.19,0.8009,-1,-1,-1
412,59,183.92,162.86,43.82,140.26,0.8241,-1,-1,-1
413,101,325.40,187.38,34.18,76.78,0.5354,-1,-1,-1
413,93,235.85,159.64,47.87,142.60,0.7735,-1,-1,-1
413,59,182.95,162.13,44.35,139.80,0.8218,-1,-1,-1
414,101,317.88,188.55,36.70,76.85,0.6139,-1,-1,-1
414,93,233.65,162.78,46.32,139.57,0.7853,-1,-1,-1
414,90,566.13,193.00,73.73,237.94,0.6409,-1,-1,-1
414,59,178.82,161.09,48.32,140.08,0.8274,-1,-1,-1
415,101,312.21,191.80,32.98,74.01,0.4625,-1,-1,-1
415,93,227.79,159.95,45.55,140.66,0.8078,-1,-1,-1
415,90,546.50,133.04,93.50,283.48,0.8506,-1,-1,-1
415,59,173.16,160.00,48.46,140.27,0.8281,-1,-1,-1
416,101,304.46,195.29,27.94,72.49,0.3423,-1,-1,-1
416,93,221.61,164.98,46.07,139.24,0.7812,-1,-1,-1
416,90,543.95,93.06,96.05,334.68,0.8902,-1,-1,-1
416,59,169.93,161.93,50.52,138.92,0.8230,-1,-1,-1
417,101,300.75,193.16,31.39,77.57,0.6710,-1,-1,-1
417,93,218.64,169.92,42.84,137.55,0.7350,-1,-1,-1
417,90,544.54,41.39,95.38,393.53,0.8589,-1,-1,-1
417,59,168.70,163.94,48.99,140.49,0.8351,-1,-1,-1
418,101,297.08,193.80,31.14,72.73,0.6015,-1,-1,-1
418,93,210.69,167.76,51.68,135.59,0.8221,-1,-1,-1
418,90,543.89,28.44,95.95,406.96,0.8707,-1,-1,-1
418,59,166.64,163.73,48.16,137.26,0.8471,-1,-1,-1
419,101,294.70,191.91,31.87,75.58,0.7495,-1,-1,-1
419,93,209.44,169.39,49.68,135.20,0.8020,-1,-1,-1
419,90,526.18,26.10,113.55,411.68,0.8961,-1,-1,-1
419,59,164.06,166.98,49.89,135.41,0.8384,-1,-1,-1
420,101,288.26,193.72,32.61,70.56,0.7503,-1,-1,-1
420,93,208.64,169.04,44.78,133.16,0.7918,-1,-1,-1
420,90,494.04,23.21,145.82,423.11,0.9185,-1,-1,-1
420,59,160.17,166.84,49.51,135.51,0.8041,-1,-1,-1
421,101,280.69,191.50,32.44,74.08,0.8138,-1,-1,-1
421,93,203.24,167.35,42.84,129.17,0.7577,-1,-1,-1
421,90,472.87,28.82,166.76,420.25,0.9189,-1,-1,-1
421,59,153.56,167.08,47.39,129.63,0.8402,-1,-1,-1
422,101,277.90,189.95,30.88,74.73,0.7366,-1,-1,-1
422,93,199.29,163.37,42.88,132.68,0.7861,-1,-1,-1
422,90,465.12,32.44,174.27,416.72,0.9190,-1,-1,-1
422,59,151.58,163.67,46.66,131.25,0.8325,-1,-1,-1
423,101,271.89,190.02,30.97,71.81,0.6322,-1,-1,-1
423,93,195.72,159.36,42.51,132.14,0.7960,-1,-1,-1
423,90,456.67,36.78,175.61,416.22,0.9169,-1,-1,-1
423,59,146.73,159.75,46.72,134.18,0.8227,-1,-1,-1
424,101,266.60,187.53,29.91,74.86,0.7522,-1,-1,-1
424,93,193.49,161.47,40.36,131.88,0.7997,-1,-1,-1
424,90,442.89,44.34,179.88,409.50,0.8874,-1,-1,-1
424,59,141.96,159.76,45.22,135.29,0.8043,-1,-1,-1
425,101,259.39,185.94,30.14,73.20,0.7066,-1,-1,-1
425,93,185.92,159.83,40.91,132.70,0.7890,-1,-1,-1
425,90,428.16,46.59,182.30,400.93,0.8981,-1,-1,-1
425,59,135.27,161.00,46.40,131.64,0.8080,-1,-1,-1
426,101,254.80,183.60,28.53,73.38,0.6918,-1,-1,-1
426,93,182.85,159.71,39.15,130.18,0.7943,-1,-1,-1
426,90,419.14,47.65,185.80,397.96,0.8713,-1,-1,-1
426,59,129.89,158.63,49.18,132.14,0.7798,-1,-1,-1
427,102,589.01,76.82,50.87,300.86,0.6231,-1,-1,-1
427,101,249.18,178.57,27.94,76.00,0.7294,-1,-1,-1
427,93,177.32,157.01,44.42,130.36,0.7681,-1,-1,-1
427,90,409.37,45.51,156.96,392.75,0.8805,-1,-1,-1
427,59,124.60,158.60,50.14,129.58,0.7874,-1,-1,-1
428,102,559.20,0.00,80.66,476.92,0.8489,-1,-1,-1
428,101,240.86,179.45,29.38,73.38,0.6690,-1,-1,-1
428,93,174.00,152.21,42.20,130.29,0.7952,-1,-1,-1
428,90,406.45,42.71,131.20,376.60,0.9018,-1,-1,-1
428,59,118.93,157.60,51.86,128.74,0.8164,-1,-1,-1
429,102,470.77,1.33,169.23,478.08,0.8366,-1,-1,-1
429,101,235.02,179.37,28.26,74.56,0.7575,-1,-1,-1
429,93,170.99,152.45,42.98,129.62,0.7994,-1,-1,-1
429,90,400.03,45.36,114.58,355.68,0.9053,-1,-1,-1
429,59,116.70,156.02,48.82,127.58,0.7953,-1,-1,-1
430,102,403.11,0.00,236.49,479.34,0.8966,-1,-1,-1
430,101,229.00,182.13,27.27,71.54,0.5704,-1,-1,-1
430,93,165.85,153.56,41.87,128.02,0.7858,-1,-1,-1
430,90,366.40,50.14,128.91,351.15,0.8953,-1,-1,-1
430,59,111.74,154.42,50.63,127.12,0.8179,-1,-1,-1
431,102,385.84,0.00,253.63,480.00,0.8793,-1,-1,-1
431,101,223.07,178.81,30.65,72.51,0.7438,-1,-1,-1
431,93,163.69,153.76,44.39,125.84,0.7833,-1,-1,-1
431,90,343.80,52.12,140.84,345.76,0.8956,-1,-1,-1
431,59,108.51,151.71,51.65,127.21,0.7934,-1,-1,-1
432,120,0.17,117.92,62.39,209.68,0.6871,-1,-1,-1
432,102,414.70,0.00,225.30,477.52,0.8882,-1,-1,-1
432,101,221.45,174.15,29.99,76.90,0.7563,-1,-1,-1
432,93,161.26,156.40,40.85,122.30,0.6759,-1,-1,-1
432,90,337.06,54.64,124.10,315.04,0.8706,-1,-1,-1
432,59,108.11,151.92,51.21,125.65,0.8174,-1,-1,-1
433,120,0.18,99.40,71.80,260.87,0.6654,-1,-1,-1
433,102,411.80,0.00,228.20,479.50,0.8541,-1,-1,-1
433,101,218.28,176.50,30.61,73.94,0.8187,-1,-1,-1
433,93,156.79,154.27,42.28,124.35,0.7057,-1,-1,-1
433,90,336.28,56.60,104.23,314.91,0.8564,-1,-1,-1
433,59,106.20,154.17,50.90,124.49,0.8293,-1,-1,-1
434,120,0.16,59.10,76.06,303.93,0.6242,-1,-1,-1
434,102,384.77,0.37,183.08,479.63,0.7955,-1,-1,-1
434,101,212.30,173.26,31.04,76.96,0.7609,-1,-1,-1
434,93,155.26,153.80,40.84,123.71,0.7952,-1,-1,-1
434,90,330.53,58.54,86.69,314.85,0.7950,-1,-1,-1
434,59,100.05,156.63,50.02,122.19,0.8359,-1,-1,-1
435,121,594.95,103.77,44.91,290.80,0.6178,-1,-1,-1
435,120,0.19,56.34,77.72,306.72,0.5674,-1,-1,-1
435,102,345.24,0.00,167.89,479.19,0.8553,-1,-1,-1
435,101,209.43,176.89,30.51,72.61,0.6596,-1,-1,-1
435,93,151.93,152.30,40.67,120.61,0.7764,-1,-1,-1
435,90,313.66,97.85,67.61,277.06,0.7104,-1,-1,-1
435,59,96.66,153.67,51.81,123.67,0.8351,-1,-1,-1
436,121,579.87,103.51,59.99,293.51,0.7720,-1,-1,-1
436,102,300.07,0.47,188.16,479.53,0.8961,-1,-1,-1
436,101,205.53,173.78,28.81,73.11,0.6918,-1,-1,-1
436,93,149.67,147.95,41.44,121.74,0.7938,-1,-1,-1
436,59,91.64,151.30,48.15,122.50,0.8045,-1,-1,-1
437,121,602.23,88.81,37.67,309.50,0.7321,-1,-1,-1
437,120,0.24,64.95,76.32,269.51,0.3909,-1,-1,-1
437,102,247.40,0.00,227.25,478.86,0.9259,-1,-1,-1
437,101,204.05,171.82,28.30,75.69,0.7496,-1,-1,-1
437,93,148.42,150.18,42.38,120.38,0.7411,-1,-1,-1
437,59,88.98,149.42,46.80,122.15,0.8180,-1,-1,-1
438,121,552.07,68.48,87.86,332.55,0.8624,-1,-1,-1
438,120,0.06,75.85,74.46,269.12,0.5813,-1,-1,-1
438,102,198.44,0.00,277.43,479.95,0.9043,-1,-1,-1
438,101,202.57,168.47,25.44,78.66,0.6452,-1,-1,-1
438,93,145.47,149.71,42.95,120.16,0.7582,-1,-1,-1
438,59,84.53,152.50,46.82,118.29,0.8288,-1,-1,-1
439,123,384.81,135.36,49.75,180.20,0.6428,-1,-1,-1
439,121,528.84,77.38,111.03,325.04,0.8993,-1,-1,-1
439,120,0.23,75.68,71.07,296.07,0.3915,-1,-1,-1
439,102,182.13,1.62,276.64,478.38,0.8630,-1,-1,-1
439,93,143.00,149.29,38.31,119.09,0.8134,-1,-1,-1
439,59,82.14,148.06,46.79,121.83,0.8399,-1,-1,-1
440,123,370.67,135.97,55.51,178.89,0.7036,-1,-1,-1
440,121,521.75,77.67,118.20,330.50,0.9120,-1,-1,-1
440,120,0.00,54.09,70.64,352.91,0.6912,-1,-1,-1
440,102,84.50,0.00,334.77,480.00,0.8434,-1,-1,-1
440,90,309.84,59.01,80.83,207.36,0.7655,-1,-1,-1
440,59,78.84,145.89,44.26,93.07,0.4038,-1,-1,-1
441,123,369.40,137.99,52.93,178.45,0.7122,-1,-1,-1
441,121,526.90,80.65,112.95,330.84,0.8889,-1,-1,-1
441,102,0.89,0.75,287.68,478.14,0.8619,-1,-1,-1
441,90,277.32,65.82,113.08,337.19,0.7948,-1,-1,-1
442,123,366.93,137.22,50.52,178.19,0.7610,-1,-1,-1
442,121,534.39,79.64,96.62,317.77,0.8631,-1,-1,-1
442,102,0.76,1.06,247.42,477.74,0.7013,-1,-1,-1
442,90,258.08,66.93,126.27,331.90,0.8811,-1,-1,-1
443,124,608.59,83.72,31.21,221.89,0.4609,-1,-1,-1
443,123,365.32,132.99,47.04,178.15,0.7380,-1,-1,-1
443,121,522.42,76.21,99.85,309.95,0.7488,-1,-1,-1
443,102,0.54,2.18,205.95,474.57,0.7431,-1,-1,-1
443,90,255.18,62.54,122.64,333.35,0.8875,-1,-1,-1
444,126,551.39,79.89,88.49,315.95,0.7333,-1,-1,-1
444,123,359.01,135.65,47.99,180.17,0.7315,-1,-1,-1
444,121,497.17,81.37,111.40,302.21,0.6001,-1,-1,-1
444,101,187.58,178.57,29.79,70.00,0.7552,-1,-1,-1
444,93,145.74,155.21,36.41,118.49,0.7470,-1,-1,-1
444,90,249.56,64.96,120.44,321.65,0.8924,-1,-1,-1
445,124,591.27,87.90,48.52,259.38,0.6838,-1,-1,-1
445,123,357.87,138.78,50.47,179.20,0.7980,-1,-1,-1
445,121,532.30,82.12,80.38,318.78,0.5218,-1,-1,-1
445,101,189.53,179.09,29.84,71.01,0.7033,-1,-1,-1
445,93,143.62,157.49,39.83,115.65,0.7748,-1,-1,-1
445,90,249.43,62.56,115.88,317.32,0.8937,-1,-1,-1
446,127,94.53,153.56,45.53,118.15,0.8077,-1,-1,-1
446,124,582.69,75.49,57.12,293.41,0.8483,-1,-1,-1
446,123,343.69,139.71,63.00,177.96,0.7749,-1,-1,-1
446,121,463.86,82.88,159.17,315.51,0.8932,-1,-1,-1
446,120,0.15,3.62,99.63,288.82,0.7679,-1,-1,-1
446,101,193.36,177.71,29.23,71.87,0.6204,-1,-1,-1
446,93,147.38,157.80,41.11,114.21,0.7494,-1,-1,-1
446,90,246.81,60.37,109.68,319.01,0.8979,-1,-1,-1
447,127,96.98,155.56,48.05,119.10,0.7885,-1,-1,-1
447,124,575.56,81.08,64.30,290.88,0.8191,-1,-1,-1
447,123,341.39,143.43,65.34,179.29,0.7889,-1,-1,-1
447,121,470.01,86.27,159.18,316.23,0.8474,-1,-1,-1
447,120,0.17,0.55,103.36,314.18,0.7401,-1,-1,-1
447,101,193.97,181.52,30.49,70.23,0.5501,-1,-1,-1
447,93,147.61,160.73,42.58,113.83,0.7081,-1,-1,-1
447,90,238.94,61.43,111.71,327.45,0.8947,-1,-1,-1
448,127,98.61,152.21,47.78,117.60,0.8173,-1,-1,-1
448,124,574.18,82.78,65.69,293.59,0.8026,-1,-1,-1
448,123,343.68,141.01,61.76,180.77,0.7878,-1,-1,-1
448,121,473.96,83.97,128.01,312.55,0.8569,-1,-1,-1
448,120,0.06,0.00,106.96,480.00,0.8845,-1,-1,-1
448,101,192.76,181.17,32.97,68.93,0.5858,-1,-1,-1
448,93,147.96,157.35,41.60,113.91,0.7694,-1,-1,-1
448,90,236.79,60.71,107.72,330.92,0.8920,-1,-1,-1
449,127,103.82,157.65,46.11,113.28,0.8283,-1,-1,-1
449,124,550.59,87.80,89.10,295.84,0.5435,-1,-1,-1
449,123,344.02,142.13,61.58,178.96,0.7879,-1,-1,-1
449,121,485.73,84.38,96.51,304.70,0.8424,-1,-1,-1
449,120,0.00,0.00,111.98,476.57,0.8934,-1,-1,-1
449,101,197.16,182.70,32.60,69.65,0.6077,-1,-1,-1
449,93,150.67,158.29,37.58,112.81,0.7932,-1,-1,-1
449,90,241.17,66.00,101.48,330.63,0.8941,-1,-1,-1
450,127,114.25,158.90,45.15,113.78,0.7855,-1,-1,-1
450,124,548.02,86.79,91.84,272.37,0.5565,-1,-1,-1
450,123,355.62,138.97,56.65,177.09,0.8353,-1,-1,-1
450,121,499.42,82.15,98.91,314.65,0.8297,-1,-1,-1
450,120,0.00,0.32,122.10,477.95,0.8713,-1,-1,-1
450,101,205.69,182.50,32.01,70.34,0.6945,-1,-1,-1
450,93,160.13,158.18,37.34,112.57,0.8061,-1,-1,-1
450,90,243.33,66.79,102.06,327.65,0.8901,-1,-1,-1
451,127,121.14,160.15,43.30,113.17,0.8022,-1,-1,-1
451,124,554.92,88.75,84.93,278.88,0.6895,-1,-1,-1
451,123,359.47,139.47,58.18,178.55,0.8255,-1,-1,-1
451,121,489.03,85.22,111.94,317.67,0.8499,-1,-1,-1
451,120,0.00,4.37,130.33,474.11,0.9074,-1,-1,-1
451,101,209.32,183.53,30.74,69.51,0.5820,-1,-1,-1
451,93,165.67,160.74,39.16,111.64,0.7898,-1,-1,-1
451,90,233.81,65.58,116.56,329.96,0.8778,-1,-1,-1
452,127,131.38,158.78,42.20,112.66,0.8059,-1,-1,-1
452,124,579.12,85.53,60.77,275.09,0.6923,-1,-1,-1
452,123,358.82,138.64,61.41,181.27,0.7611,-1,-1,-1
452,121,476.99,87.54,134.02,320.82,0.8440,-1,-1,-1
452,120,0.00,5.20,137.37,472.13,0.9111,-1,-1,-1
452,93,174.78,160.78,36.44,112.44,0.8047,-1,-1,-1
452,90,223.87,61.60,125.23,324.04,0.8976,-1,-1,-1
453,127,139.09,156.72,41.38,111.91,0.8194,-1,-1,-1
453,124,581.70,77.58,58.21,299.10,0.7391,-1,-1,-1
453,123,361.03,138.09,71.60,180.98,0.7732,-1,-1,-1
453,121,486.21,83.97,132.13,325.90,0.8521,-1,-1,-1
453,120,0.00,2.46,149.46,473.75,0.9064,-1,-1,-1
453,93,182.81,160.15,34.51,110.82,0.7900,-1,-1,-1
453,90,232.20,54.12,124.53,327.54,0.8821,-1,-1,-1
454,127,151.19,159.27,37.59,114.33,0.7883,-1,-1,-1
454,124,588.72,81.78,50.92,302.99,0.7579,-1,-1,-1
454,123,371.52,144.16,71.24,181.59,0.8143,-1,-1,-1
454,121,503.20,84.67,116.07,330.34,0.8654,-1,-1,-1
454,120,0.15,4.23,159.42,471.95,0.9141,-1,-1,-1
454,93,192.41,163.80,35.15,111.96,0.8001,-1,-1,-1
454,90,241.36,59.30,126.21,332.20,0.9030,-1,-1,-1
455,127,160.07,159.81,37.44,110.11,0.8078,-1,-1,-1
455,124,571.02,80.84,68.87,309.73,0.7521,-1,-1,-1
455,123,378.11,139.77,69.70,183.75,0.8281,-1,-1,-1
455,121,505.30,77.23,103.57,317.47,0.8730,-1,-1,-1
455,120,0.32,0.00,170.70,477.20,0.8870,-1,-1,-1
455,93,198.02,161.76,39.25,110.53,0.7637,-1,-1,-1
455,90,255.49,58.50,119.19,340.77,0.8962,-1,-1,-1
456,127,168.90,162.28,32.68,107.39,0.6910,-1,-1,-1
456,124,585.63,83.94,54.13,283.51,0.7748,-1,-1,-1
456,123,381.46,140.18,67.79,186.68,0.7731,-1,-1,-1
456,121,504.14,79.67,102.94,320.02,0.8724,-1,-1,-1
456,120,0.00,1.32,179.60,473.64,0.8859,-1,-1,-1
456,93,205.24,161.55,38.08,111.21,0.7777,-1,-1,-1
456,90,260.13,62.17,118.13,342.89,0.8837,-1,-1,-1
457,127,178.66,166.61,34.26,106.12,0.7368,-1,-1,-1
457,124,602.22,87.54,37.61,290.55,0.7488,-1,-1,-1
457,123,389.12,141.06,63.20,184.11,0.7403,-1,-1,-1
457,121,480.70,85.85,131.81,327.70,0.8824,-1,-1,-1
457,120,2.10,6.34,191.35,466.46,0.8834,-1,-1,-1
457,93,213.85,163.64,36.73,110.78,0.7629,-1,-1,-1
457,90,267.18,65.71,120.33,350.46,0.8820,-1,-1,-1
458,127,188.18,163.60,31.53,104.65,0.5362,-1,-1,-1
458,124,607.06,79.39,32.70,302.30,0.7275,-1,-1,-1
458,123,393.48,137.34,59.77,185.02,0.8172,-1,-1,-1
458,121,474.98,84.74,149.15,331.35,0.8930,-1,-1,-1
458,120,16.49,3.29,188.89,470.98,0.8728,-1,-1,-1
458,93,224.35,161.59,33.68,110.24,0.7653,-1,-1,-1
458,90,273.42,62.39,120.06,350.16,0.8836,-1,-1,-1
459,124,602.94,85.22,37.00,289.25,0.6144,-1,-1,-1
459,123,401.55,143.87,59.89,188.11,0.7877,-1,-1,-1
459,121,487.99,89.96,151.77,335.96,0.8957,-1,-1,-1
459,120,39.34,4.58,186.96,472.94,0.8385,-1,-1,-1
459,93,232.66,168.85,31.50,109.53,0.7598,-1,-1,-1
459,90,274.77,67.25,124.52,357.32,0.8802,-1,-1,-1
460,124,605.55,79.04,34.35,305.40,0.6391,-1,-1,-1
460,123,401.06,143.90,61.27,189.47,0.7967,-1,-1,-1
460,121,494.80,87.51,144.22,341.83,0.8785,-1,-1,-1
460,120,38.82,2.18,193.28,477.82,0.8569,-1,-1,-1
460,93,234.29,167.55,31.71,109.64,0.7276,-1,-1,-1
460,90,273.30,64.70,130.33,356.35,0.8956,-1,-1,-1
461,124,600.34,79.08,39.38,305.50,0.6704,-1,-1,-1
461,123,405.75,142.55,57.96,192.15,0.8031,-1,-1,-1
461,121,513.17,80.86,101.69,322.54,0.8676,-1,-1,-1
461,120,50.42,0.00,190.65,479.81,0.8820,-1,-1,-1
461,93,241.05,165.38,31.30,110.13,0.7185,-1,-1,-1
461,90,277.41,55.98,130.37,345.90,0.9052,-1,-1,-1
462,124,588.73,81.43,51.00,297.12,0.7029,-1,-1,-1
462,123,404.02,144.01,62.49,193.07,0.8332,-1,-1,-1
462,121,514.74,80.93,101.60,330.66,0.8475,-1,-1,-1
462,120,53.10,0.00,189.27,475.20,0.8681,-1,-1,-1
462,93,241.56,165.49,36.89,111.85,0.7215,-1,-1,-1
462,90,280.20,56.27,125.78,345.38,0.8935,-1,-1,-1
463,124,584.89,88.77,54.85,295.25,0.6669,-1,-1,-1
463,123,409.16,146.80,53.19,196.31,0.8211,-1,-1,-1
463,121,503.84,89.47,123.80,336.28,0.8841,-1,-1,-1
463,120,52.59,3.27,194.33,476.73,0.8517,-1,-1,-1
463,93,242.81,166.03,34.29,112.28,0.7095,-1,-1,-1
463,90,280.91,60.04,120.30,352.23,0.8943,-1,-1,-1
464,127,242.18,169.33,33.08,108.31,0.7384,-1,-1,-1
464,124,589.83,88.85,50.04,296.83,0.7477,-1,-1,-1
464,123,407.44,145.45,54.80,193.10,0.7832,-1,-1,-1
464,121,482.78,89.48,144.62,338.71,0.8727,-1,-1,-1
464,120,49.52,0.00,195.57,480.00,0.8767,-1,-1,-1
464,90,282.64,58.19,111.85,358.43,0.8841,-1,-1,-1
465,127,240.10,169.76,34.90,105.50,0.7137,-1,-1,-1
465,124,592.02,85.75,47.81,308.61,0.7925,-1,-1,-1
465,123,407.46,141.86,55.60,190.11,0.7477,-1,-1,-1
465,121,476.77,90.56,144.38,337.14,0.8835,-1,-1,-1
465,120,47.57,0.00,195.77,480.00,0.8874,-1,-1,-1
465,90,283.78,55.96,105.13,362.81,0.8801,-1,-1,-1
466,127,242.05,164.86,34.36,112.05,0.6958,-1,-1,-1
466,124,596.42,84.46,43.48,310.77,0.8247,-1,-1,-1
466,123,406.40,141.22,55.85,191.35,0.7612,-1,-1,-1
466,121,480.86,89.67,129.71,339.94,0.8833,-1,-1,-1
466,120,46.93,0.00,195.86,480.00,0.8537,-1,-1,-1
466,90,279.87,57.64,104.69,362.30,0.8848,-1,-1,-1
467,127,243.07,168.38,35.58,108.41,0.6921,-1,-1,-1
467,124,587.34,83.00,52.59,316.67,0.8733,-1,-1,-1
467,123,397.00,141.65,67.76,192.98,0.7697,-1,-1,-1
467,121,482.36,85.89,107.62,327.20,0.8819,-1,-1,-1
467,120,45.99,0.00,199.17,480.00,0.8860,-1,-1,-1
467,90,271.29,59.25,112.35,364.60,0.8931,-1,-1,-1
468,127,237.29,167.81,36.02,105.93,0.5256,-1,-1,-1
468,124,570.03,81.64,69.84,320.21,0.8729,-1,-1,-1
468,123,402.36,141.63,62.59,192.08,0.7425,-1,-1,-1
468,121,468.97,81.03,105.68,321.18,0.8662,-1,-1,-1
468,120,42.74,0.59,200.05,479.41,0.8911,-1,-1,-1
468,90,266.90,51.86,115.06,372.20,0.8778,-1,-1,-1
469,124,557.11,83.99,82.71,318.77,0.8593,-1,-1,-1
469,123,401.12,139.72,60.84,192.98,0.7111,-1,-1,-1
469,121,440.12,81.71,127.98,328.84,0.8497,-1,-1,-1
469,120,40.16,0.19,204.46,471.75,0.8560,-1,-1,-1
469,90,254.85,43.53,126.82,361.75,0.8723,-1,-1,-1
470,124,550.63,82.65,89.21,299.91,0.8732,-1,-1,-1
470,123,400.73,139.87,62.50,187.31,0.7672,-1,-1,-1
470,121,429.86,86.15,133.80,331.25,0.8919,-1,-1,-1
470,120,40.74,0.00,210.66,480.00,0.8561,-1,-1,-1
470,90,252.94,42.02,134.78,363.81,0.8750,-1,-1,-1
471,124,549.36,78.30,90.49,307.06,0.7521,-1,-1,-1
471,123,401.48,136.98,62.62,191.64,0.5923,-1,-1,-1
471,121,435.72,87.77,132.09,329.96,0.8881,-1,-1,-1
471,120,46.42,0.07,211.35,479.93,0.8749,-1,-1,-1
471,90,255.61,40.38,139.63,365.19,0.8791,-1,-1,-1
472,124,559.61,73.51,80.22,320.16,0.8590,-1,-1,-1
472,123,400.17,132.83,65.66,194.11,0.6259,-1,-1,-1
472,121,440.03,83.06,124.81,332.64,0.8809,-1,-1,-1
472,120,52.30,0.25,211.50,479.75,0.8801,-1,-1,-1
472,90,258.60,35.69,139.16,371.14,0.8852,-1,-1,-1
473,124,572.25,71.20,67.65,324.04,0.8809,-1,-1,-1
473,123,403.43,129.88,59.73,195.01,0.6298,-1,-1,-1
473,121,443.70,77.31,110.72,325.04,0.8927,-1,-1,-1
473,120,57.39,0.50,217.61,474.89,0.8506,-1,-1,-1
473,90,264.88,33.50,127.12,385.19,0.8721,-1,-1,-1
474,124,543.19,71.53,96.69,321.12,0.8476,-1,-1,-1
474,123,406.90,131.35,55.51,196.01,0.7490,-1,-1,-1
474,121,447.71,75.71,104.29,321.09,0.8470,-1,-1,-1
474,120,66.47,0.56,219.17,479.44,0.8409,-1,-1,-1
474,90,273.68,34.18,119.80,387.13,0.8807,-1,-1,-1
475,124,525.14,73.79,114.69,296.28,0.9071,-1,-1,-1
475,123,413.35,130.19,55.01,198.31,0.3909,-1,-1,-1
475,121,452.23,74.08,109.27,330.42,0.8481,-1,-1,-1
475,120,73.03,0.35,218.50,475.05,0.8606,-1,-1,-1
475,90,278.35,36.77,119.21,388.93,0.8838,-1,-1,-1
476,124,530.44,74.00,109.56,300.73,0.9005,-1,-1,-1
476,121,453.03,78.63,116.62,331.43,0.8855,-1,-1,-1
476,120,76.00,0.29,218.28,475.83,0.8772,-1,-1,-1
476,90,282.72,40.78,119.62,389.28,0.8851,-1,-1,-1
477,124,534.09,71.99,105.90,307.88,0.9026,-1,-1,-1
477,121,448.79,82.29,120.59,334.60,0.7887,-1,-1,-1
477,120,78.54,0.76,218.39,463.46,0.7764,-1,-1,-1
477,90,281.36,39.55,122.88,392.24,0.8945,-1,-1,-1
478,124,537.96,71.92,102.04,311.54,0.8894,-1,-1,-1
478,121,445.40,79.11,118.95,340.06,0.8136,-1,-1,-1
478,120,71.18,0.27,224.75,466.33,0.7864,-1,-1,-1
478,90,281.84,34.70,121.78,389.27,0.8981,-1,-1,-1
479,124,542.64,74.70,97.25,323.79,0.9091,-1,-1,-1
479,121,443.43,86.13,114.09,330.40,0.8517,-1,-1,-1
479,120,69.94,0.16,228.83,479.84,0.8127,-1,-1,-1
479,90,278.47,38.79,122.26,371.59,0.8945,-1,-1,-1
480,129,0.04,115.94,31.88,279.03,0.3318,-1,-1,-1
480,124,549.27,76.16,88.06,329.18,0.8304,-1,-1,-1
480,123,395.09,138.71,64.69,192.73,0.4799,-1,-1,-1
480,121,441.05,86.45,115.32,319.37,0.8707,-1,-1,-1
480,120,72.68,0.00,222.90,477.48,0.8429,-1,-1,-1
480,90,275.07,39.30,122.79,383.87,0.8865,-1,-1,-1
481,124,535.06,73.20,98.46,335.16,0.8480,-1,-1,-1
481,121,434.16,82.62,107.75,318.19,0.8626,-1,-1,-1
481,120,65.36,0.44,228.59,473.87,0.8036,-1,-1,-1
481,90,272.66,33.59,116.28,390.21,0.8836,-1,-1,-1
482,129,0.36,118.06,41.45,163.07,0.3418,-1,-1,-1
482,124,514.78,76.33,119.45,338.48,0.8403,-1,-1,-1
482,121,413.35,83.55,116.06,322.92,0.8689,-1,-1,-1
482,120,55.47,0.99,234.78,465.85,0.7511,-1,-1,-1
482,90,265.80,34.37,110.96,395.09,0.8883,-1,-1,-1
483,124,509.52,84.70,115.62,334.15,0.8816,-1,-1,-1
483,121,397.09,92.14,122.02,327.01,0.8719,-1,-1,-1
483,120,47.60,2.89,240.47,473.30,0.7817,-1,-1,-1
483,90,261.06,42.72,104.68,394.62,0.8769,-1,-1,-1
484,124,510.79,85.56,109.61,334.76,0.8761,-1,-1,-1
484,121,383.29,93.99,128.53,330.17,0.8436,-1,-1,-1
484,120,37.62,7.36,244.49,472.64,0.6544,-1,-1,-1
484,90,254.56,48.37,102.61,391.06,0.8590,-1,-1,-1
485,124,510.36,85.12,94.15,323.92,0.8382,-1,-1,-1
485,121,394.59,91.58,115.15,332.72,0.8090,-1,-1,-1
485,120,32.20,1.12,249.10,478.88,0.7364,-1,-1,-1
485,90,250.21,49.14,100.96,396.42,0.8412,-1,-1,-1
486,124,503.55,83.35,85.84,318.41,0.8732,-1,-1,-1
486,121,399.30,89.11,99.24,322.89,0.8709,-1,-1,-1
486,120,26.62,0.12,253.16,479.88,0.7841,-1,-1,-1
486,90,245.06,41.48,102.54,390.00,0.8828,-1,-1,-1
487,124,489.28,85.95,91.63,327.25,0.8850,-1,-1,-1
487,121,393.69,90.14,97.93,322.42,0.8712,-1,-1,-1
487,120,23.49,0.62,257.78,479.38,0.8441,-1,-1,-1
487,90,241.33,38.71,102.64,390.07,0.8848,-1,-1,-1
488,124,458.87,88.64,120.70,332.81,0.8517,-1,-1,-1
488,121,390.70,93.35,102.04,326.69,0.8519,-1,-1,-1
488,120,27.83,1.07,258.68,478.93,0.8163,-1,-1,-1
488,90,243.84,37.74,98.58,382.98,0.8606,-1,-1,-1
489,130,556.04,86.88,83.62,147.32,0.3865,-1,-1,-1
489,124,451.47,88.27,133.45,335.39,0.8952,-1,-1,-1
489,121,390.65,95.10,102.58,331.26,0.7844,-1,-1,-1
489,120,17.43,0.55,267.39,479.45,0.6871,-1,-1,-1
489,90,245.13,35.97,91.21,376.72,0.8672,-1,-1,-1
490,130,558.84,83.01,80.98,218.12,0.3301,-1,-1,-1
490,124,456.04,91.63,133.69,331.43,0.8814,-1,-1,-1
490,121,382.88,97.09,107.90,329.36,0.8304,-1,-1,-1
490,120,3.65,0.96,277.16,479.04,0.6202,-1,-1,-1
490,90,249.58,36.98,78.79,343.60,0.6461,-1,-1,-1
491,124,460.49,94.47,117.77,323.26,0.8676,-1,-1,-1
491,121,376.09,98.53,112.84,335.71,0.8504,-1,-1,-1
491,120,0.53,0.32,282.60,477.42,0.8244,-1,-1,-1
491,90,251.42,41.66,74.65,322.20,0.8143,-1,-1,-1
492,124,466.28,89.69,99.53,317.57,0.8145,-1,-1,-1
492,121,377.16,95.11,105.81,327.36,0.8688,-1,-1,-1
492,120,0.43,0.19,276.81,476.73,0.7388,-1,-1,-1
492,90,249.69,40.48,75.38,295.66,0.8187,-1,-1,-1
493,124,469.93,88.48,100.80,327.56,0.8351,-1,-1,-1
493,121,376.96,93.07,99.93,319.17,0.8681,-1,-1,-1
493,120,0.61,0.59,276.94,476.76,0.7245,-1,-1,-1
493,90,244.81,41.62,81.14,285.07,0.8092,-1,-1,-1
494,124,468.33,90.96,94.38,332.74,0.7726,-1,-1,-1
494,121,373.70,95.21,100.74,323.25,0.8324,-1,-1,-1
494,120,0.95,0.21,279.61,479.02,0.7532,-1,-1,-1
494,90,240.58,41.86,88.90,339.60,0.8513,-1,-1,-1
495,124,462.47,89.04,97.21,337.88,0.8356,-1,-1,-1
495,121,363.63,91.20,112.25,330.57,0.8764,-1,-1,-1
495,120,0.19,0.26,273.30,478.87,0.3720,-1,-1,-1
495,90,230.63,29.33,102.60,356.88,0.8552,-1,-1,-1
496,131,343.87,136.42,57.43,211.48,0.5613,-1,-1,-1
496,124,463.95,90.72,97.89,338.16,0.8446,-1,-1,-1
496,121,365.54,93.64,110.42,334.29,0.8892,-1,-1,-1
496,120,0.02,0.10,275.13,479.90,0.4392,-1,-1,-1
496,90,230.00,28.30,106.73,355.86,0.8536,-1,-1,-1
497,131,345.67,137.57,54.60,205.92,0.6550,-1,-1,-1
497,124,465.12,89.79,104.02,341.26,0.8032,-1,-1,-1
497,121,371.88,94.02,103.06,338.95,0.8470,-1,-1,-1
497,120,0.15,0.35,274.01,477.84,0.4722,-1,-1,-1
497,90,229.56,27.53,108.12,349.32,0.8474,-1,-1,-1
498,131,337.98,139.61,62.73,202.96,0.6501,-1,-1,-1
498,130,561.38,75.66,78.42,240.84,0.3463,-1,-1,-1
498,124,468.86,89.13,93.51,335.84,0.7974,-1,-1,-1
498,121,380.91,94.00,92.10,337.99,0.8278,-1,-1,-1
498,120,0.00,0.24,275.56,479.75,0.6799,-1,-1,-1
498,90,229.51,26.45,103.71,355.35,0.8121,-1,-1,-1
499,131,340.38,141.61,60.86,198.93,0.5443,-1,-1,-1
499,124,471.36,83.80,96.87,325.43,0.7745,-1,-1,-1
499,121,380.41,88.64,94.36,332.79,0.8408,-1,-1,-1
499,120,0.08,0.00,280.45,480.00,0.6285,-1,-1,-1
499,90,231.90,24.70,97.51,317.15,0.8390,-1,-1,-1
500,131,343.65,136.40,56.47,208.28,0.6925,-1,-1,-1
500,124,472.10,84.18,85.63,329.43,0.7339,-1,-1,-1
500,121,381.70,89.53,100.38,323.56,0.8535,-1,-1,-1
500,120,0.00,0.18,282.01,477.47,0.5896,-1,-1,-1
500,90,235.39,29.10,89.71,321.43,0.8270,-1,-1,-1
501,131,351.93,136.42,50.96,210.04,0.6528,-1,-1,-1
501,124,461.62,82.38,103.06,337.10,0.7657,-1,-1,-1
501,121,385.74,88.80,104.63,329.48,0.7829,-1,-1,-1
501,120,0.24,0.11,290.77,474.59,0.7233,-1,-1,-1
501,90,241.86,30.05,82.10,321.26,0.7991,-1,-1,-1
502,131,349.02,134.63,66.29,215.73,0.6761,-1,-1,-1
502,124,456.61,84.70,134.10,345.19,0.6847,-1,-1,-1
502,121,389.25,89.27,109.48,338.29,0.7963,-1,-1,-1
502,120,5.67,0.06,293.97,479.94,0.7815,-1,-1,-1
502,90,244.85,29.67,76.55,317.94,0.6733,-1,-1,-1
503,124,466.83,81.93,128.40,341.45,0.8679,-1,-1,-1
503,121,392.13,87.71,111.19,340.13,0.8465,-1,-1,-1
503,120,13.07,0.89,300.93,479.08,0.5554,-1,-1,-1
504,131,341.13,125.77,68.05,221.60,0.4472,-1,-1,-1
504,124,475.72,77.41,120.89,343.95,0.8774,-1,-1,-1
504,121,392.92,84.96,109.68,339.25,0.8561,-1,-1,-1
504,120,0.10,0.51,315.07,479.49,0.6564,-1,-1,-1
505,131,338.03,129.55,74.16,224.17,0.5846,-1,-1,-1
505,124,482.38,77.64,113.45,334.72,0.8636,-1,-1,-1
505,121,394.85,85.36,100.68,334.64,0.8393,-1,-1,-1
505,120,11.79,1.51,320.16,478.49,0.5057,-1,-1,-1
506,131,352.71,128.43,54.44,217.47,0.6640,-1,-1,-1
506,124,485.89,73.88,111.60,331.41,0.8743,-1,-1,-1
506,121,389.96,80.71,98.13,320.03,0.8595,-1,-1,-1
506,120,15.61,1.58,318.99,472.50,0.5646,-1,-1,-1
507,131,337.70,131.03,66.44,217.14,0.6452,-1,-1,-1
507,124,484.82,76.84,112.86,338.85,0.8488,-1,-1,-1
507,121,387.23,83.32,98.37,321.25,0.8243,-1,-1,-1
507,120,41.40,0.40,299.46,478.15,0.6281,-1,-1,-1
508,131,341.84,128.12,63.19,213.11,0.7141,-1,-1,-1
508,129,0.99,94.67,80.28,201.18,0.5069,-1,-1,-1
508,124,486.25,77.84,111.32,341.04,0.8542,-1,-1,-1
508,121,377.21,82.81,110.47,328.74,0.8266,-1,-1,-1
508,120,63.51,0.33,282.56,472.67,0.6246,-1,-1,-1
509,131,344.99,123.18,60.38,213.15,0.6585,-1,-1,-1
509,129,0.00,95.38,88.79,224.25,0.5984,-1,-1,-1
509,124,487.26,75.59,104.82,344.17,0.8493,-1,-1,-1
509,121,366.08,79.96,122.11,331.59,0.8552,-1,-1,-1
509,120,74.22,0.87,275.60,471.87,0.6201,-1,-1,-1
510,131,352.36,128.20,54.28,210.66,0.5704,-1,-1,-1
510,129,0.49,77.46,106.35,258.42,0.7465,-1,-1,-1
510,124,490.28,80.76,108.64,340.13,0.8126,-1,-1,-1
510,121,370.38,84.84,116.66,337.01,0.8439,-1,-1,-1
510,120,90.26,0.26,271.39,475.56,0.3897,-1,-1,-1
511,131,366.33,126.85,45.05,214.66,0.3323,-1,-1,-1
511,129,3.35,62.70,126.20,284.51,0.6789,-1,-1,-1
511,124,495.31,77.99,99.33,343.10,0.7719,-1,-1,-1
511,123,380.22,116.80,43.75,291.23,0.3773,-1,-1,-1
511,121,383.98,83.85,101.85,337.24,0.8349,-1,-1,-1
511,120,107.98,1.39,205.82,476.43,0.3712,-1,-1,-1
511,90,183.30,0.00,198.75,478.27,0.3491,-1,-1,-1
512,129,25.01,66.72,123.12,288.26,0.7093,-1,-1,-1
512,124,502.64,81.65,94.63,330.03,0.7600,-1,-1,-1
512,121,389.32,86.12,99.87,338.01,0.8622,-1,-1,-1
512,120,124.38,1.38,271.57,478.04,0.5873,-1,-1,-1
513,132,8.88,120.29,80.40,234.21,0.8405,-1,-1,-1
513,129,70.63,71.71,99.92,326.05,0.8415,-1,-1,-1
513,124,506.36,83.90,88.26,331.49,0.8384,-1,-1,-1
513,121,405.63,91.14,89.27,320.37,0.8337,-1,-1,-1
513,120,154.91,1.27,271.78,470.93,0.6845,-1,-1,-1
514,132,3.08,114.89,82.12,238.82,0.8450,-1,-1,-1
514,129,83.80,68.75,94.00,329.56,0.8855,-1,-1,-1
514,124,502.84,79.93,94.40,335.55,0.8378,-1,-1,-1
514,121,415.43,87.85,79.14,315.54,0.8663,-1,-1,-1
514,120,158.90,1.04,275.30,470.70,0.5513,-1,-1,-1
515,132,0.95,107.66,70.73,255.72,0.8527,-1,-1,-1
515,129,92.98,75.29,109.27,328.42,0.8878,-1,-1,-1
515,124,483.90,85.89,115.48,339.42,0.8415,-1,-1,-1
515,121,430.27,93.97,65.44,189.81,0.8157,-1,-1,-1
515,120,187.03,0.53,270.63,472.58,0.7157,-1,-1,-1
516,132,0.00,103.27,61.36,269.69,0.8548,-1,-1,-1
516,129,94.24,78.99,118.10,329.23,0.8786,-1,-1,-1
516,124,482.61,88.84,132.30,344.28,0.8219,-1,-1,-1
516,120,219.93,0.34,265.34,475.56,0.7073,-1,-1,-1
517,133,191.20,78.18,78.67,303.09,0.5610,-1,-1,-1
517,132,0.29,99.07,53.52,265.64,0.8607,-1,-1,-1
517,129,96.63,86.72,111.33,322.06,0.8725,-1,-1,-1
517,124,497.92,89.56,127.58,343.05,0.8859,-1,-1,-1
517,120,243.18,0.70,273.77,470.82,0.7441,-1,-1,-1
518,133,186.39,29.40,113.23,363.58,0.8533,-1,-1,-1
518,132,0.12,93.15,43.04,275.12,0.7935,-1,-1,-1
518,129,96.42,86.87,114.59,320.80,0.8742,-1,-1,-1
518,124,514.51,94.64,108.85,338.73,0.8424,-1,-1,-1
518,120,260.60,1.00,280.87,475.43,0.7533,-1,-1,-1
519,133,180.70,26.03,121.43,401.24,0.8750,-1,-1,-1
519,129,111.38,80.66,98.85,305.08,0.8668,-1,-1,-1
519,120,276.03,0.71,299.12,477.78,0.7188,-1,-1,-1
520,133,181.34,21.20,136.68,444.18,0.8774,-1,-1,-1
520,129,127.50,76.20,85.73,310.96,0.8340,-1,-1,-1
520,120,290.88,0.52,306.29,477.89,0.8223,-1,-1,-1
521,133,180.65,16.92,152.23,440.44,0.8791,-1,-1,-1
521,129,113.13,81.85,106.82,308.22,0.8422,-1,-1,-1
521,120,325.58,0.57,313.82,474.36,0.8639,-1,-1,-1
522,133,187.99,18.74,153.73,442.55,0.8876,-1,-1,-1
522,129,112.18,88.15,109.43,311.24,0.8238,-1,-1,-1
522,120,348.06,0.63,290.39,473.02,0.7788,-1,-1,-1
523,133,192.46,16.12,149.37,451.10,0.8997,-1,-1,-1
523,129,108.64,90.64,110.96,310.33,0.7710,-1,-1,-1
523,120,361.51,0.74,277.93,476.29,0.8150,-1,-1,-1
524,133,194.09,11.62,148.28,461.95,0.8947,-1,-1,-1
524,129,107.31,83.48,113.81,307.23,0.8325,-1,-1,-1
524,120,374.35,1.01,265.12,476.00,0.8006,-1,-1,-1
525,133,204.00,16.50,147.39,463.50,0.8894,-1,-1,-1
525,129,114.75,83.80,111.46,296.13,0.8324,-1,-1,-1
525,120,391.35,0.18,248.26,479.82,0.8934,-1,-1,-1
526,133,209.31,16.08,152.55,463.92,0.8739,-1,-1,-1
526,129,137.38,77.91,96.42,286.73,0.8529,-1,-1,-1
526,120,405.11,0.77,234.68,479.23,0.8942,-1,-1,-1
527,133,203.97,13.23,160.70,466.77,0.8661,-1,-1,-1
527,129,146.14,75.06,87.45,293.93,0.8489,-1,-1,-1
527,120,416.26,0.00,223.68,480.00,0.8698,-1,-1,-1
528,133,200.03,22.37,172.26,457.36,0.8605,-1,-1,-1
528,131,392.06,97.59,71.09,317.13,0.6934,-1,-1,-1
528,129,162.42,89.54,76.72,293.52,0.8613,-1,-1,-1
528,120,437.08,0.00,202.92,480.00,0.9061,-1,-1,-1
529,135,126.18,163.68,47.76,146.52,0.7923,-1,-1,-1
529,133,203.99,26.93,170.85,451.77,0.8829,-1,-1,-1
529,131,382.38,106.37,87.95,315.72,0.8118,-1,-1,-1
529,129,161.95,98.27,79.83,289.27,0.8437,-1,-1,-1
529,120,449.02,0.47,190.79,476.30,0.8935,-1,-1,-1
530,135,119.37,160.70,47.74,152.23,0.7849,-1,-1,-1
530,133,213.14,27.35,167.53,438.15,0.8750,-1,-1,-1
530,131,384.90,109.98,93.19,317.76,0.7382,-1,-1,-1
530,129,158.39,101.73,87.75,285.89,0.8629,-1,-1,-1
530,120,468.58,0.38,171.18,478.16,0.9025,-1,-1,-1
531,135,111.45,159.67,55.12,157.74,0.8113,-1,-1,-1
531,133,219.42,28.28,161.96,448.70,0.8791,-1,-1,-1
531,131,385.56,112.29,96.73,323.05,0.8240,-1,-1,-1
531,129,155.57,103.46,92.96,287.53,0.8511,-1,-1,-1
531,120,475.54,0.24,164.19,479.10,0.8964,-1,-1,-1
532,135,93.11,158.60,64.97,164.80,0.7519,-1,-1,-1
532,131,377.73,104.77,98.41,321.81,0.8402,-1,-1,-1
532,129,165.33,100.75,84.80,275.10,0.8406,-1,-1,-1
532,120,485.45,1.06,154.31,478.00,0.8852,-1,-1,-1
532,90,226.23,27.19,147.35,452.81,0.8935,-1,-1,-1
533,136,464.67,92.26,50.77,269.20,0.5639,-1,-1,-1
533,135,74.11,153.86,74.21,169.08,0.7949,-1,-1,-1
533,131,370.94,97.54,97.82,310.58,0.8439,-1,-1,-1
533,129,172.13,93.12,74.03,277.76,0.7978,-1,-1,-1
533,120,482.51,0.41,157.17,478.61,0.8890,-1,-1,-1
533,90,219.43,22.10,144.39,457.90,0.8800,-1,-1,-1
534,136,452.91,88.18,63.19,301.41,0.7803,-1,-1,-1
534,135,55.42,146.12,66.66,181.32,0.7984,-1,-1,-1
534,131,357.68,94.53,96.48,314.12,0.7878,-1,-1,-1
534,129,148.75,88.37,88.59,282.70,0.7946,-1,-1,-1
534,120,485.82,1.78,153.97,476.76,0.8880,-1,-1,-1
534,90,202.70,23.07,143.94,455.76,0.8855,-1,-1,-1
535,136,448.20,89.04,70.33,323.94,0.8451,-1,-1,-1
535,135,41.76,138.07,68.56,191.95,0.7868,-1,-1,-1
535,134,137.57,89.76,93.51,294.51,0.5143,-1,-1,-1
535,131,338.48,95.58,107.30,318.73,0.7803,-1,-1,-1
535,129,181.61,88.22,53.52,288.94,0.3158,-1,-1,-1
535,120,492.33,2.12,147.54,474.60,0.8779,-1,-1,-1
535,90,190.20,23.28,150.56,456.67,0.8781,-1,-1,-1
536,136,444.82,88.79,77.78,315.39,0.8430,-1,-1,-1
536,135,29.68,131.23,75.39,201.22,0.7965,-1,-1,-1
536,134,137.16,126.92,80.58,159.79,0.5160,-1,-1,-1
536,131,322.88,96.72,120.13,323.65,0.8517,-1,-1,-1
536,120,499.05,0.48,140.83,477.89,0.8809,-1,-1,-1
536,90,194.11,17.58,146.06,456.99,0.8794,-1,-1,-1
537,136,441.57,84.38,85.26,316.43,0.8731,-1,-1,-1
537,135,9.90,117.63,83.95,211.59,0.8026,-1,-1,-1
537,134,134.65,120.98,78.67,169.39,0.4645,-1,-1,-1
537,131,318.26,92.51,121.95,331.19,0.8492,-1,-1,-1
537,120,504.78,7.68,135.06,471.23,0.8824,-1,-1,-1
537,90,193.01,4.21,149.61,457.03,0.8817,-1,-1,-1
538,138,124.04,144.84,38.35,141.61,0.6654,-1,-1,-1
538,136,439.42,85.32,91.14,336.14,0.8513,-1,-1,-1
538,135,6.39,117.17,83.55,223.74,0.8456,-1,-1,-1
538,134,132.94,126.08,75.22,163.27,0.5864,-1,-1,-1
538,131,328.76,90.92,108.12,334.49,0.8010,-1,-1,-1
538,120,510.91,1.32,128.83,478.19,0.8789,-1,-1,-1
538,90,195.05,2.04,154.53,453.63,0.8947,-1,-1,-1
539,139,409.05,126.45,50.54,222.54,0.7756,-1,-1,-1
539,138,120.81,139.79,47.21,146.56,0.7932,-1,-1,-1
539,136,448.42,83.58,92.26,321.07,0.8492,-1,-1,-1
539,135,0.04,112.71,86.52,237.58,0.8774,-1,-1,-1
539,134,153.68,121.81,58.67,166.06,0.6064,-1,-1,-1
539,131,337.38,87.57,98.58,327.89,0.8634,-1,-1,-1
539,120,531.65,1.97,108.17,474.40,0.8621,-1,-1,-1
539,90,197.79,1.68,162.03,467.78,0.8856,-1,-1,-1
540,139,412.47,128.14,51.45,222.18,0.7294,-1,-1,-1
540,138,121.48,138.40,53.86,152.20,0.7814,-1,-1,-1
540,136,451.40,77.89,99.72,337.96,0.8350,-1,-1,-1
540,135,0.00,115.35,88.08,246.47,0.8681,-1,-1,-1
540,134,170.21,120.90,65.62,242.81,0.7549,-1,-1,-1
540,131,343.85,88.73,94.35,323.49,0.8686,-1,-1,-1
540,120,541.69,6.83,98.20,465.56,0.8122,-1,-1,-1
540,90,203.91,1.07,161.14,476.40,0.8778,-1,-1,-1
541,139,422.95,125.62,48.84,234.89,0.6712,-1,-1,-1
541,138,116.79,139.81,63.43,155.71,0.8572,-1,-1,-1
541,136,456.61,73.42,113.36,344.78,0.7463,-1,-1,-1
541,135,0.02,108.71,79.23,264.92,0.8601,-1,-1,-1
541,134,190.10,124.64,55.30,247.19,0.7328,-1,-1,-1
541,131,352.30,83.27,92.76,337.07,0.8385,-1,-1,-1
541,120,562.41,25.45,77.42,403.13,0.7547,-1,-1,-1
541,90,215.98,0.91,159.34,472.07,0.8654,-1,-1,-1
542,138,106.90,139.33,73.81,161.74,0.8664,-1,-1,-1
542,136,445.80,71.32,123.25,354.18,0.6214,-1,-1,-1
542,135,0.14,97.58,71.91,282.73,0.8439,-1,-1,-1
542,134,207.59,122.34,44.51,251.04,0.4878,-1,-1,-1
542,131,361.92,83.97,88.95,339.99,0.7932,-1,-1,-1
542,129,189.84,127.41,47.18,174.20,0.3918,-1,-1,-1
542,120,590.64,46.16,49.17,379.88,0.4941,-1,-1,-1
542,90,229.92,2.30,153.52,472.43,0.8768,-1,-1,-1
543,139,431.00,124.58,51.32,281.10,0.3388,-1,-1,-1
543,138,102.01,143.49,77.17,161.67,0.8754,-1,-1,-1
543,136,438.53,76.25,123.58,361.60,0.8112,-1,-1,-1
543,135,0.19,91.04,71.67,294.27,0.8645,-1,-1,-1
543,134,213.47,123.40,44.20,257.13,0.5257,-1,-1,-1
543,131,368.54,90.95,85.48,342.78,0.6888,-1,-1,-1
543,129,185.41,152.61,38.74,145.27,0.5623,-1,-1,-1
543,90,235.78,8.22,158.72,469.29,0.8474,-1,-1,-1
544,138,98.65,135.91,79.23,168.88,0.8782,-1,-1,-1
544,136,446.54,76.28,131.89,366.30,0.8226,-1,-1,-1
544,135,0.28,85.36,55.46,301.84,0.8029,-1,-1,-1
544,134,218.77,131.86,45.48,245.34,0.6380,-1,-1,-1
544,131,386.95,89.41,73.20,314.99,0.5162,-1,-1,-1
544,129,183.32,146.30,50.06,151.39,0.7646,-1,-1,-1
544,90,243.58,3.40,159.19,476.60,0.8633,-1,-1,-1
545,139,441.72,116.99,36.92,243.13,0.3106,-1,-1,-1
545,138,102.00,134.35,78.83,170.94,0.8727,-1,-1,-1
545,136,456.59,74.69,128.76,370.61,0.8015,-1,-1,-1
545,135,0.15,112.32,61.69,275.77,0.7934,-1,-1,-1
545,134,226.56,144.12,43.57,231.72,0.3902,-1,-1,-1
545,131,397.59,89.09,67.36,345.50,0.5133,-1,-1,-1
545,129,185.52,148.76,52.21,151.31,0.7135,-1,-1,-1
545,90,243.62,0.64,168.17,479.09,0.8554,-1,-1,-1
546,138,106.35,129.96,77.78,176.71,0.8602,-1,-1,-1
546,136,473.95,71.22,118.93,371.79,0.7835,-1,-1,-1
546,135,0.12,120.21,52.97,275.09,0.7621,-1,-1,-1
546,131,375.83,83.87,97.67,352.25,0.5799,-1,-1,-1
546,129,193.21,149.11,51.65,153.34,0.7579,-1,-1,-1
546,90,253.49,0.40,174.24,478.17,0.8985,-1,-1,-1
547,138,112.82,121.14,66.64,185.07,0.7893,-1,-1,-1
547,136,488.88,66.56,118.97,363.10,0.7382,-1,-1,-1
547,135,0.13,126.27,31.68,267.33,0.5028,-1,-1,-1
547,131,393.71,81.77,88.87,340.36,0.6854,-1,-1,-1
547,129,192.46,141.70,55.65,160.85,0.8172,-1,-1,-1
547,90,247.54,0.79,192.54,479.21,0.8883,-1,-1,-1
548,138,117.57,120.97,62.57,188.25,0.8155,-1,-1,-1
548,136,505.50,64.55,117.29,375.95,0.7098,-1,-1,-1
548,131,402.92,82.42,82.72,349.24,0.5371,-1,-1,-1
548,129,195.06,138.20,62.35,166.51,0.8395,-1,-1,-1
548,90,248.69,0.00,196.89,471.13,0.8813,-1,-1,-1
549,142,480.07,122.78,49.73,244.89,0.6845,-1,-1,-1
549,138,117.37,118.38,65.11,192.67,0.8224,-1,-1,-1
549,136,515.34,62.91,123.46,387.70,0.7683,-1,-1,-1
549,131,430.19,89.30,61.65,330.06,0.4071,-1,-1,-1
549,129,194.12,134.86,64.24,171.16,0.8260,-1,-1,-1
549,90,252.47,0.46,194.92,470.60,0.8593,-1,-1,-1
550,142,485.17,111.09,57.47,248.93,0.7895,-1,-1,-1
550,138,106.75,103.93,71.42,202.12,0.7351,-1,-1,-1
550,136,528.57,48.55,111.13,399.98,0.8854,-1,-1,-1
550,131,405.78,63.76,83.04,370.21,0.3742,-1,-1,-1
550,129,195.71,117.19,63.17,178.03,0.8326,-1,-1,-1
550,90,259.85,0.16,190.45,479.65,0.7731,-1,-1,-1
551,142,487.96,108.38,63.54,250.76,0.7485,-1,-1,-1
551,138,93.18,97.62,79.39,209.13,0.8372,-1,-1,-1
551,136,533.82,44.22,106.00,406.31,0.9019,-1,-1,-1
551,134,255.92,123.05,55.32,210.41,0.3580,-1,-1,-1
551,131,408.29,71.07,81.24,366.01,0.5844,-1,-1,-1
551,129,194.15,112.47,62.79,182.26,0.8256,-1,-1,-1
551,90,266.50,0.42,178.73,478.09,0.7981,-1,-1,-1
552,142,493.17,115.75,58.60,248.99,0.8078,-1,-1,-1
552,138,77.46,102.59,84.83,217.77,0.8669,-1,-1,-1
552,136,539.71,50.03,100.16,406.96,0.8940,-1,-1,-1
552,134,258.51,127.98,50.43,205.88,0.3722,-1,-1,-1
552,131,420.01,66.94,61.98,243.09,0.6487,-1,-1,-1
552,129,180.30,114.98,75.95,193.74,0.8695,-1,-1,-1
552,90,262.54,0.00,214.56,458.35,0.7677,-1,-1,-1
553,142,495.06,117.91,61.04,249.13,0.8039,-1,-1,-1
553,138,71.00,100.32,82.49,226.76,0.8717,-1,-1,-1
553,136,544.71,52.60,95.14,408.44,0.8767,-1,-1,-1
553,131,411.12,68.15,68.88,247.05,0.6963,-1,-1,-1
553,129,169.14,117.99,81.80,196.11,0.8716,-1,-1,-1
553,90,252.92,7.48,210.68,472.52,0.8597,-1,-1,-1
554,142,501.73,119.02,62.02,247.91,0.7679,-1,-1,-1
554,138,65.10,96.88,79.26,235.28,0.8521,-1,-1,-1
554,136,550.93,51.83,88.92,400.75,0.8936,-1,-1,-1
554,131,428.54,116.85,49.17,210.30,0.3900,-1,-1,-1
554,129,167.45,117.13,81.75,204.95,0.8603,-1,-1,-1
554,90,246.84,0.32,192.28,479.68,0.8953,-1,-1,-1
555,142,507.64,112.38,66.44,247.46,0.7636,-1,-1,-1
555,138,62.40,90.44,69.91,242.01,0.8390,-1,-1,-1
555,136,559.64,46.43,80.21,397.17,0.8912,-1,-1,-1
555,131,406.74,113.74,66.01,247.72,0.6303,-1,-1,-1
555,129,168.53,110.22,75.81,215.14,0.8783,-1,-1,-1
555,90,260.18,0.48,186.09,479.52,0.9125,-1,-1,-1
556,142,509.24,115.60,70.70,249.13,0.7722,-1,-1,-1
556,138,48.24,90.11,78.18,247.73,0.8331,-1,-1,-1
556,136,564.87,47.83,74.96,399.47,0.8629,-1,-1,-1
556,131,413.23,115.16,66.45,252.60,0.6949,-1,-1,-1
556,129,165.95,111.42,75.33,220.80,0.8762,-1,-1,-1
556,90,252.61,1.52,193.38,478.48,0.9082,-1,-1,-1
557,142,517.36,130.06,64.00,243.25,0.8215,-1,-1,-1
557,138,20.81,91.31,92.69,258.93,0.8682,-1,-1,-1
557,136,550.56,61.47,89.27,387.59,0.8320,-1,-1,-1
557,131,420.38,120.85,78.34,284.71,0.7216,-1,-1,-1
557,129,156.73,111.10,78.11,232.82,0.8788,-1,-1,-1
557,90,261.46,3.88,189.07,476.02,0.9202,-1,-1,-1
558,142,520.80,130.41,60.75,231.49,0.8127,-1,-1,-1
558,138,0.19,83.24,102.62,268.42,0.8952,-1,-1,-1
558,136,546.95,60.65,92.86,377.28,0.8452,-1,-1,-1
558,131,419.29,115.76,90.96,292.72,0.8156,-1,-1,-1
558,129,152.21,106.42,80.04,237.56,0.8721,-1,-1,-1
558,90,262.04,2.95,188.13,474.95,0.9083,-1,-1,-1
559,142,532.82,116.48,62.14,250.92,0.7422,-1,-1,-1
559,138,0.00,78.86,96.16,272.81,0.9036,-1,-1,-1
559,136,556.66,49.71,83.23,370.21,0.8578,-1,-1,-1
559,131,429.29,101.04,109.47,320.30,0.8192,-1,-1,-1
559,129,149.69,94.89,87.16,245.72,0.8666,-1,-1,-1
559,90,271.48,0.87,184.77,473.81,0.9217,-1,-1,-1
560,142,537.89,113.11,57.99,242.51,0.7395,-1,-1,-1
560,138,0.00,76.74,90.62,280.97,0.9214,-1,-1,-1
560,136,574.43,44.15,65.47,378.63,0.8585,-1,-1,-1
560,131,445.52,88.78,104.55,341.69,0.8008,-1,-1,-1
560,129,144.36,89.24,91.64,262.26,0.8780,-1,-1,-1
560,90,271.75,0.00,184.46,478.49,0.9136,-1,-1,-1
561,142,546.23,110.59,42.26,246.20,0.6000,-1,-1,-1
561,138,0.00,67.63,74.82,287.28,0.8849,-1,-1,-1
561,136,572.29,39.55,67.59,388.45,0.8866,-1,-1,-1
561,131,447.85,68.31,110.36,367.08,0.6583,-1,-1,-1
561,129,125.45,78.03,96.91,281.09,0.8095,-1,-1,-1
561,90,253.11,1.65,197.89,478.35,0.8991,-1,-1,-1
562,139,406.61,79.51,62.23,261.21,0.5426,-1,-1,-1
562,138,0.00,89.34,58.11,263.32,0.8560,-1,-1,-1
562,136,567.23,34.66,72.62,398.37,0.9048,-1,-1,-1
562,131,455.86,54.57,113.66,380.44,0.7988,-1,-1,-1
562,129,110.98,71.82,99.89,288.79,0.8753,-1,-1,-1
562,90,242.80,0.82,204.10,478.11,0.8985,-1,-1,-1
563,139,410.34,80.58,73.49,271.32,0.6225,-1,-1,-1
563,138,0.00,106.86,31.68,250.70,0.5168,-1,-1,-1
563,136,578.24,41.12,61.63,406.52,0.8315,-1,-1,-1
563,131,473.67,42.83,129.39,430.91,0.6249,-1,-1,-1
563,129,96.01,63.85,107.54,317.66,0.8175,-1,-1,-1
563,90,234.11,2.37,217.47,477.63,0.9244,-1,-1,-1
564,139,412.80,79.03,73.60,280.25,0.7102,-1,-1,-1
564,136,582.42,41.18,57.28,410.61,0.6634,-1,-1,-1
564,131,516.49,37.55,111.17,434.62,0.5520,-1,-1,-1
564,129,85.61,57.24,117.07,331.51,0.8687,-1,-1,-1
564,120,585.50,42.66,54.29,207.63,0.5324,-1,-1,-1
564,90,232.33,1.72,216.91,478.28,0.9036,-1,-1,-1
565,143,0.05,174.85,15.17,76.41,0.3708,-1,-1,-1
565,139,413.55,73.80,83.84,299.52,0.7918,-1,-1,-1
565,131,480.48,25.43,159.52,454.22,0.8272,-1,-1,-1
565,129,73.61,47.64,116.55,352.11,0.8585,-1,-1,-1
565,90,233.71,0.80,214.00,477.52,0.9221,-1,-1,-1
566,139,421.05,63.30,82.46,318.10,0.8403,-1,-1,-1
566,131,501.39,79.45,138.54,400.55,0.5174,-1,-1,-1
566,129,58.13,37.91,126.75,367.64,0.8917,-1,-1,-1
566,90,231.64,0.77,211.64,478.67,0.9175,-1,-1,-1
567,139,424.33,52.55,90.37,337.37,0.8584,-1,-1,-1
567,131,530.18,75.16,109.56,403.97,0.8255,-1,-1,-1
567,129,39.86,23.12,133.85,392.78,0.9007,-1,-1,-1
567,90,231.46,0.92,203.70,474.33,0.9195,-1,-1,-1
568,143,0.03,181.01,13.22,74.82,0.3830,-1,-1,-1
568,139,424.20,43.12,106.26,357.96,0.8648,-1,-1,-1
568,131,538.95,58.81,100.92,419.40,0.6949,-1,-1,-1
568,129,21.66,14.12,144.09,410.47,0.9122,-1,-1,-1
568,90,228.95,0.71,201.82,471.00,0.9186,-1,-1,-1
569,139,417.18,24.37,129.35,383.02,0.8650,-1,-1,-1
569,131,567.64,51.97,72.29,428.03,0.4813,-1,-1,-1
569,129,0.00,0.00,149.70,447.58,0.9100,-1,-1,-1
569,90,219.77,0.49,202.99,475.62,0.9236,-1,-1,-1
570,139,425.73,11.12,131.48,403.13,0.8621,-1,-1,-1
570,131,562.55,46.43,77.31,371.62,0.6267,-1,-1,-1
570,129,0.00,0.58,140.07,432.29,0.9159,-1,-1,-1
570,90,210.86,0.48,209.23,476.39,0.9178,-1,-1,-1
571,139,433.84,1.10,141.95,430.19,0.8685,-1,-1,-1
571,131,565.42,53.80,74.58,366.13,0.8798,-1,-1,-1
571,129,0.00,0.00,122.65,446.14,0.8978,-1,-1,-1
571,90,191.19,0.00,229.93,477.63,0.9079,-1,-1,-1
572,139,440.73,0.33,151.27,448.83,0.8796,-1,-1,-1
572,131,571.22,61.20,68.64,310.91,0.7342,-1,-1,-1
572,129,0.20,1.20,109.21,455.48,0.8826,-1,-1,-1
572,90,182.90,0.00,236.51,476.52,0.9157,-1,-1,-1
573,142,591.67,71.88,48.16,317.96,0.4268,-1,-1,-1
573,139,443.94,0.82,178.03,478.12,0.8489,-1,-1,-1
573,129,0.22,18.30,95.44,454.72,0.8323,-1,-1,-1
573,90,178.75,0.03,243.55,478.94,0.9161,-1,-1,-1
574,139,457.04,0.11,178.71,479.89,0.9044,-1,-1,-1
574,90,181.14,0.00,250.07,478.00,0.9135,-1,-1,-1
575,139,466.67,0.52,173.02,478.54,0.9145,-1,-1,-1
575,90,191.92,0.00,244.67,477.16,0.9049,-1,-1,-1
576,139,481.25,0.62,158.51,479.38,0.9070,-1,-1,-1
576,90,201.04,0.00,242.51,479.74,0.9184,-1,-1,-1
577,139,495.40,0.86,144.57,477.07,0.8957,-1,-1,-1
577,90,207.33,0.00,242.78,480.00,0.9225,-1,-1,-1
578,139,519.64,1.25,120.20,478.75,0.7284,-1,-1,-1
578,90,215.86,0.24,239.49,479.76,0.9245,-1,-1,-1
579,139,501.10,220.36,125.83,190.85,0.5018,-1,-1,-1
579,90,224.68,0.27,234.97,479.73,0.9073,-1,-1,-1
580,139,501.06,65.08,126.84,348.81,0.8443,-1,-1,-1
580,90,235.81,0.43,231.39,476.14,0.9166,-1,-1,-1
581,144,216.16,147.94,47.64,135.60,0.7863,-1,-1,-1
581,139,505.75,68.56,84.92,327.84,0.7162,-1,-1,-1
581,131,568.57,110.27,71.13,268.39,0.5693,-1,-1,-1
581,90,253.87,0.06,234.00,478.81,0.9243,-1,-1,-1
582,144,210.66,150.21,54.71,136.83,0.8264,-1,-1,-1
582,139,497.77,70.28,85.79,325.57,0.6033,-1,-1,-1
582,90,257.43,0.19,238.11,476.12,0.9218,-1,-1,-1
583,144,205.87,160.05,59.34,138.37,0.7322,-1,-1,-1
583,139,499.14,81.57,77.42,322.09,0.6862,-1,-1,-1
583,138,0.16,189.45,48.22,189.66,0.3302,-1,-1,-1
583,131,529.83,115.18,110.06,292.81,0.6703,-1,-1,-1
583,90,261.56,0.00,253.33,477.55,0.9171,-1,-1,-1
584,144,203.73,159.41,58.68,143.49,0.7190,-1,-1,-1
584,131,508.43,97.52,120.48,319.59,0.5044,-1,-1,-1
584,129,0.39,0.00,92.77,429.50,0.3713,-1,-1,-1
584,90,265.76,0.00,270.76,476.78,0.9155,-1,-1,-1
585,145,544.88,117.95,61.51,236.60,0.4548,-1,-1,-1
585,144,201.25,149.27,55.89,151.24,0.7363,-1,-1,-1
585,129,0.23,0.02,111.98,473.48,0.6187,-1,-1,-1
585,90,271.26,0.20,280.34,474.59,0.9072,-1,-1,-1
586,145,534.14,121.00,69.80,259.35,0.7515,-1,-1,-1
586,144,197.60,144.20,59.33,161.47,0.8081,-1,-1,-1
586,139,457.13,94.26,127.36,320.04,0.3595,-1,-1,-1
586,138,0.43,152.82,62.45,326.17,0.3165,-1,-1,-1
586,129,0.24,0.00,116.81,475.20,0.5809,-1,-1,-1
586,90,275.48,0.00,277.07,472.98,0.9011,-1,-1,-1
587,145,521.93,117.61,69.47,255.65,0.6566,-1,-1,-1
587,144,187.90,142.79,61.11,160.70,0.8178,-1,-1,-1
587,139,458.25,137.83,95.96,259.72,0.5201,-1,-1,-1
587,129,0.40,0.00,110.42,477.26,0.6816,-1,-1,-1
587,90,277.13,0.00,260.51,471.70,0.9128,-1,-1,-1
588,145,514.83,123.99,71.34,250.91,0.7259,-1,-1,-1
588,144,180.25,146.10,59.68,164.24,0.8344,-1,-1,-1
588,139,456.25,177.13,72.96,214.98,0.5847,-1,-1,-1
588,129,0.44,0.00,103.36,478.11,0.6460,-1,-1,-1
588,90,274.14,0.00,251.50,480.00,0.9157,-1,-1,-1
589,145,471.01,128.66,95.17,244.03,0.6391,-1,-1,-1
589,144,154.29,143.82,64.67,172.51,0.7227,-1,-1,-1
589,129,0.67,0.89,96.22,476.30,0.6295,-1,-1,-1
589,90,245.45,0.00,253.20,479.72,0.9051,-1,-1,-1
590,145,458.96,125.67,97.71,245.49,0.7958,-1,-1,-1
590,144,141.12,140.23,69.43,178.53,0.8217,-1,-1,-1
590,138,0.15,3.29,40.40,473.53,0.3519,-1,-1,-1
590,129,0.69,2.03,99.13,469.38,0.3442,-1,-1,-1
590,90,232.46,0.00,256.64,478.10,0.8835,-1,-1,-1
591,145,447.53,122.78,90.81,244.15,0.6491,-1,-1,-1
591,144,124.12,140.28,66.59,183.33,0.8122,-1,-1,-1
591,129,0.28,0.00,115.57,471.16,0.6635,-1,-1,-1
591,90,202.66,0.01,267.45,479.37,0.8732,-1,-1,-1
592,145,404.58,125.89,108.13,261.15,0.7553,-1,-1,-1
592,144,104.82,143.79,72.91,196.13,0.8584,-1,-1,-1
592,138,0.05,1.26,73.09,375.31,0.7702,-1,-1,-1
592,90,186.96,0.00,261.49,478.33,0.8745,-1,-1,-1
593,145,376.20,122.91,97.88,253.83,0.3702,-1,-1,-1
593,144,84.08,131.30,76.62,208.99,0.8117,-1,-1,-1
593,129,0.21,12.64,107.22,466.97,0.4018,-1,-1,-1
593,90,193.79,0.00,252.46,479.69,0.8938,-1,-1,-1
594,144,72.68,123.60,77.47,214.82,0.8333,-1,-1,-1
594,129,0.08,28.86,96.15,449.56,0.5647,-1,-1,-1
594,90,192.63,0.44,246.30,478.65,0.8991,-1,-1,-1
595,145,404.91,125.50,68.84,240.29,0.4694,-1,-1,-1
595,144,43.32,118.17,92.68,230.42,0.7863,-1,-1,-1
595,90,193.60,0.32,240.86,479.68,0.9078,-1,-1,-1
596,145,369.65,125.61,81.10,261.09,0.5815,-1,-1,-1
596,144,35.54,110.13,91.38,238.19,0.8216,-1,-1,-1
596,138,0.39,39.60,45.20,312.22,0.4009,-1,-1,-1
596,90,192.06,0.25,234.24,479.75,0.9078,-1,-1,-1
597,146,170.50,152.88,42.03,147.05,0.7699,-1,-1,-1
597,145,360.01,138.71,85.17,243.11,0.3713,-1,-1,-1
597,144,27.48,105.05,87.92,246.25,0.7980,-1,-1,-1
597,138,0.21,57.28,37.29,297.20,0.5669,-1,-1,-1
597,90,197.61,0.01,221.99,478.39,0.9004,-1,-1,-1
598,147,611.59,224.44,28.18,116.41,0.4744,-1,-1,-1
598,146,156.19,154.48,56.18,149.70,0.7754,-1,-1,-1
598,144,15.17,105.93,86.08,251.95,0.7667,-1,-1,-1
598,138,0.39,122.01,34.83,233.17,0.4544,-1,-1,-1
598,90,200.80,0.00,218.20,478.01,0.9109,-1,-1,-1
599,147,605.22,193.76,34.57,147.61,0.6155,-1,-1,-1
599,146,149.25,152.14,60.36,152.64,0.8054,-1,-1,-1
599,145,372.55,139.18,55.15,230.16,0.4023,-1,-1,-1
599,144,0.20,100.69,92.19,281.54,0.8243,-1,-1,-1
599,90,198.62,0.00,225.47,477.09,0.9033,-1,-1,-1
600,147,596.72,143.04,43.17,208.34,0.6040,-1,-1,-1
600,146,145.66,153.45,60.81,159.78,0.8115,-1,-1,-1
600,144,0.23,95.84,70.76,274.77,0.8680,-1,-1,-1
600,90,200.05,1.01,235.28,475.13,0.9121,-1,-1,-1
601,147,594.76,131.53,45.14,224.66,0.5685,-1,-1,-1
601,146,140.42,153.17,61.95,163.75,0.8202,-1,-1,-1
601,144,0.15,134.50,54.73,238.28,0.4185,-1,-1,-1
601,90,196.17,0.59,239.71,479.26,0.9209,-1,-1,-1
602,147,590.60,114.52,49.23,244.45,0.5302,-1,-1,-1
602,146,139.51,150.69,58.52,167.52,0.8202,-1,-1,-1
602,90,190.70,0.00,246.85,480.00,0.9112,-1,-1,-1
603,147,588.61,109.23,51.28,254.71,0.5831,-1,-1,-1
603,146,131.82,152.22,63.21,173.38,0.8622,-1,-1,-1
603,138,0.22,190.56,33.23,276.20,0.3075,-1,-1,-1
603,90,191.96,0.18,238.62,479.82,0.9084,-1,-1,-1
604,147,582.44,105.91,57.44,371.18,0.4695,-1,-1,-1
604,146,130.55,147.48,68.79,179.00,0.8127,-1,-1,-1
604,145,368.28,179.17,64.26,192.54,0.3788,-1,-1,-1
604,138,0.23,222.69,50.72,212.37,0.6250,-1,-1,-1
604,90,192.79,0.00,231.52,480.00,0.9058,-1,-1,-1
605,149,198.20,161.44,47.70,211.87,0.3347,-1,-1,-1
605,147,586.68,98.83,53.30,254.66,0.5184,-1,-1,-1
605,146,128.91,143.77,68.12,183.32,0.8074,-1,-1,-1
605,145,372.76,185.24,53.34,185.32,0.3233,-1,-1,-1
605,138,0.15,216.90,63.75,201.44,0.4962,-1,-1,-1
605,90,197.79,0.00,217.33,479.32,0.9086,-1,-1,-1
606,147,592.06,98.50,47.89,379.98,0.4643,-1,-1,-1
606,146,125.18,139.66,70.05,184.73,0.8114,-1,-1,-1
606,138,0.12,215.69,68.62,264.31,0.4063,-1,-1,-1
606,90,200.85,0.00,210.35,478.42,0.9110,-1,-1,-1
607,146,115.37,132.75,77.95,195.73,0.8302,-1,-1,-1
607,138,0.24,194.29,69.09,222.50,0.4393,-1,-1,-1
607,90,196.95,1.13,211.22,478.87,0.9039,-1,-1,-1
608,149,191.35,155.32,57.83,225.55,0.3296,-1,-1,-1
608,146,95.81,131.31,92.59,203.35,0.8437,-1,-1,-1
608,144,0.28,171.09,40.46,172.10,0.4890,-1,-1,-1
608,90,193.37,0.00,215.10,480.00,0.9087,-1,-1,-1
609,149,196.30,142.85,55.21,235.88,0.5583,-1,-1,-1
609,146,93.05,124.84,95.06,213.08,0.8684,-1,-1,-1
609,90,199.11,0.27,221.98,479.73,0.9003,-1,-1,-1
610,146,93.90,122.95,84.74,221.48,0.8498,-1,-1,-1
610,90,208.79,0.00,221.68,480.00,0.7993,-1,-1,-1
611,149,196.26,148.01,59.85,237.83,0.6504,-1,-1,-1
611,146,92.48,124.44,82.02,227.69,0.8526,-1,-1,-1
611,138,0.00,21.29,68.24,444.86,0.3115,-1,-1,-1
611,90,225.74,0.00,211.97,480.00,0.8659,-1,-1,-1
612,150,161.07,167.66,38.07,122.44,0.7494,-1,-1,-1
612,149,191.29,138.97,71.77,245.39,0.4077,-1,-1,-1
612,146,78.40,115.53,85.79,239.73,0.8632,-1,-1,-1
612,138,0.00,16.89,71.19,307.14,0.5222,-1,-1,-1
612,90,230.13,0.00,222.17,480.00,0.8848,-1,-1,-1
613,150,152.33,162.24,44.63,124.95,0.7299,-1,-1,-1
613,149,184.49,136.60,85.93,231.91,0.5147,-1,-1,-1
613,146,55.60,107.70,101.00,244.60,0.8603,-1,-1,-1
613,138,0.13,19.88,75.56,304.12,0.7610,-1,-1,-1
613,90,229.24,0.00,231.08,480.00,0.8774,-1,-1,-1
614,150,139.29,158.11,48.90,131.08,0.7540,-1,-1,-1
614,149,173.57,106.08,90.98,260.87,0.8664,-1,-1,-1
614,146,48.33,98.77,92.90,267.44,0.8847,-1,-1,-1
614,138,0.00,29.96,74.68,308.32,0.7067,-1,-1,-1
614,90,246.87,0.00,228.15,477.99,0.8817,-1,-1,-1
615,150,135.58,157.22,49.73,132.92,0.7920,-1,-1,-1
615,149,180.69,106.43,83.93,265.01,0.8632,-1,-1,-1
615,146,48.83,95.03,87.39,274.25,0.8383,-1,-1,-1
615,138,0.18,20.96,71.65,387.22,0.7937,-1,-1,-1
615,90,260.36,0.08,219.70,478.00,0.8894,-1,-1,-1
616,150,128.76,151.74,53.53,139.05,0.8218,-1,-1,-1
616,149,186.41,107.50,78.47,269.78,0.8399,-1,-1,-1
616,146,51.37,89.34,75.49,266.51,0.7538,-1,-1,-1
616,138,0.20,7.21,78.85,445.28,0.6317,-1,-1,-1
616,90,273.78,0.00,222.56,480.00,0.8926,-1,-1,-1
617,151,249.88,130.53,31.18,170.32,0.3039,-1,-1,-1
617,150,126.22,144.68,55.85,143.09,0.7973,-1,-1,-1
617,149,184.30,101.77,79.52,270.61,0.8540,-1,-1,-1
617,146,45.09,76.69,75.02,203.25,0.6213,-1,-1,-1
617,144,0.33,143.96,54.84,315.91,0.3954,-1,-1,-1
617,138,0.18,1.86,86.85,456.86,0.4683,-1,-1,-1
617,90,278.02,0.00,225.77,479.34,0.8882,-1,-1,-1
618,152,265.11,95.83,50.37,255.66,0.7245,-1,-1,-1
618,151,239.42,126.51,41.25,161.16,0.3302,-1,-1,-1
618,150,108.16,138.87,66.71,150.00,0.7921,-1,-1,-1
618,149,178.71,97.47,75.70,272.30,0.8549,-1,-1,-1
618,146,35.82,56.40,64.53,166.36,0.3184,-1,-1,-1
618,138,0.08,0.00,91.45,478.98,0.8147,-1,-1,-1
618,90,275.37,0.00,229.44,478.96,0.8938,-1,-1,-1
619,152,259.42,93.34,58.48,262.39,0.7925,-1,-1,-1
619,151,233.79,123.58,41.80,175.00,0.5732,-1,-1,-1
619,150,102.23,137.03,53.42,151.38,0.8065,-1,-1,-1
619,149,170.49,96.58,75.09,267.70,0.8632,-1,-1,-1
619,138,0.28,0.17,96.69,477.61,0.8445,-1,-1,-1
619,90,272.61,0.00,230.69,480.00,0.9011,-1,-1,-1
620,152,257.71,91.76,64.49,267.12,0.8102,-1,-1,-1
620,151,233.49,125.08,42.04,175.34,0.6493,-1,-1,-1
620,150,92.85,136.16,61.60,157.72,0.8080,-1,-1,-1
620,149,168.53,94.87,72.08,262.35,0.8336,-1,-1,-1
620,138,0.26,1.48,103.85,474.38,0.8454,-1,-1,-1
620,90,273.26,0.00,226.90,480.00,0.8565,-1,-1,-1
621,152,259.28,102.36,66.59,262.69,0.8151,-1,-1,-1
621,151,238.06,134.53,38.89,175.97,0.7011,-1,-1,-1
621,150,92.77,141.20,63.20,161.82,0.7954,-1,-1,-1
621,149,171.18,104.59,70.85,264.94,0.7977,-1,-1,-1
621,138,0.07,2.58,103.28,477.36,0.8804,-1,-1,-1
621,90,293.49,0.28,200.90,477.37,0.8910,-1,-1,-1
622,152,265.19,112.09,60.65,267.78,0.8253,-1,-1,-1
622,151,242.74,144.36,34.06,168.30,0.6812,-1,-1,-1
622,150,93.32,143.80,61.18,161.81,0.8020,-1,-1,-1
622,149,175.42,112.90,70.62,266.23,0.8545,-1,-1,-1
622,138,0.06,0.00,117.49,480.00,0.8905,-1,-1,-1
622,90,310.54,0.47,187.87,479.53,0.9046,-1,-1,-1
623,152,263.71,119.01,60.83,265.29,0.8260,-1,-1,-1
623,151,240.67,152.06,31.91,165.08,0.7132,-1,-1,-1
623,150,94.12,142.79,53.79,144.31,0.7314,-1,-1,-1
623,149,172.36,118.70,72.43,267.17,0.8563,-1,-1,-1
623,138,0.21,2.90,122.08,475.46,0.8237,-1,-1,-1
623,90,310.37,0.62,185.92,479.38,0.9139,-1,-1,-1
624,152,258.47,119.93,68.60,263.60,0.8273,-1,-1,-1
624,151,239.54,155.67,29.85,165.38,0.5110,-1,-1,-1
624,150,87.27,120.40,50.05,145.78,0.4269,-1,-1,-1
624,149,167.53,122.74,77.45,266.05,0.8212,-1,-1,-1
624,138,0.00,0.68,117.74,479.32,0.6560,-1,-1,-1
624,90,306.35,0.00,186.21,478.75,0.9197,-1,-1,-1
625,152,247.09,116.34,79.53,252.52,0.8592,-1,-1,-1
625,149,164.81,116.94,83.95,267.84,0.7983,-1,-1,-1
625,129,0.00,74.04,87.69,404.40,0.6966,-1,-1,-1
625,90,306.67,0.00,188.03,479.70,0.9171,-1,-1,-1
626,152,251.80,110.39,74.92,252.62,0.8530,-1,-1,-1
626,149,157.21,113.69,99.62,266.38,0.8228,-1,-1,-1
626,129,0.31,74.37,93.75,403.85,0.6197,-1,-1,-1
626,90,308.20,0.00,198.17,479.07,0.9133,-1,-1,-1
627,152,256.65,105.43,69.59,257.43,0.8541,-1,-1,-1
627,149,177.16,106.03,79.38,258.51,0.7840,-1,-1,-1
627,138,0.21,0.71,143.69,479.29,0.6256,-1,-1,-1
627,90,311.27,0.00,212.64,478.79,0.9044,-1,-1,-1
628,152,258.29,103.07,74.64,259.68,0.8704,-1,-1,-1
628,149,177.46,99.10,82.25,261.32,0.8363,-1,-1,-1
628,138,0.41,1.09,153.42,478.91,0.6087,-1,-1,-1
628,90,318.78,0.00,229.71,479.34,0.9194,-1,-1,-1
629,152,267.83,112.32,75.81,257.32,0.8297,-1,-1,-1
629,149,187.94,107.24,80.52,262.69,0.8101,-1,-1,-1
629,138,0.41,1.77,165.46,478.11,0.6193,-1,-1,-1
629,90,329.58,0.00,253.92,477.49,0.8933,-1,-1,-1
630,153,161.91,132.72,53.78,183.88,0.7469,-1,-1,-1
630,152,276.57,114.32,74.12,257.19,0.8098,-1,-1,-1
630,149,190.22,114.07,90.29,261.77,0.7740,-1,-1,-1
630,138,0.08,1.34,179.26,477.55,0.8126,-1,-1,-1
630,90,342.81,0.00,268.68,480.00,0.8930,-1,-1,-1
631,153,167.01,129.88,58.28,192.94,0.7460,-1,-1,-1
631,152,286.55,114.11,76.79,253.65,0.8255,-1,-1,-1
631,149,216.96,116.21,70.20,262.00,0.8262,-1,-1,-1
631,138,0.75,0.30,194.49,477.09,0.8904,-1,-1,-1
631,90,354.53,0.00,271.41,475.53,0.8940,-1,-1,-1
632,153,174.95,132.06,51.87,130.27,0.4531,-1,-1,-1
632,152,290.57,116.60,75.91,243.37,0.8495,-1,-1,-1
632,149,223.62,118.87,64.42,260.49,0.8479,-1,-1,-1
632,138,1.84,0.76,196.60,478.69,0.8934,-1,-1,-1
632,90,366.53,0.00,262.63,477.62,0.9166,-1,-1,-1
633,153,177.04,130.13,51.21,246.51,0.5306,-1,-1,-1
633,152,299.04,114.60,73.74,247.01,0.8504,-1,-1,-1
633,149,230.73,116.95,62.90,253.26,0.8411,-1,-1,-1
633,144,0.28,92.10,46.84,254.42,0.6200,-1,-1,-1
633,138,22.27,0.41,188.18,479.59,0.8634,-1,-1,-1
633,90,384.89,0.00,254.62,480.00,0.9047,-1,-1,-1
634,152,307.68,113.49,71.22,248.37,0.8356,-1,-1,-1
634,149,235.53,111.98,65.34,253.03,0.8294,-1,-1,-1
634,144,0.30,65.55,56.03,315.01,0.7633,-1,-1,-1
634,138,34.26,0.00,167.91,480.00,0.7761,-1,-1,-1
634,90,401.83,0.00,237.29,476.99,0.9107,-1,-1,-1
635,152,315.90,116.56,72.17,248.15,0.8468,-1,-1,-1
635,149,242.62,114.12,63.87,249.31,0.8128,-1,-1,-1
635,138,37.64,0.61,197.61,479.39,0.8726,-1,-1,-1
635,90,417.64,0.00,221.54,480.00,0.9113,-1,-1,-1
636,154,289.42,140.94,39.36,167.28,0.4239,-1,-1,-1
636,152,314.76,115.84,71.26,244.62,0.8228,-1,-1,-1
636,149,235.31,117.11,69.96,247.03,0.7759,-1,-1,-1
636,138,36.48,1.44,207.96,477.51,0.8501,-1,-1,-1
636,90,417.84,0.00,221.98,479.04,0.9127,-1,-1,-1
637,154,291.50,140.53,36.53,166.87,0.5517,-1,-1,-1
637,152,314.27,115.72,69.43,239.94,0.8092,-1,-1,-1
637,149,244.19,118.96,60.63,240.51,0.7584,-1,-1,-1
637,138,49.21,0.38,196.53,479.62,0.8327,-1,-1,-1
637,90,419.49,0.89,220.26,479.11,0.9243,-1,-1,-1
638,152,312.67,113.81,70.27,232.71,0.8094,-1,-1,-1
638,149,248.27,117.78,59.07,229.18,0.8277,-1,-1,-1
638,138,61.75,0.00,190.71,480.00,0.8365,-1,-1,-1
638,90,417.70,1.01,221.93,478.95,0.9153,-1,-1,-1
639,154,291.62,138.01,37.27,158.94,0.3381,-1,-1,-1
639,152,309.62,111.85,73.20,236.93,0.8497,-1,-1,-1
639,149,248.52,114.19,57.36,231.98,0.8172,-1,-1,-1
639,138,65.77,0.71,181.91,479.29,0.7916,-1,-1,-1
639,90,404.41,0.66,235.37,478.31,0.8978,-1,-1,-1
640,152,302.97,113.43,78.01,237.94,0.8379,-1,-1,-1
640,149,242.93,112.92,60.81,236.10,0.8113,-1,-1,-1
640,138,19.32,0.97,224.52,479.03,0.8316,-1,-1,-1
640,90,404.76,0.98,234.92,479.02,0.8852,-1,-1,-1
641,152,297.49,118.43,75.10,236.55,0.8269,-1,-1,-1
641,149,237.63,118.79,61.65,237.78,0.7443,-1,-1,-1
641,138,22.86,0.59,219.53,478.91,0.8211,-1,-1,-1
641,129,1.02,61.70,123.16,346.37,0.7203,-1,-1,-1
641,90,414.47,0.26,225.16,478.01,0.9248,-1,-1,-1
642,152,294.41,120.86,75.85,234.96,0.8351,-1,-1,-1
642,149,237.41,122.66,60.17,239.81,0.7455,-1,-1,-1
642,144,0.15,75.29,32.27,341.27,0.4762,-1,-1,-1
642,138,20.57,0.00,219.43,477.36,0.8589,-1,-1,-1
642,129,10.34,46.35,89.92,333.94,0.5941,-1,-1,-1
642,90,406.11,0.32,231.68,479.68,0.9189,-1,-1,-1
643,152,294.38,120.10,74.25,233.54,0.8121,-1,-1,-1
643,149,234.29,122.79,61.22,237.32,0.7142,-1,-1,-1
643,138,33.17,2.87,203.19,477.13,0.7260,-1,-1,-1
643,129,0.18,29.09,80.89,377.90,0.7639,-1,-1,-1
643,90,402.08,0.31,233.78,478.80,0.9265,-1,-1,-1
644,155,275.57,150.18,28.34,154.36,0.4364,-1,-1,-1
644,152,293.48,123.11,71.66,227.00,0.8342,-1,-1,-1
644,149,216.89,127.03,71.44,234.76,0.6471,-1,-1,-1
644,138,17.94,6.62,211.52,472.57,0.9028,-1,-1,-1
644,129,0.29,34.74,53.69,252.27,0.6063,-1,-1,-1
644,90,398.13,0.34,237.33,477.19,0.9290,-1,-1,-1
645,155,270.39,145.17,30.18,160.33,0.5117,-1,-1,-1
645,152,288.67,119.91,69.46,231.68,0.8561,-1,-1,-1
645,149,222.23,125.79,57.88,228.47,0.7901,-1,-1,-1
645,144,0.06,96.93,26.58,178.05,0.3135,-1,-1,-1
645,138,42.64,0.33,181.47,479.67,0.8685,-1,-1,-1
645,90,394.15,0.15,244.87,476.98,0.9311,-1,-1,-1
646,155,264.95,145.10,27.30,112.29,0.5346,-1,-1,-1
646,152,284.51,122.17,66.20,230.79,0.7914,-1,-1,-1
646,149,221.03,124.45,54.84,208.43,0.7904,-1,-1,-1
646,138,63.96,0.00,159.01,480.00,0.8938,-1,-1,-1
646,90,388.99,0.10,250.35,474.86,0.9146,-1,-1,-1
647,155,255.31,149.74,33.50,156.12,0.6767,-1,-1,-1
647,152,280.64,125.58,66.32,230.50,0.7967,-1,-1,-1
647,149,219.17,125.67,52.26,191.70,0.8151,-1,-1,-1
647,138,66.74,0.00,155.98,479.65,0.8976,-1,-1,-1
647,90,387.46,0.53,251.88,475.91,0.9191,-1,-1,-1
648,155,255.03,151.53,33.75,152.19,0.6557,-1,-1,-1
648,152,280.08,129.60,65.71,228.27,0.7822,-1,-1,-1
648,149,218.08,130.31,50.99,194.57,0.7352,-1,-1,-1
648,138,66.83,0.42,155.28,479.58,0.9028,-1,-1,-1
648,90,389.42,0.47,250.11,475.36,0.9145,-1,-1,-1
649,155,255.32,155.28,32.42,148.91,0.6810,-1,-1,-1
649,152,278.80,132.57,66.10,226.90,0.7800,-1,-1,-1
649,149,217.42,138.16,51.91,205.29,0.7169,-1,-1,-1
649,138,63.08,2.81,157.49,477.19,0.8981,-1,-1,-1
649,90,389.68,0.63,249.69,477.55,0.9204,-1,-1,-1
650,152,274.60,130.49,70.13,221.52,0.7992,-1,-1,-1
650,149,215.45,138.67,54.20,204.79,0.8069,-1,-1,-1
650,138,58.64,6.42,161.27,473.58,0.8956,-1,-1,-1
650,90,389.82,0.28,249.41,476.82,0.9206,-1,-1,-1
651,152,259.12,121.75,76.62,219.59,0.8028,-1,-1,-1
651,149,206.70,124.64,55.98,220.26,0.7677,-1,-1,-1
651,138,36.93,0.00,173.70,479.68,0.8886,-1,-1,-1
651,90,388.63,0.00,250.64,479.62,0.8971,-1,-1,-1
652,152,258.16,127.10,75.17,221.59,0.8353,-1,-1,-1
652,149,204.29,128.26,58.54,220.87,0.8175,-1,-1,-1
652,138,38.42,1.35,172.43,476.88,0.8966,-1,-1,-1
652,90,391.80,0.00,247.45,475.97,0.9024,-1,-1,-1
653,152,259.53,135.16,71.49,223.26,0.8489,-1,-1,-1
653,149,204.24,135.53,57.70,221.30,0.8145,-1,-1,-1
653,138,39.59,5.21,173.52,474.79,0.8762,-1,-1,-1
653,90,394.76,0.64,243.80,479.07,0.8967,-1,-1,-1
654,152,260.22,130.59,69.53,223.17,0.8314,-1,-1,-1
654,149,201.70,132.56,57.57,220.93,0.7885,-1,-1,-1
654,138,32.87,0.00,180.05,480.00,0.8887,-1,-1,-1
654,90,393.94,0.07,244.74,479.03,0.9116,-1,-1,-1
655,152,263.51,131.52,68.82,222.87,0.8482,-1,-1,-1
655,149,192.88,134.63,68.11,220.28,0.8413,-1,-1,-1
655,138,19.60,0.00,196.39,480.00,0.8750,-1,-1,-1
655,90,392.00,0.00,243.89,479.22,0.9175,-1,-1,-1
656,152,266.69,129.91,66.28,219.71,0.8447,-1,-1,-1
656,149,203.88,134.16,55.78,220.18,0.7752,-1,-1,-1
656,138,10.23,0.67,208.62,479.33,0.8913,-1,-1,-1
656,90,388.33,0.04,247.26,479.96,0.8977,-1,-1,-1
657,152,271.94,120.57,69.32,213.73,0.8607,-1,-1,-1
657,149,212.23,124.81,52.08,211.08,0.7780,-1,-1,-1
657,138,15.47,5.51,207.28,471.51,0.9124,-1,-1,-1
657,90,372.41,0.53,265.09,477.49,0.8913,-1,-1,-1
658,152,275.99,119.28,68.82,213.68,0.8460,-1,-1,-1
658,149,218.01,125.37,51.84,207.54,0.8041,-1,-1,-1
658,138,29.62,9.57,196.18,467.10,0.8965,-1,-1,-1
658,90,380.96,0.75,254.64,477.01,0.8927,-1,-1,-1
659,152,281.04,120.03,68.33,215.62,0.8333,-1,-1,-1
659,149,218.56,127.70,56.69,197.14,0.7766,-1,-1,-1
659,138,61.39,8.87,164.84,471.13,0.9093,-1,-1,-1
659,90,385.54,0.25,239.36,479.58,0.9049,-1,-1,-1
660,152,275.71,130.53,68.85,213.23,0.8413,-1,-1,-1
660,149,209.46,135.71,60.58,192.09,0.7545,-1,-1,-1
660,138,79.45,9.95,142.16,465.27,0.8865,-1,-1,-1
660,90,389.76,0.19,235.73,479.23,0.8987,-1,-1,-1
661,152,274.87,131.85,69.10,207.99,0.8183,-1,-1,-1
661,149,208.85,137.81,61.45,191.12,0.6222,-1,-1,-1
661,138,86.00,4.17,139.30,474.15,0.8859,-1,-1,-1
661,90,391.32,0.10,239.24,475.95,0.9184,-1,-1,-1
662,157,43.61,136.53,56.95,198.27,0.6837,-1,-1,-1
662,152,274.16,131.41,66.66,213.32,0.8510,-1,-1,-1
662,149,217.92,138.61,54.98,161.32,0.4959,-1,-1,-1
662,138,88.38,2.66,137.53,477.34,0.8763,-1,-1,-1
662,90,388.14,0.00,250.67,479.04,0.8989,-1,-1,-1
663,157,35.30,128.61,69.88,214.00,0.7917,-1,-1,-1
663,152,274.55,130.76,67.01,205.60,0.8585,-1,-1,-1
663,149,224.45,137.12,51.37,158.71,0.5902,-1,-1,-1
663,138,89.48,4.65,145.63,475.17,0.8680,-1,-1,-1
663,90,390.77,0.25,248.51,475.24,0.8745,-1,-1,-1
664,157,2.60,124.64,99.84,219.62,0.7865,-1,-1,-1
664,152,274.17,131.03,68.20,204.15,0.8642,-1,-1,-1
664,149,223.95,135.49,52.00,157.51,0.6912,-1,-1,-1
664,138,89.55,9.47,139.85,438.49,0.8858,-1,-1,-1
664,90,392.07,0.35,247.40,474.92,0.9132,-1,-1,-1
665,157,5.92,112.88,85.29,232.91,0.8365,-1,-1,-1
665,156,82.41,151.91,32.82,185.17,0.4246,-1,-1,-1
665,152,276.99,129.41,69.72,203.63,0.8240,-1,-1,-1
665,149,225.89,132.26,52.02,163.06,0.8043,-1,-1,-1
665,138,93.95,15.47,138.00,464.53,0.8705,-1,-1,-1
665,90,402.39,0.08,237.50,479.92,0.9057,-1,-1,-1
666,157,2.62,105.75,83.60,240.02,0.8896,-1,-1,-1
666,156,80.52,155.54,35.43,182.61,0.4284,-1,-1,-1
666,152,278.27,126.75,67.24,207.06,0.8208,-1,-1,-1
666,149,227.06,131.48,52.25,164.53,0.8194,-1,-1,-1
666,138,96.73,13.57,137.74,464.69,0.8391,-1,-1,-1
666,90,415.34,0.59,224.61,477.81,0.8783,-1,-1,-1
667,157,0.12,97.07,82.58,250.39,0.8917,-1,-1,-1
667,156,76.29,94.94,47.78,243.28,0.6755,-1,-1,-1
667,152,279.64,127.89,67.19,207.06,0.8009,-1,-1,-1
667,149,234.36,133.26,45.53,160.17,0.7239,-1,-1,-1
667,138,99.45,11.72,133.80,467.92,0.8721,-1,-1,-1
667,90,432.50,0.55,207.47,478.76,0.8949,-1,-1,-1
668,158,388.41,107.03,80.49,262.12,0.4135,-1,-1,-1
668,157,0.23,96.33,75.83,259.46,0.8745,-1,-1,-1
668,156,70.11,95.84,51.33,258.49,0.7958,-1,-1,-1
668,152,284.08,131.24,66.73,204.36,0.8484,-1,-1,-1
668,149,235.79,136.69,49.65,167.05,0.7603,-1,-1,-1
668,138,110.57,11.56,133.82,468.08,0.8669,-1,-1,-1
668,90,449.41,0.77,190.23,479.23,0.9091,-1,-1,-1
669,158,381.34,100.39,99.93,271.02,0.7857,-1,-1,-1
669,157,0.20,89.58,64.29,264.71,0.8560,-1,-1,-1
669,156,60.36,89.22,60.41,268.97,0.7844,-1,-1,-1
669,152,288.06,125.05,65.15,196.94,0.8841,-1,-1,-1
669,149,233.32,131.14,55.62,157.58,0.5292,-1,-1,-1
669,138,92.60,4.20,154.15,453.10,0.8751,-1,-1,-1
669,90,457.91,0.76,181.69,479.19,0.9209,-1,-1,-1
670,158,403.15,103.59,86.28,262.94,0.8376,-1,-1,-1
670,157,0.20,92.55,53.21,266.18,0.8521,-1,-1,-1
670,156,49.17,83.78,71.91,287.03,0.6817,-1,-1,-1
670,152,290.13,123.85,65.13,198.33,0.8689,-1,-1,-1
670,149,234.35,128.90,56.82,191.12,0.7521,-1,-1,-1
670,138,86.81,6.92,165.19,459.30,0.8684,-1,-1,-1
670,90,461.77,1.09,177.85,478.91,0.9158,-1,-1,-1
671,158,392.52,113.80,94.68,267.05,0.7816,-1,-1,-1
671,157,0.08,120.36,45.15,248.42,0.8169,-1,-1,-1
671,156,37.48,85.15,83.17,307.41,0.7928,-1,-1,-1
671,152,290.31,131.66,66.58,198.95,0.8549,-1,-1,-1
671,149,244.09,136.76,46.67,192.33,0.7361,-1,-1,-1
671,138,73.03,19.57,181.54,454.23,0.8386,-1,-1,-1
671,90,465.00,1.39,174.70,477.11,0.9126,-1,-1,-1
672,158,399.74,126.73,85.08,271.09,0.8367,-1,-1,-1
672,157,0.00,129.70,25.51,259.69,0.6565,-1,-1,-1
672,156,20.68,84.13,98.36,329.75,0.8464,-1,-1,-1
672,152,291.39,142.66,63.99,201.25,0.8584,-1,-1,-1
672,149,250.53,149.07,40.54,184.95,0.7240,-1,-1,-1
672,138,100.89,40.55,153.86,438.42,0.7672,-1,-1,-1
672,90,467.05,1.13,172.62,478.15,0.8931,-1,-1,-1
673,158,403.78,111.43,89.11,275.27,0.8542,-1,-1,-1
673,156,0.56,58.56,117.15,352.12,0.8680,-1,-1,-1
673,152,295.22,134.28,63.12,198.20,0.8404,-1,-1,-1
673,149,253.88,140.62,41.96,179.30,0.7723,-1,-1,-1
673,138,112.00,30.58,141.54,449.24,0.8711,-1,-1,-1
673,90,460.47,0.00,179.14,480.00,0.8640,-1,-1,-1
674,158,400.01,102.77,82.32,270.52,0.8357,-1,-1,-1
674,156,0.04,38.54,112.74,374.68,0.8913,-1,-1,-1
674,152,292.69,127.59,59.01,197.64,0.8565,-1,-1,-1
674,149,248.89,135.02,46.20,183.05,0.7831,-1,-1,-1
674,138,86.13,23.76,158.88,456.24,0.7764,-1,-1,-1
674,90,461.45,1.40,178.29,478.60,0.8837,-1,-1,-1
675,158,393.41,108.95,81.35,265.59,0.8354,-1,-1,-1
675,156,0.03,29.54,89.46,394.55,0.8869,-1,-1,-1
675,152,287.90,135.93,57.70,187.62,0.8596,-1,-1,-1
675,149,231.25,138.81,60.36,183.82,0.6275,-1,-1,-1
675,138,96.87,21.76,139.44,458.24,0.8821,-1,-1,-1
675,90,484.36,0.95,155.26,479.05,0.9052,-1,-1,-1
676,158,383.05,116.00,89.27,264.74,0.7593,-1,-1,-1
676,156,0.08,19.69,71.03,411.08,0.8588,-1,-1,-1
676,152,282.93,138.91,57.47,189.47,0.8507,-1,-1,-1
676,149,239.82,141.56,45.36,188.80,0.8135,-1,-1,-1
676,138,96.71,23.07,140.53,447.02,0.8958,-1,-1,-1
676,90,475.50,1.64,164.06,478.36,0.8275,-1,-1,-1
677,158,388.22,115.93,86.72,269.96,0.7808,-1,-1,-1
677,156,0.14,27.71,51.31,408.02,0.7167,-1,-1,-1
677,152,284.96,138.84,58.80,189.92,0.8243,-1,-1,-1
677,149,241.93,140.33,45.59,186.89,0.8187,-1,-1,-1
677,138,95.21,19.13,147.55,449.31,0.8887,-1,-1,-1
677,90,476.36,1.03,163.27,478.59,0.8987,-1,-1,-1
678,158,386.50,113.24,87.29,274.92,0.8410,-1,-1,-1
678,157,0.00,134.06,45.41,152.06,0.3407,-1,-1,-1
678,152,281.04,136.83,60.50,191.90,0.8527,-1,-1,-1
678,149,240.02,139.92,43.52,182.14,0.8253,-1,-1,-1
678,138,105.13,17.09,134.60,457.90,0.8652,-1,-1,-1
678,90,472.52,0.76,167.15,477.21,0.9061,-1,-1,-1
679,159,80.69,161.91,44.28,159.84,0.5563,-1,-1,-1
679,158,381.80,118.64,93.53,275.41,0.7719,-1,-1,-1
679,152,281.14,142.04,59.42,192.40,0.8563,-1,-1,-1
679,149,238.56,148.07,44.36,197.09,0.7143,-1,-1,-1
679,138,107.25,29.11,128.87,450.89,0.8281,-1,-1,-1
679,90,468.50,0.75,171.00,479.25,0.8952,-1,-1,-1
680,159,74.18,156.53,52.11,171.07,0.5967,-1,-1,-1
680,158,379.57,120.70,94.36,278.64,0.7584,-1,-1,-1
680,152,280.19,144.49,59.59,192.99,0.8631,-1,-1,-1
680,149,236.89,152.93,46.94,199.28,0.7464,-1,-1,-1
680,138,104.67,38.96,132.61,417.67,0.8177,-1,-1,-1
680,90,467.61,0.97,172.02,479.03,0.9086,-1,-1,-1
681,159,61.03,133.28,58.37,195.90,0.7467,-1,-1,-1
681,158,375.58,117.52,92.03,280.27,0.8327,-1,-1,-1
681,157,5.34,180.92,69.36,124.30,0.3479,-1,-1,-1
681,152,276.06,142.72,61.47,186.86,0.8540,-1,-1,-1
681,149,235.32,149.93,44.84,176.89,0.7859,-1,-1,-1
681,138,103.52,42.00,133.57,424.55,0.7967,-1,-1,-1
681,90,468.21,1.10,171.34,478.90,0.9140,-1,-1,-1
682,159,47.52,127.50,70.80,214.67,0.7843,-1,-1,-1
682,158,371.49,113.69,90.97,272.92,0.8198,-1,-1,-1
682,152,276.08,140.13,59.10,188.38,0.8666,-1,-1,-1
682,149,230.38,146.19,46.89,181.34,0.7967,-1,-1,-1
682,138,98.71,33.80,140.77,446.20,0.8531,-1,-1,-1
682,90,474.67,0.95,165.01,478.32,0.9115,-1,-1,-1
683,159,45.16,125.38,67.01,226.11,0.7949,-1,-1,-1
683,158,348.88,113.06,103.70,273.87,0.6912,-1,-1,-1
683,152,275.73,140.94,58.21,185.39,0.8634,-1,-1,-1
683,149,235.61,146.49,40.65,181.36,0.7650,-1,-1,-1
683,138,96.91,35.87,144.34,443.83,0.8583,-1,-1,-1
683,90,481.97,1.10,157.68,476.90,0.9110,-1,-1,-1
684,159,32.16,112.44,80.11,242.22,0.7716,-1,-1,-1
684,158,352.01,108.28,99.08,282.54,0.7303,-1,-1,-1
684,152,270.70,137.85,61.72,189.56,0.8640,-1,-1,-1
684,149,226.85,143.31,47.26,185.24,0.6554,-1,-1,-1
684,138,93.56,25.64,143.29,436.99,0.8656,-1,-1,-1
684,90,490.19,0.88,149.43,479.12,0.9155,-1,-1,-1
685,159,14.54,106.59,93.22,251.68,0.5749,-1,-1,-1
685,158,349.64,111.41,103.46,280.76,0.7597,-1,-1,-1
685,152,273.08,136.60,61.31,190.01,0.8616,-1,-1,-1
685,149,210.35,141.32,64.95,203.99,0.7063,-1,-1,-1
685,138,81.92,24.03,156.75,443.99,0.8815,-1,-1,-1
685,90,495.29,1.17,144.37,478.83,0.9132,-1,-1,-1
686,159,13.81,92.24,85.81,266.17,0.7963,-1,-1,-1
686,158,357.95,111.11,92.67,284.29,0.7942,-1,-1,-1
686,152,271.00,135.71,59.44,189.46,0.8212,-1,-1,-1
686,149,220.23,142.94,53.61,193.83,0.4233,-1,-1,-1
686,138,76.15,26.24,160.82,453.76,0.8909,-1,-1,-1
686,90,495.41,1.04,144.19,478.25,0.8967,-1,-1,-1
687,159,0.00,82.23,90.09,280.51,0.8851,-1,-1,-1
687,158,361.12,108.30,89.15,289.60,0.8426,-1,-1,-1
687,152,272.15,135.81,58.68,184.20,0.8403,-1,-1,-1
687,149,234.23,143.44,40.48,141.74,0.5415,-1,-1,-1
687,138,78.17,31.90,158.96,448.10,0.8834,-1,-1,-1
687,90,496.06,0.66,143.57,479.34,0.9104,-1,-1,-1
688,159,0.00,73.49,79.94,289.39,0.8248,-1,-1,-1
688,158,357.93,103.31,93.86,287.74,0.8472,-1,-1,-1
688,152,266.65,130.65,59.20,185.08,0.7833,-1,-1,-1
688,149,229.43,138.82,37.48,139.57,0.5496,-1,-1,-1
688,138,63.51,32.57,167.33,447.43,0.8681,-1,-1,-1
688,90,491.20,0.95,148.59,478.81,0.9203,-1,-1,-1
689,161,305.47,151.80,45.28,137.92,0.6049,-1,-1,-1
689,159,0.09,69.16,69.93,292.74,0.7674,-1,-1,-1
689,158,357.96,104.83,88.92,281.19,0.8438,-1,-1,-1
689,152,264.26,132.23,59.66,185.47,0.8241,-1,-1,-1
689,149,223.62,141.31,43.51,176.10,0.7154,-1,-1,-1
689,138,88.62,33.54,139.47,446.43,0.8265,-1,-1,-1
689,90,475.85,0.00,163.75,478.83,0.8965,-1,-1,-1
690,161,307.70,151.98,48.46,139.39,0.7235,-1,-1,-1
690,159,0.08,79.64,63.51,294.27,0.6838,-1,-1,-1
690,158,357.56,102.64,84.68,278.03,0.8485,-1,-1,-1
690,152,262.09,133.61,57.12,186.43,0.8410,-1,-1,-1
690,149,219.09,140.43,45.98,179.66,0.6364,-1,-1,-1
690,138,82.14,31.67,144.77,448.33,0.8664,-1,-1,-1
690,90,441.53,0.00,198.13,479.94,0.8623,-1,-1,-1
691,161,309.09,153.58,47.09,139.67,0.8004,-1,-1,-1
691,159,0.10,90.11,51.92,181.06,0.5580,-1,-1,-1
691,158,352.65,102.29,87.66,284.04,0.8241,-1,-1,-1
691,152,260.74,137.72,59.32,187.11,0.8254,-1,-1,-1
691,149,217.42,144.46,46.42,212.48,0.4542,-1,-1,-1
691,138,105.14,30.35,126.12,442.46,0.8915,-1,-1,-1
691,90,450.81,0.00,188.88,478.80,0.8517,-1,-1,-1
692,162,52.26,134.70,61.83,183.60,0.7586,-1,-1,-1
692,161,310.87,151.85,49.67,143.40,0.7734,-1,-1,-1
692,159,0.09,88.24,39.82,201.16,0.5482,-1,-1,-1
692,158,352.86,103.60,87.06,287.28,0.8501,-1,-1,-1
692,152,259.99,141.34,59.25,184.41,0.8393,-1,-1,-1
692,149,227.13,147.14,35.00,123.07,0.4852,-1,-1,-1
692,138,109.70,29.94,124.36,435.00,0.8958,-1,-1,-1
692,90,497.05,1.71,142.82,474.84,0.8479,-1,-1,-1
693,162,40.19,128.59,70.16,192.99,0.7318,-1,-1,-1
693,161,316.69,145.08,48.53,146.79,0.6532,-1,-1,-1
693,159,0.10,109.99,39.92,201.63,0.3510,-1,-1,-1
693,158,352.10,101.22,96.96,289.71,0.7830,-1,-1,-1
693,152,262.41,131.63,59.82,186.49,0.8404,-1,-1,-1
693,149,229.65,141.76,35.11,119.28,0.3501,-1,-1,-1
693,138,115.04,23.73,126.34,448.10,0.8833,-1,-1,-1
693,90,503.17,1.01,136.47,477.70,0.8814,-1,-1,-1
694,162,19.59,125.04,82.04,196.30,0.7816,-1,-1,-1
694,161,317.94,136.44,45.26,123.91,0.4937,-1,-1,-1
694,158,349.74,95.98,93.01,291.72,0.7774,-1,-1,-1
694,152,261.36,129.00,61.87,181.09,0.8171,-1,-1,-1
694,149,226.14,137.40,37.84,138.03,0.3523,-1,-1,-1
694,138,119.86,25.24,117.43,448.23,0.8490,-1,-1,-1
694,90,423.44,1.46,216.16,474.48,0.8625,-1,-1,-1
695,164,93.58,140.48,41.75,150.06,0.7335,-1,-1,-1
695,162,10.98,120.44,79.91,210.77,0.8249,-1,-1,-1
695,161,317.81,133.65,50.67,110.76,0.4509,-1,-1,-1
695,158,337.55,94.72,98.62,292.91,0.7087,-1,-1,-1
695,152,260.90,127.19,59.62,178.09,0.8312,-1,-1,-1
695,138,123.54,27.26,132.90,452.74,0.8028,-1,-1,-1
695,90,430.88,1.06,208.95,478.94,0.8936,-1,-1,-1
696,164,93.62,144.08,42.93,154.39,0.7725,-1,-1,-1
696,162,7.28,116.22,77.76,224.37,0.8272,-1,-1,-1
696,158,342.41,98.36,91.91,289.06,0.7924,-1,-1,-1
696,152,261.13,132.95,62.85,180.01,0.7892,-1,-1,-1
696,138,117.89,40.60,142.84,439.40,0.7964,-1,-1,-1
696,90,448.04,1.29,191.57,478.71,0.8514,-1,-1,-1
697,164,92.98,142.47,42.61,158.59,0.7265,-1,-1,-1
697,162,4.69,115.32,74.10,227.38,0.8292,-1,-1,-1
697,158,344.81,96.97,87.64,280.39,0.8335,-1,-1,-1
697,152,265.53,132.91,60.15,182.80,0.8405,-1,-1,-1
697,138,124.76,39.99,139.50,440.01,0.8709,-1,-1,-1
697,90,474.91,0.90,164.77,478.76,0.9058,-1,-1,-1
698,164,85.71,139.15,44.81,160.38,0.5222,-1,-1,-1
698,162,0.05,106.45,76.26,237.78,0.8074,-1,-1,-1
698,158,329.41,92.67,99.09,284.00,0.8188,-1,-1,-1
698,152,265.67,135.05,58.61,179.51,0.8060,-1,-1,-1
698,138,141.36,33.77,126.59,432.72,0.8734,-1,-1,-1
698,90,462.74,0.77,176.95,478.18,0.9108,-1,-1,-1
699,165,102.92,169.98,51.03,186.62,0.7133,-1,-1,-1
699,164,83.00,144.41,40.57,148.04,0.5293,-1,-1,-1
699,162,0.12,108.57,72.31,242.91,0.8453,-1,-1,-1
699,158,334.45,98.33,91.64,286.97,0.8345,-1,-1,-1
699,152,268.09,141.08,53.66,179.38,0.8272,-1,-1,-1
699,138,144.79,38.27,124.70,411.46,0.8986,-1,-1,-1
699,90,458.44,0.76,181.20,479.24,0.9092,-1,-1,-1
700,165,90.23,173.67,59.51,198.46,0.6919,-1,-1,-1
700,162,0.07,110.87,63.56,261.70,0.7407,-1,-1,-1
700,158,333.30,107.12,90.63,291.19,0.8484,-1,-1,-1
700,152,274.04,147.80,49.03,173.97,0.8004,-1,-1,-1
700,138,130.95,45.75,144.54,409.76,0.8783,-1,-1,-1
700,90,455.84,1.76,183.80,478.24,0.9097,-1,-1,-1
701,166,28.53,151.48,42.30,154.84,0.6822,-1,-1,-1
701,165,76.24,157.39,62.85,212.87,0.6800,-1,-1,-1
701,162,0.00,141.16,42.39,208.70,0.3801,-1,-1,-1
701,158,326.96,101.65,91.04,292.71,0.8335,-1,-1,-1
701,152,272.49,137.82,46.48,156.06,0.7945,-1,-1,-1
701,138,129.02,35.43,151.26,422.50,0.8668,-1,-1,-1
701,90,458.75,1.05,180.89,477.17,0.9211,-1,-1,-1
702,167,112.07,125.72,49.45,213.44,0.5788,-1,-1,-1
702,166,12.88,146.29,55.00,161.26,0.7362,-1,-1,-1
702,165,63.00,156.91,63.40,220.11,0.7358,-1,-1,-1
702,158,308.10,100.53,112.30,294.96,0.7965,-1,-1,-1
702,152,268.58,137.60,47.37,154.69,0.7783,-1,-1,-1
702,138,125.93,40.72,153.53,424.66,0.8601,-1,-1,-1
702,90,449.63,1.16,190.01,475.96,0.9250,-1,-1,-1
703,167,110.73,124.72,46.98,223.65,0.5771,-1,-1,-1
703,166,3.92,148.56,58.32,156.93,0.7032,-1,-1,-1
703,165,45.89,156.48,75.96,237.39,0.8087,-1,-1,-1
703,158,317.79,102.64,91.36,292.65,0.8207,-1,-1,-1
703,152,268.51,140.34,46.10,143.99,0.7071,-1,-1,-1
703,138,120.40,49.40,159.27,428.47,0.8437,-1,-1,-1
703,90,440.26,2.84,199.73,474.86,0.9266,-1,-1,-1
704,170,383.08,114.11,67.29,219.85,0.7893,-1,-1,-1
704,167,95.10,121.57,59.93,226.99,0.7108,-1,-1,-1
704,166,0.09,150.83,54.00,162.24,0.7210,-1,-1,-1
704,165,27.81,153.37,79.81,253.99,0.7252,-1,-1,-1
704,158,316.17,101.00,84.69,286.28,0.8292,-1,-1,-1
704,152,265.16,142.96,45.92,152.72,0.6489,-1,-1,-1
704,138,120.63,52.11,155.47,424.24,0.8546,-1,-1,-1
704,90,434.82,1.20,204.74,476.95,0.9201,-1,-1,-1
705,170,382.55,110.46,62.39,219.14,0.6810,-1,-1,-1
705,167,82.33,114.99,66.69,238.00,0.7979,-1,-1,-1
705,166,0.20,174.20,41.03,138.98,0.3347,-1,-1,-1
705,165,3.23,147.55,93.63,274.23,0.8043,-1,-1,-1
705,158,311.68,96.83,87.53,280.12,0.8502,-1,-1,-1
705,152,261.23,141.60,46.93,161.36,0.6723,-1,-1,-1
705,138,130.03,47.99,141.61,428.36,0.8726,-1,-1,-1
705,90,426.26,1.01,213.41,478.38,0.9228,-1,-1,-1
706,170,378.85,101.76,56.54,233.33,0.5091,-1,-1,-1
706,167,61.39,106.61,82.45,252.93,0.8448,-1,-1,-1
706,165,0.04,141.94,79.24,289.25,0.8799,-1,-1,-1
706,158,300.36,95.81,89.29,288.62,0.8324,-1,-1,-1
706,152,257.93,140.54,44.48,122.54,0.7358,-1,-1,-1
706,138,140.26,41.38,128.46,425.91,0.8629,-1,-1,-1
706,90,414.10,1.43,225.33,477.78,0.9200,-1,-1,-1
707,170,373.99,102.39,63.19,238.92,0.6349,-1,-1,-1
707,167,37.45,103.07,98.90,269.08,0.7725,-1,-1,-1
707,165,0.34,138.02,63.57,302.80,0.8315,-1,-1,-1
707,158,297.81,98.95,87.45,290.34,0.8565,-1,-1,-1
707,152,255.52,142.16,43.53,112.09,0.6439,-1,-1,-1
707,138,136.20,40.71,130.53,407.56,0.8941,-1,-1,-1
707,90,395.70,1.25,243.93,476.90,0.8951,-1,-1,-1
708,167,10.20,97.85,111.79,276.61,0.7055,-1,-1,-1
708,165,0.06,127.72,43.68,316.00,0.7599,-1,-1,-1
708,158,288.28,100.90,90.57,293.44,0.8377,-1,-1,-1
708,152,251.92,141.30,44.08,114.77,0.6235,-1,-1,-1
708,138,131.35,35.36,128.98,414.32,0.8754,-1,-1,-1
708,90,354.18,1.39,284.08,477.33,0.8693,-1,-1,-1
709,167,0.21,90.61,107.14,349.53,0.7096,-1,-1,-1
709,158,284.34,100.41,90.59,295.55,0.8033,-1,-1,-1
709,152,249.07,139.11,45.99,124.00,0.7156,-1,-1,-1
709,138,128.51,34.92,132.14,417.72,0.8690,-1,-1,-1
709,90,376.85,0.49,254.71,479.51,0.8650,-1,-1,-1
710,167,0.00,78.61,103.16,376.83,0.6756,-1,-1,-1
710,158,277.12,96.85,97.15,297.74,0.7581,-1,-1,-1
710,152,247.82,138.61,46.21,118.11,0.7432,-1,-1,-1
710,138,126.85,38.05,132.04,429.00,0.8649,-1,-1,-1
710,90,334.01,0.31,278.32,478.00,0.8939,-1,-1,-1
711,167,0.11,58.24,97.34,323.78,0.8855,-1,-1,-1
711,158,275.21,91.39,92.36,302.42,0.7813,-1,-1,-1
711,152,246.47,138.19,40.19,117.14,0.6846,-1,-1,-1
711,138,122.44,38.54,131.79,408.53,0.8206,-1,-1,-1
711,90,310.29,0.51,284.44,479.16,0.8860,-1,-1,-1
712,167,0.20,42.74,68.67,368.08,0.7084,-1,-1,-1
712,164,35.08,127.20,57.36,207.06,0.4415,-1,-1,-1
712,158,268.99,88.02,93.64,293.35,0.8236,-1,-1,-1
712,152,243.66,142.18,40.29,112.90,0.6090,-1,-1,-1
712,138,120.50,40.87,130.94,431.82,0.8870,-1,-1,-1
712,90,298.23,0.32,288.38,476.36,0.8949,-1,-1,-1
713,167,0.11,30.50,59.82,424.13,0.7371,-1,-1,-1
713,164,27.57,97.55,62.67,235.69,0.3118,-1,-1,-1
713,158,266.95,87.16,91.64,292.50,0.8166,-1,-1,-1
713,152,244.65,141.52,35.99,108.98,0.6945,-1,-1,-1
713,138,116.40,36.77,134.91,430.78,0.9004,-1,-1,-1
713,90,337.18,0.64,259.38,475.84,0.9167,-1,-1,-1
714,164,28.26,91.40,67.23,245.00,0.5796,-1,-1,-1
714,158,267.97,89.28,94.65,295.37,0.8159,-1,-1,-1
714,152,247.79,142.05,36.38,101.92,0.7460,-1,-1,-1
714,138,109.68,35.61,143.21,419.37,0.8968,-1,-1,-1
714,90,331.87,0.47,301.87,475.33,0.9015,-1,-1,-1
715,167,0.00,82.24,69.15,253.34,0.7393,-1,-1,-1
715,164,29.29,87.39,74.50,229.09,0.7635,-1,-1,-1
715,158,272.94,89.88,94.09,298.08,0.8308,-1,-1,-1
715,152,251.04,138.98,37.04,105.23,0.6352,-1,-1,-1
715,138,106.03,32.17,151.43,400.76,0.9022,-1,-1,-1
715,90,329.91,0.57,309.10,473.03,0.9130,-1,-1,-1
716,167,0.14,65.81,71.12,273.18,0.3837,-1,-1,-1
716,164,26.02,85.84,80.89,253.83,0.8295,-1,-1,-1
716,158,274.17,92.04,96.92,309.46,0.8401,-1,-1,-1
716,152,255.66,141.96,36.39,102.92,0.6750,-1,-1,-1
716,138,101.32,34.39,159.41,404.35,0.8984,-1,-1,-1
716,90,336.48,0.27,302.52,476.18,0.8857,-1,-1,-1
717,164,8.29,80.26,99.67,266.25,0.8884,-1,-1,-1
717,158,278.57,94.46,100.01,305.44,0.8474,-1,-1,-1
717,152,260.16,142.65,39.83,101.89,0.7288,-1,-1,-1
717,138,98.92,41.97,164.24,399.93,0.8877,-1,-1,-1
717,90,350.31,0.14,288.75,477.77,0.8716,-1,-1,-1
718,164,2.55,78.95,103.66,292.01,0.8837,-1,-1,-1
718,158,288.03,97.02,97.88,307.73,0.8120,-1,-1,-1
718,152,265.43,149.21,38.80,107.12,0.7654,-1,-1,-1
718,138,97.69,51.27,169.67,411.58,0.8917,-1,-1,-1
718,90,370.66,0.52,268.32,475.76,0.8972,-1,-1,-1
719,164,0.89,76.66,112.46,296.16,0.9004,-1,-1,-1
719,158,296.17,96.44,90.73,305.13,0.5822,-1,-1,-1
719,152,272.58,150.85,36.43,108.37,0.7071,-1,-1,-1
719,138,100.90,56.62,160.78,411.28,0.8881,-1,-1,-1
719,90,381.73,0.66,257.08,475.88,0.9051,-1,-1,-1
720,172,255.47,156.75,24.17,98.06,0.4298,-1,-1,-1
720,164,3.26,72.93,111.63,311.42,0.8963,-1,-1,-1
720,158,301.11,96.06,89.60,297.66,0.8465,-1,-1,-1
720,152,276.64,149.72,36.17,117.04,0.6707,-1,-1,-1
720,138,103.33,55.16,160.67,406.01,0.8886,-1,-1,-1
720,90,387.45,0.62,251.69,477.27,0.9164,-1,-1,-1
721,172,242.59,149.08,42.60,123.58,0.5538,-1,-1,-1
721,164,0.00,56.88,110.17,338.53,0.9201,-1,-1,-1
721,158,304.98,94.72,91.33,296.38,0.8501,-1,-1,-1
721,152,282.39,147.27,37.42,105.33,0.6120,-1,-1,-1
721,138,112.57,51.07,144.91,388.22,0.8912,-1,-1,-1
721,90,394.00,0.72,245.26,477.47,0.9261,-1,-1,-1
722,172,244.44,155.14,46.14,129.92,0.5242,-1,-1,-1
722,164,0.00,49.92,108.33,349.50,0.9217,-1,-1,-1
722,158,307.21,95.42,93.78,301.19,0.8776,-1,-1,-1
722,152,288.34,148.12,33.33,99.53,0.5997,-1,-1,-1
722,138,122.10,51.99,135.92,377.11,0.9016,-1,-1,-1
722,90,399.44,0.55,240.15,477.02,0.9253,-1,-1,-1
723,172,256.19,157.79,41.40,142.58,0.6100,-1,-1,-1
723,164,0.16,44.40,108.74,363.72,0.9252,-1,-1,-1
723,158,316.03,100.03,90.55,305.33,0.6784,-1,-1,-1
723,152,294.75,153.41,32.38,99.20,0.6306,-1,-1,-1
723,138,136.71,52.94,125.30,385.36,0.8951,-1,-1,-1
723,90,395.91,0.84,243.84,479.16,0.9147,-1,-1,-1
724,172,247.74,160.87,52.16,153.26,0.5818,-1,-1,-1
724,164,0.05,37.03,107.35,375.90,0.9165,-1,-1,-1
724,158,316.77,102.35,92.42,304.09,0.8461,-1,-1,-1
724,152,298.53,154.65,31.55,101.46,0.6612,-1,-1,-1
724,138,144.04,55.54,119.42,388.65,0.8978,-1,-1,-1
724,90,391.49,1.13,248.16,478.54,0.9033,-1,-1,-1
725,175,124.84,200.68,13.09,44.01,0.5108,-1,-1,-1
725,174,140.10,197.19,15.28,46.68,0.5806,-1,-1,-1
725,173,93.29,187.42,21.56,70.07,0.5553,-1,-1,-1
725,172,260.53,156.44,43.64,154.14,0.6964,-1,-1,-1
725,164,0.04,20.21,97.99,396.10,0.9011,-1,-1,-1
725,158,314.30,99.49,97.43,305.09,0.8199,-1,-1,-1
725,152,300.98,152.02,31.24,102.65,0.4272,-1,-1,-1
725,138,149.58,56.40,114.87,394.54,0.8947,-1,-1,-1
725,90,395.80,0.86,244.00,479.14,0.8765,-1,-1,-1
726,174,146.17,197.90,13.06,48.41,0.4134,-1,-1,-1
726,173,90.85,189.40,28.01,69.02,0.7160,-1,-1,-1
726,172,264.38,155.69,42.67,151.61,0.7927,-1,-1,-1
726,164,0.09,6.76,89.52,418.83,0.8919,-1,-1,-1
726,158,319.03,98.87,90.72,303.17,0.8232,-1,-1,-1
726,152,304.92,153.11,31.92,99.83,0.5479,-1,-1,-1
726,138,157.21,62.28,107.30,396.62,0.8776,-1,-1,-1
726,90,413.56,0.41,226.31,478.57,0.9232,-1,-1,-1
727,174,146.71,196.02,12.06,47.82,0.5009,-1,-1,-1
727,173,92.90,186.77,23.88,71.12,0.6396,-1,-1,-1
727,172,266.72,152.74,41.40,151.76,0.8130,-1,-1,-1
727,164,0.20,1.38,77.72,426.49,0.8778,-1,-1,-1
727,158,318.78,93.40,89.61,299.15,0.8264,-1,-1,-1
727,152,307.14,149.59,28.58,96.79,0.5001,-1,-1,-1
727,138,160.79,60.63,105.78,394.09,0.8886,-1,-1,-1
727,90,405.60,0.26,234.08,478.59,0.9251,-1,-1,-1
728,175,124.43,197.09,16.67,46.80,0.4844,-1,-1,-1
728,174,142.33,195.66,14.53,48.41,0.5438,-1,-1,-1
728,173,90.34,187.49,22.19,70.20,0.5430,-1,-1,-1
728,172,265.85,151.89,41.53,152.11,0.8363,-1,-1,-1
728,164,0.23,36.77,57.56,397.44,0.7277,-1,-1,-1
728,158,315.61,91.87,97.82,291.30,0.8062,-1,-1,-1
728,152,305.12,148.00,29.81,88.14,0.5180,-1,-1,-1
728,138,160.23,59.13,105.57,391.22,0.8867,-1,-1,-1
728,90,392.31,0.36,246.49,477.72,0.9283,-1,-1,-1
729,175,120.53,195.35,19.07,47.90,0.4414,-1,-1,-1
729,174,139.86,195.84,14.90,46.46,0.5570,-1,-1,-1
729,173,82.39,186.10,25.16,71.22,0.5963,-1,-1,-1
729,172,265.13,152.46,42.41,150.31,0.8542,-1,-1,-1
729,158,314.97,89.70,91.50,298.74,0.8493,-1,-1,-1
729,152,305.32,148.83,26.33,83.66,0.5709,-1,-1,-1
729,138,159.54,56.12,106.52,376.85,0.8967,-1,-1,-1
729,90,383.47,0.60,255.77,475.50,0.9302,-1,-1,-1
730,175,120.79,198.20,16.06,52.03,0.3289,-1,-1,-1
730,173,85.00,192.87,21.49,71.70,0.5884,-1,-1,-1
730,172,265.56,160.95,43.10,148.95,0.8182,-1,-1,-1
730,158,314.63,100.08,92.23,301.79,0.8134,-1,-1,-1
730,152,304.95,156.56,28.49,84.66,0.4542,-1,-1,-1
730,138,159.36,62.79,107.27,365.87,0.9013,-1,-1,-1
730,90,375.24,0.52,263.87,476.83,0.9263,-1,-1,-1
731,175,122.69,205.87,15.20,48.07,0.5078,-1,-1,-1
731,173,81.84,194.20,25.78,75.78,0.6458,-1,-1,-1
731,172,268.04,165.24,40.40,145.41,0.7879,-1,-1,-1
731,158,314.79,101.84,94.18,312.11,0.8347,-1,-1,-1
731,152,306.15,161.10,32.65,83.26,0.4408,-1,-1,-1
731,138,159.32,68.07,109.94,369.08,0.9013,-1,-1,-1
731,90,372.18,0.61,267.11,476.68,0.9269,-1,-1,-1
732,175,119.57,205.52,17.26,49.77,0.5415,-1,-1,-1
732,173,75.73,194.32,27.96,77.35,0.6474,-1,-1,-1
732,172,268.70,165.60,39.84,142.79,0.7783,-1,-1,-1
732,158,314.86,110.16,94.38,308.46,0.8606,-1,-1,-1
732,152,306.55,163.21,32.85,85.72,0.4096,-1,-1,-1
732,138,151.91,73.68,117.36,374.92,0.9002,-1,-1,-1
732,90,373.45,0.49,266.05,476.42,0.9190,-1,-1,-1
733,175,112.24,203.44,23.75,54.32,0.3609,-1,-1,-1
733,173,64.82,194.39,32.52,80.83,0.6062,-1,-1,-1
733,172,265.97,165.41,40.83,141.81,0.7991,-1,-1,-1
733,158,315.84,111.54,91.05,306.49,0.8629,-1,-1,-1
733,152,311.26,164.27,29.19,90.16,0.3414,-1,-1,-1
733,138,145.40,83.48,116.60,378.25,0.8711,-1,-1,-1
733,90,382.18,0.77,257.38,477.12,0.9096,-1,-1,-1
734,173,60.72,201.84,33.08,78.51,0.6119,-1,-1,-1
734,172,265.72,170.19,41.36,134.27,0.7532,-1,-1,-1
734,158,315.89,116.72,90.20,301.52,0.8353,-1,-1,-1
734,138,137.71,90.69,117.29,378.21,0.8832,-1,-1,-1
734,90,389.52,0.69,250.21,477.62,0.9102,-1,-1,-1
735,178,240.60,160.67,33.02,124.31,0.5758,-1,-1,-1
735,173,59.25,195.07,30.52,81.17,0.6096,-1,-1,-1
735,172,265.41,165.28,42.01,140.90,0.7551,-1,-1,-1
735,158,316.41,108.45,90.11,291.37,0.8268,-1,-1,-1
735,138,129.19,84.43,121.82,374.12,0.8493,-1,-1,-1
735,90,396.19,0.43,243.27,478.24,0.9140,-1,-1,-1
736,178,239.20,157.76,31.21,110.00,0.4722,-1,-1,-1
736,173,56.60,191.48,30.42,82.33,0.5819,-1,-1,-1
736,172,264.41,165.09,41.36,141.06,0.7887,-1,-1,-1
736,158,315.65,104.00,90.40,295.00,0.8301,-1,-1,-1
736,138,151.04,78.57,106.25,361.34,0.8249,-1,-1,-1
736,90,399.72,0.41,239.26,477.59,0.8931,-1,-1,-1
737,179,109.57,137.33,53.91,185.08,0.8010,-1,-1,-1
737,178,237.21,156.73,34.23,141.72,0.3420,-1,-1,-1
737,173,46.92,189.30,31.04,84.08,0.6171,-1,-1,-1
737,172,260.73,165.79,43.09,142.72,0.7945,-1,-1,-1
737,158,314.85,105.91,89.96,297.88,0.8279,-1,-1,-1
737,138,147.50,74.38,110.14,346.41,0.8490,-1,-1,-1
737,90,401.03,0.20,238.14,475.16,0.9135,-1,-1,-1
738,179,104.68,134.09,54.33,191.66,0.7932,-1,-1,-1
738,178,236.45,154.85,34.34,146.07,0.4680,-1,-1,-1
738,173,42.53,185.87,32.17,86.06,0.7076,-1,-1,-1
738,172,258.17,164.24,45.07,144.45,0.7887,-1,-1,-1
738,158,313.09,108.66,92.34,299.28,0.8235,-1,-1,-1
738,138,144.41,73.54,110.00,351.59,0.8391,-1,-1,-1
738,90,400.23,0.74,238.93,476.22,0.9189,-1,-1,-1
739,179,92.70,131.74,61.71,196.61,0.8091,-1,-1,-1
739,178,236.10,156.49,31.10,110.55,0.5480,-1,-1,-1
739,173,36.33,184.88,30.95,87.58,0.6079,-1,-1,-1
739,172,254.53,163.05,48.76,143.52,0.7620,-1,-1,-1
739,158,309.98,111.37,92.27,301.98,0.8409,-1,-1,-1
739,138,143.49,75.94,99.21,355.81,0.8661,-1,-1,-1
739,90,397.98,0.57,241.39,476.90,0.9141,-1,-1,-1
740,179,82.97,130.73,67.39,211.81,0.8336,-1,-1,-1
740,178,237.14,157.44,30.61,134.36,0.4094,-1,-1,-1
740,173,30.55,183.50,34.17,89.67,0.7124,-1,-1,-1
740,172,255.05,162.09,54.29,144.04,0.7524,-1,-1,-1
740,158,310.44,111.91,91.10,300.88,0.8469,-1,-1,-1
740,138,142.89,83.95,104.26,357.53,0.8774,-1,-1,-1
740,90,394.60,1.08,244.99,476.81,0.9144,-1,-1,-1
741,180,0.06,190.69,18.35,77.53,0.3251,-1,-1,-1
741,179,76.09,122.71,76.73,217.70,0.8391,-1,-1,-1
741,178,236.67,153.89,30.74,138.09,0.5044,-1,-1,-1
741,173,26.27,179.75,33.77,91.10,0.6871,-1,-1,-1
741,172,255.25,160.18,52.29,144.24,0.7428,-1,-1,-1
741,158,306.31,106.18,94.07,303.60,0.8237,-1,-1,-1
741,138,143.75,85.01,101.96,357.18,0.8788,-1,-1,-1
741,90,388.71,1.08,251.08,477.74,0.8986,-1,-1,-1
742,180,0.04,183.08,18.17,75.78,0.5543,-1,-1,-1
742,179,72.41,115.26,76.80,228.49,0.8039,-1,-1,-1
742,178,235.71,152.09,32.88,137.92,0.5312,-1,-1,-1
742,173,24.03,179.22,30.25,92.53,0.6920,-1,-1,-1
742,172,260.30,161.23,46.86,142.78,0.7662,-1,-1,-1
742,158,307.86,104.84,89.21,293.06,0.8310,-1,-1,-1
742,138,142.92,88.53,102.02,346.52,0.8837,-1,-1,-1
742,90,397.56,0.89,241.79,479.11,0.9148,-1,-1,-1
743,180,0.01,187.18,15.09,68.77,0.4818,-1,-1,-1
743,179,47.25,104.67,97.05,239.77,0.6870,-1,-1,-1
743,178,236.77,152.56,31.54,137.71,0.5912,-1,-1,-1
743,173,13.89,176.17,33.48,92.20,0.6173,-1,-1,-1
743,172,259.78,161.23,47.84,142.29,0.7626,-1,-1,-1
743,158,311.23,104.87,82.05,284.54,0.8062,-1,-1,-1
743,138,138.18,85.06,107.19,348.09,0.8710,-1,-1,-1
743,90,398.27,1.07,240.04,478.93,0.9029,-1,-1,-1
744,179,42.54,97.50,93.70,253.84,0.8555,-1,-1,-1
744,178,238.36,149.52,31.62,143.19,0.5765,-1,-1,-1
744,173,9.15,173.43,35.58,97.36,0.6042,-1,-1,-1
744,172,258.48,161.93,52.81,141.67,0.7105,-1,-1,-1
744,158,306.60,103.74,87.04,292.30,0.8316,-1,-1,-1
744,138,151.94,82.49,96.20,332.78,0.8638,-1,-1,-1
744,90,389.77,0.28,238.60,478.53,0.8927,-1,-1,-1
745,181,122.20,129.40,46.43,180.40,0.7048,-1,-1,-1
745,179,15.70,94.63,114.41,265.88,0.8610,-1,-1,-1
745,178,242.27,148.85,30.79,140.88,0.6158,-1,-1,-1
745,173,7.66,171.88,34.89,133.37,0.3444,-1,-1,-1
745,172,265.54,159.09,46.60,137.98,0.6854,-1,-1,-1
745,158,308.40,99.59,93.76,299.98,0.8311,-1,-1,-1
745,138,155.86,78.90,94.27,324.86,0.8715,-1,-1,-1
745,90,400.53,0.14,229.62,477.90,0.9241,-1,-1,-1
746,181,112.93,131.04,63.13,184.74,0.8577,-1,-1,-1
746,179,0.85,91.66,114.79,289.87,0.8703,-1,-1,-1
746,178,248.69,154.17,28.80,131.81,0.5159,-1,-1,-1
746,172,269.59,158.68,50.06,139.22,0.5441,-1,-1,-1
746,158,308.12,155.47,92.46,251.77,0.7882,-1,-1,-1
746,138,160.68,82.67,97.09,329.72,0.8748,-1,-1,-1
746,90,391.24,0.41,246.51,478.62,0.9070,-1,-1,-1
747,181,112.45,126.85,63.71,191.64,0.8144,-1,-1,-1
747,179,0.05,84.93,111.64,301.20,0.8906,-1,-1,-1
747,178,251.39,153.31,27.59,126.78,0.3074,-1,-1,-1
747,172,266.66,158.07,53.70,139.82,0.6909,-1,-1,-1
747,158,311.38,107.12,93.14,301.67,0.8522,-1,-1,-1
747,138,163.32,83.54,98.24,332.06,0.8696,-1,-1,-1
747,90,390.20,0.32,248.96,477.50,0.8959,-1,-1,-1
748,181,113.03,124.04,61.30,198.83,0.8248,-1,-1,-1
748,179,0.00,75.02,92.73,316.83,0.8873,-1,-1,-1
748,178,251.63,154.12,32.20,102.95,0.4528,-1,-1,-1
748,172,270.76,160.57,52.25,140.41,0.6606,-1,-1,-1
748,158,315.55,107.68,90.14,301.17,0.8377,-1,-1,-1
748,138,164.36,88.60,102.37,335.15,0.8671,-1,-1,-1
748,90,390.99,0.31,248.71,476.78,0.9182,-1,-1,-1
749,181,107.95,121.05,65.68,209.23,0.8597,-1,-1,-1
749,179,0.02,64.32,84.01,331.67,0.8909,-1,-1,-1
749,178,251.43,155.92,39.51,139.89,0.5091,-1,-1,-1
749,172,273.58,167.01,53.01,137.75,0.6499,-1,-1,-1
749,158,318.62,108.96,93.88,298.88,0.7947,-1,-1,-1
749,138,164.14,93.89,104.77,337.68,0.8559,-1,-1,-1
749,90,393.52,0.43,245.96,477.91,0.9216,-1,-1,-1
750,181,106.37,113.76,67.50,216.50,0.8610,-1,-1,-1
750,179,0.17,47.53,77.59,368.89,0.8683,-1,-1,-1
750,178,257.53,153.14,39.60,139.65,0.6303,-1,-1,-1
750,172,281.62,164.50,53.43,139.24,0.7167,-1,-1,-1
750,158,325.85,105.77,88.64,287.55,0.8413,-1,-1,-1
750,138,170.69,92.36,104.07,328.18,0.8715,-1,-1,-1
750,90,405.19,0.84,234.49,477.00,0.9137,-1,-1,-1
751,181,101.59,105.89,81.16,222.26,0.8682,-1,-1,-1
751,179,0.17,33.28,71.16,367.88,0.7762,-1,-1,-1
751,178,263.28,146.69,42.61,143.37,0.7272,-1,-1,-1
751,172,290.56,160.09,50.47,133.26,0.7351,-1,-1,-1
751,158,335.02,97.68,87.09,290.65,0.8021,-1,-1,-1
751,138,179.15,88.11,84.46,324.22,0.8299,-1,-1,-1
751,90,414.45,1.18,225.15,478.82,0.9109,-1,-1,-1
752,181,95.36,99.18,86.96,234.82,0.8731,-1,-1,-1
752,179,0.46,6.32,79.49,396.49,0.7359,-1,-1,-1
752,178,270.15,147.03,40.78,133.23,0.6894,-1,-1,-1
752,172,295.84,160.35,52.12,126.39,0.6204,-1,-1,-1
752,158,336.50,100.69,90.56,295.30,0.8462,-1,-1,-1
752,138,185.45,85.25,100.51,304.89,0.8926,-1,-1,-1
752,90,418.39,0.83,221.12,477.46,0.9181,-1,-1,-1
753,181,90.93,94.45,90.80,246.98,0.8759,-1,-1,-1
753,179,0.00,74.84,77.44,325.21,0.4423,-1,-1,-1
753,178,274.68,150.70,39.43,127.52,0.7601,-1,-1,-1
753,172,303.66,158.89,48.27,125.19,0.4405,-1,-1,-1
753,158,339.61,102.76,93.75,297.28,0.8253,-1,-1,-1
753,138,186.89,83.04,99.85,308.98,0.8963,-1,-1,-1
753,90,411.53,0.79,228.26,478.13,0.9175,-1,-1,-1
754,181,76.13,90.07,104.56,266.59,0.8934,-1,-1,-1
754,178,283.08,149.35,39.75,137.32,0.7255,-1,-1,-1
754,173,0.20,118.23,34.04,156.76,0.3208,-1,-1,-1
754,172,320.39,160.32,38.82,105.43,0.4930,-1,-1,-1
754,158,345.57,106.32,93.60,300.06,0.7775,-1,-1,-1
754,138,195.15,84.03,98.79,314.53,0.8752,-1,-1,-1
754,90,411.96,1.27,227.65,478.48,0.9171,-1,-1,-1
755,182,31.99,166.69,38.17,88.81,0.5867,-1,-1,-1
755,181,71.39,84.57,107.76,273.50,0.9012,-1,-1,-1
755,178,285.32,152.48,40.40,131.68,0.7341,-1,-1,-1
755,173,0.01,151.11,36.88,123.69,0.4058,-1,-1,-1
755,172,326.79,161.17,34.87,107.09,0.4149,-1,-1,-1
755,158,347.59,103.26,93.08,297.87,0.8358,-1,-1,-1
755,138,202.25,86.16,92.71,313.67,0.8679,-1,-1,-1
755,90,427.61,1.99,211.83,477.56,0.9131,-1,-1,-1
756,182,40.75,171.17,31.52,86.76,0.5813,-1,-1,-1
756,181,66.82,78.87,109.95,296.25,0.9019,-1,-1,-1
756,178,292.43,151.64,35.37,133.08,0.7328,-1,-1,-1
756,173,0.18,155.01,28.50,124.37,0.7075,-1,-1,-1
756,172,329.38,161.66,37.84,112.32,0.3904,-1,-1,-1
756,158,347.82,98.69,97.37,306.69,0.7100,-1,-1,-1
756,138,211.30,89.73,89.30,316.87,0.8664,-1,-1,-1
756,90,465.12,1.90,174.52,477.74,0.9045,-1,-1,-1
757,182,41.70,167.20,33.02,91.87,0.3224,-1,-1,-1
757,181,57.65,65.72,112.45,314.01,0.8917,-1,-1,-1
757,178,296.59,148.80,36.41,130.75,0.7431,-1,-1,-1
757,173,0.16,154.19,21.74,123.83,0.6024,-1,-1,-1
757,172,329.14,158.53,38.71,113.80,0.3948,-1,-1,-1
757,158,351.90,94.96,94.01,301.09,0.8006,-1,-1,-1
757,138,206.51,90.24,99.48,313.55,0.8621,-1,-1,-1
757,90,487.79,0.96,152.02,477.16,0.8989,-1,-1,-1
758,181,45.52,50.50,115.28,333.29,0.8994,-1,-1,-1
758,178,299.85,146.09,31.03,129.70,0.5502,-1,-1,-1
758,173,0.10,159.23,15.43,89.98,0.3190,-1,-1,-1
758,172,321.53,158.03,47.43,114.22,0.3661,-1,-1,-1
758,158,348.94,92.69,97.38,297.26,0.7838,-1,-1,-1
758,138,217.10,85.93,89.56,316.09,0.8682,-1,-1,-1
759,185,190.33,162.48,33.34,116.69,0.4168,-1,-1,-1
759,181,20.56,39.84,132.23,352.33,0.9100,-1,-1,-1
759,178,302.72,149.84,33.98,133.46,0.5957,-1,-1,-1
759,158,351.23,95.51,96.45,298.05,0.7820,-1,-1,-1
759,138,203.29,87.61,105.38,300.79,0.8736,-1,-1,-1
759,90,478.93,4.15,160.65,474.08,0.4443,-1,-1,-1
760,185,181.45,162.00,45.02,120.51,0.5229,-1,-1,-1
760,181,0.00,25.03,138.68,371.71,0.9174,-1,-1,-1
760,178,304.59,145.31,32.15,131.48,0.5633,-1,-1,-1
760,174,133.63,180.76,22.41,67.34,0.6069,-1,-1,-1
760,158,348.69,91.83,99.79,304.33,0.8157,-1,-1,-1
760,138,199.37,82.78,110.43,299.86,0.8690,-1,-1,-1
760,90,494.75,3.47,144.78,475.80,0.5797,-1,-1,-1
761,185,180.39,160.19,39.51,121.83,0.5938,-1,-1,-1
761,181,0.00,8.99,117.46,391.94,0.9313,-1,-1,-1
761,178,308.62,154.26,32.17,121.98,0.5043,-1,-1,-1
761,175,106.14,177.33,21.99,71.46,0.4487,-1,-1,-1
761,174,129.67,179.78,25.50,68.49,0.6501,-1,-1,-1
761,158,350.82,95.97,98.18,306.60,0.8525,-1,-1,-1
761,138,206.06,81.84,107.95,302.21,0.8704,-1,-1,-1
761,90,505.32,1.06,134.51,477.41,0.8354,-1,-1,-1
762,185,176.39,155.11,39.45,121.51,0.6104,-1,-1,-1
762,181,0.00,0.30,103.03,403.22,0.9146,-1,-1,-1
762,178,310.51,146.51,26.99,125.39,0.6123,-1,-1,-1
762,175,108.18,175.52,19.75,73.08,0.4112,-1,-1,-1
762,174,128.78,175.74,26.02,69.73,0.6015,-1,-1,-1
762,158,354.21,94.40,95.14,307.95,0.8558,-1,-1,-1
762,138,180.53,79.44,135.93,306.69,0.8691,-1,-1,-1
762,90,492.21,1.14,147.45,478.86,0.8898,-1,-1,-1
763,186,81.09,161.23,40.76,83.13,0.7082,-1,-1,-1
763,185,167.65,143.05,37.22,126.10,0.6872,-1,-1,-1
763,183,53.15,150.35,34.52,94.76,0.5830,-1,-1,-1
763,181,0.23,25.27,82.97,379.56,0.8859,-1,-1,-1
763,178,308.03,136.23,30.00,120.20,0.5861,-1,-1,-1
763,174,124.90,166.26,25.20,72.00,0.6715,-1,-1,-1
763,158,354.40,84.73,94.33,304.44,0.8545,-1,-1,-1
763,138,189.57,75.89,126.72,308.35,0.8898,-1,-1,-1
763,90,463.63,1.59,176.08,478.41,0.8764,-1,-1,-1
764,186,84.20,163.42,38.54,86.72,0.6897,-1,-1,-1
764,185,161.69,149.11,39.34,124.43,0.7258,-1,-1,-1
764,183,52.73,158.01,41.38,92.49,0.4995,-1,-1,-1
764,181,0.34,24.71,64.95,391.42,0.7997,-1,-1,-1
764,178,308.89,139.87,32.50,121.99,0.6085,-1,-1,-1
764,174,124.52,170.53,25.12,71.33,0.6333,-1,-1,-1
764,158,358.71,90.17,90.60,296.38,0.8284,-1,-1,-1
764,138,208.08,82.83,110.94,309.10,0.8786,-1,-1,-1
764,90,457.05,0.85,182.49,450.72,0.7884,-1,-1,-1
765,187,199.27,155.32,31.76,115.77,0.6050,-1,-1,-1
765,186,93.80,168.83,30.76,85.83,0.6549,-1,-1,-1
765,185,146.49,155.32,51.62,124.95,0.7888,-1,-1,-1
765,183,60.57,160.90,40.94,96.53,0.6541,-1,-1,-1
765,178,310.35,145.33,34.73,119.84,0.6782,-1,-1,-1
765,174,125.54,175.63,23.79,72.97,0.6325,-1,-1,-1
765,158,360.58,92.55,94.66,292.88,0.8494,-1,-1,-1
765,138,217.23,87.22,105.27,303.79,0.8756,-1,-1,-1
765,90,458.51,1.36,181.16,478.64,0.8615,-1,-1,-1
766,187,198.27,156.08,34.09,119.55,0.6892,-1,-1,-1
766,186,94.96,166.94,28.81,89.74,0.6903,-1,-1,-1
766,185,139.98,154.89,54.29,127.41,0.8332,-1,-1,-1
766,183,61.85,164.69,38.92,94.29,0.6273,-1,-1,-1
766,178,310.14,147.86,30.12,120.93,0.6251,-1,-1,-1
766,174,122.89,175.11,23.63,74.12,0.6204,-1,-1,-1
766,158,360.36,92.32,93.73,292.90,0.7668,-1,-1,-1
766,138,224.40,86.30,96.79,304.29,0.8896,-1,-1,-1
766,90,457.29,1.24,182.45,478.76,0.8783,-1,-1,-1
767,187,188.11,151.30,41.28,125.33,0.8010,-1,-1,-1
767,186,91.91,164.77,26.12,90.37,0.4923,-1,-1,-1
767,185,127.71,154.39,58.45,126.32,0.8247,-1,-1,-1
767,183,57.28,160.34,35.61,96.81,0.6080,-1,-1,-1
767,178,310.49,147.25,33.66,119.57,0.4051,-1,-1,-1
767,158,354.74,91.33,97.64,297.97,0.7947,-1,-1,-1
767,138,228.29,80.14,89.36,290.79,0.8882,-1,-1,-1
767,90,457.75,1.33,181.89,477.93,0.9012,-1,-1,-1
768,187,184.97,155.14,41.94,126.69,0.8358,-1,-1,-1
768,186,90.87,165.64,34.76,92.41,0.4598,-1,-1,-1
768,185,120.82,157.72,57.41,125.84,0.8013,-1,-1,-1
768,183,51.36,161.63,35.95,98.57,0.6308,-1,-1,-1
768,158,351.54,94.49,97.94,303.79,0.7888,-1,-1,-1
768,138,226.10,81.84,89.92,290.28,0.8781,-1,-1,-1
768,90,457.45,1.30,182.20,478.70,0.8852,-1,-1,-1
769,187,183.09,154.83,44.97,130.21,0.8513,-1,-1,-1
769,186,87.89,167.12,30.20,92.28,0.4930,-1,-1,-1
769,185,116.70,154.95,45.68,129.75,0.7337,-1,-1,-1
769,183,54.36,161.13,31.06,100.17,0.6627,-1,-1,-1
769,158,351.83,98.17,94.53,304.88,0.7860,-1,-1,-1
769,138,226.45,83.65,88.68,295.41,0.8834,-1,-1,-1
769,90,463.57,2.00,176.04,478.00,0.8710,-1,-1,-1
770,187,179.94,152.79,47.14,132.63,0.8408,-1,-1,-1
770,186,87.47,164.78,25.69,93.69,0.4095,-1,-1,-1
770,185,111.56,153.14,41.60,129.37,0.5497,-1,-1,-1
770,183,53.14,160.65,35.55,100.69,0.6279,-1,-1,-1
770,158,350.48,94.22,95.84,305.66,0.7879,-1,-1,-1
770,138,225.58,84.50,92.62,297.80,0.8878,-1,-1,-1
770,90,477.16,1.11,162.42,478.32,0.8333,-1,-1,-1
771,187,167.45,149.55,51.03,140.01,0.8299,-1,-1,-1
771,186,80.74,161.60,32.43,98.22,0.4977,-1,-1,-1
771,185,101.09,152.41,37.50,133.72,0.5531,-1,-1,-1
771,183,48.09,159.62,36.65,103.33,0.6871,-1,-1,-1
771,158,347.74,93.30,89.70,301.85,0.8292,-1,-1,-1
771,138,220.82,89.73,93.01,300.81,0.8731,-1,-1,-1
771,90,503.60,0.76,136.04,473.60,0.8518,-1,-1,-1
772,187,163.31,144.70,52.06,141.29,0.8312,-1,-1,-1
772,185,83.03,151.63,49.64,133.14,0.7170,-1,-1,-1
772,183,45.74,156.12,37.80,104.28,0.6338,-1,-1,-1
772,158,343.85,92.63,89.95,293.70,0.8169,-1,-1,-1
772,138,211.25,89.68,100.43,297.44,0.8952,-1,-1,-1
772,90,494.22,0.00,145.63,475.16,0.8111,-1,-1,-1
773,187,148.68,140.05,61.76,147.17,0.8453,-1,-1,-1
773,185,72.93,151.48,47.36,132.56,0.7890,-1,-1,-1
773,183,42.95,155.55,38.41,103.05,0.6627,-1,-1,-1
773,158,338.11,87.42,96.43,291.23,0.8604,-1,-1,-1
773,138,212.79,89.38,97.95,293.78,0.8925,-1,-1,-1
773,90,493.37,0.00,146.49,474.76,0.7821,-1,-1,-1
774,187,154.03,136.56,51.65,154.48,0.8334,-1,-1,-1
774,185,66.14,150.32,49.44,134.47,0.6663,-1,-1,-1
774,183,44.68,158.47,38.48,93.39,0.4213,-1,-1,-1
774,158,335.42,87.84,97.26,294.96,0.8504,-1,-1,-1
774,138,219.24,87.39,93.90,287.07,0.8911,-1,-1,-1
774,90,494.51,4.71,145.49,472.41,0.8449,-1,-1,-1
775,187,152.11,138.33,52.06,159.24,0.8538,-1,-1,-1
775,186,88.79,156.82,37.69,103.96,0.4665,-1,-1,-1
775,185,66.19,153.91,42.10,132.78,0.4784,-1,-1,-1
775,183,43.43,155.06,39.43,110.06,0.4446,-1,-1,-1
775,158,337.52,88.49,94.54,300.39,0.7955,-1,-1,-1
775,138,215.23,87.03,99.47,277.72,0.8734,-1,-1,-1
775,90,463.67,18.45,124.41,433.71,0.7888,-1,-1,-1
776,189,496.76,0.00,143.09,479.78,0.8019,-1,-1,-1
776,187,144.95,139.50,54.48,161.58,0.8229,-1,-1,-1
776,186,89.73,172.89,34.81,91.59,0.6757,-1,-1,-1
776,185,43.91,152.03,52.12,135.75,0.6148,-1,-1,-1
776,158,338.75,94.32,92.64,302.67,0.8507,-1,-1,-1
776,138,212.16,87.95,103.86,280.45,0.8758,-1,-1,-1
776,90,412.75,22.61,166.26,419.07,0.7638,-1,-1,-1
777,189,495.31,0.00,144.57,479.92,0.7785,-1,-1,-1
777,187,142.17,138.29,54.36,167.09,0.8225,-1,-1,-1
777,186,93.60,170.49,31.24,94.11,0.6624,-1,-1,-1
777,185,38.56,150.88,52.18,138.87,0.5965,-1,-1,-1
777,158,337.33,95.69,91.45,302.21,0.8432,-1,-1,-1
777,138,208.69,91.39,107.98,280.92,0.8753,-1,-1,-1
777,90,400.24,32.35,170.27,407.09,0.7582,-1,-1,-1
778,189,515.86,0.00,123.98,476.18,0.7293,-1,-1,-1
778,187,132.43,134.74,63.32,175.82,0.8303,-1,-1,-1
778,186,92.47,164.98,39.84,101.88,0.6737,-1,-1,-1
778,185,26.34,153.05,61.38,139.60,0.7981,-1,-1,-1
778,158,342.26,96.15,88.08,300.88,0.8533,-1,-1,-1
778,138,208.17,97.62,114.23,283.04,0.8373,-1,-1,-1
778,90,407.50,26.48,155.96,423.78,0.8356,-1,-1,-1
779,191,209.75,136.94,47.15,184.01,0.7212,-1,-1,-1
779,189,508.15,5.28,131.08,474.72,0.7734,-1,-1,-1
779,187,137.94,133.57,59.14,182.31,0.8355,-1,-1,-1
779,185,23.39,157.83,58.93,138.28,0.8341,-1,-1,-1
779,174,106.29,168.47,29.69,102.15,0.7604,-1,-1,-1
779,158,349.62,98.18,87.98,267.98,0.6219,-1,-1,-1
779,138,234.14,106.77,93.90,278.92,0.8142,-1,-1,-1
779,90,416.01,26.27,145.75,451.75,0.8537,-1,-1,-1
780,192,72.86,160.45,29.56,111.96,0.6269,-1,-1,-1
780,191,212.17,135.73,47.15,188.85,0.7478,-1,-1,-1
780,189,494.04,1.14,145.58,478.86,0.8530,-1,-1,-1
780,187,131.53,130.09,67.41,185.77,0.8557,-1,-1,-1
780,186,108.34,166.60,31.38,105.21,0.7851,-1,-1,-1
780,185,19.26,156.60,62.25,139.55,0.7972,-1,-1,-1
780,158,351.38,95.47,86.05,286.20,0.5686,-1,-1,-1
780,138,236.35,107.21,93.22,273.57,0.8387,-1,-1,-1
780,90,419.49,20.63,119.69,451.60,0.7413,-1,-1,-1
781,192,69.04,159.95,42.84,113.32,0.6689,-1,-1,-1
781,191,210.45,129.62,48.29,200.54,0.7601,-1,-1,-1
781,189,466.21,1.61,173.38,476.57,0.8815,-1,-1,-1
781,187,126.57,125.66,70.00,198.14,0.8482,-1,-1,-1
781,186,110.38,165.16,24.75,103.84,0.6570,-1,-1,-1
781,185,17.74,153.62,60.01,142.04,0.7574,-1,-1,-1
781,158,353.97,95.51,78.63,194.03,0.4020,-1,-1,-1
781,138,238.68,102.77,93.60,268.02,0.8507,-1,-1,-1
781,90,388.59,16.57,135.93,454.35,0.7431,-1,-1,-1
782,192,71.59,160.11,46.17,113.96,0.7202,-1,-1,-1
782,191,200.77,125.62,59.26,207.04,0.8034,-1,-1,-1
782,189,450.34,1.93,189.23,478.07,0.8590,-1,-1,-1
782,187,114.25,125.83,80.77,201.20,0.8544,-1,-1,-1
782,186,110.89,168.51,23.24,101.27,0.3542,-1,-1,-1
782,185,13.13,152.03,57.46,144.71,0.8250,-1,-1,-1
782,138,244.48,102.87,88.22,264.14,0.8660,-1,-1,-1
782,90,392.28,26.58,109.60,435.87,0.6727,-1,-1,-1
783,192,75.19,161.35,45.31,114.03,0.7134,-1,-1,-1
783,191,199.87,121.90,59.67,212.48,0.8242,-1,-1,-1
783,189,452.44,1.58,187.15,478.15,0.7669,-1,-1,-1
783,187,110.11,125.24,82.60,210.52,0.8765,-1,-1,-1
783,185,9.65,150.87,51.29,146.04,0.7801,-1,-1,-1
783,158,347.46,141.05,79.96,295.96,0.4363,-1,-1,-1
783,138,252.40,103.59,79.83,257.19,0.8780,-1,-1,-1
783,90,390.79,28.96,111.82,443.03,0.6799,-1,-1,-1
784,192,77.85,158.42,38.71,119.88,0.6722,-1,-1,-1
784,191,194.60,120.61,67.16,219.53,0.8474,-1,-1,-1
784,189,457.05,1.10,182.30,477.84,0.8210,-1,-1,-1
784,187,107.50,123.12,77.91,220.02,0.8513,-1,-1,-1
784,185,8.54,152.97,48.65,148.53,0.7225,-1,-1,-1
784,138,257.74,107.52,76.82,256.55,0.8734,-1,-1,-1
784,90,355.24,33.54,132.07,416.57,0.7994,-1,-1,-1
785,191,180.80,115.43,78.50,230.90,0.8657,-1,-1,-1
785,189,465.16,1.42,174.31,441.36,0.6821,-1,-1,-1
785,187,90.65,116.00,86.24,232.11,0.8835,-1,-1,-1
785,185,0.38,156.78,39.17,145.55,0.6695,-1,-1,-1
785,183,27.59,166.50,26.68,104.40,0.3085,-1,-1,-1
785,138,256.41,109.67,71.68,257.94,0.8594,-1,-1,-1
785,90,353.34,32.83,135.61,444.63,0.8155,-1,-1,-1
786,191,162.47,113.80,85.01,242.22,0.8595,-1,-1,-1
786,189,480.86,1.07,158.76,445.72,0.6973,-1,-1,-1
786,187,65.65,109.01,99.43,240.28,0.8668,-1,-1,-1
786,185,0.20,157.86,24.51,145.21,0.5807,-1,-1,-1
786,183,12.64,169.61,34.27,102.91,0.4376,-1,-1,-1
786,182,50.66,172.42,26.91,101.10,0.3672,-1,-1,-1
786,138,252.19,117.84,73.92,249.72,0.8585,-1,-1,-1
786,90,347.16,34.76,134.44,419.55,0.5780,-1,-1,-1
787,191,152.23,112.51,92.09,249.10,0.8750,-1,-1,-1
787,189,494.90,0.62,144.70,476.77,0.6920,-1,-1,-1
787,187,54.00,105.40,102.16,247.74,0.8492,-1,-1,-1
787,185,0.14,160.14,19.19,143.00,0.4148,-1,-1,-1
787,183,10.33,170.05,30.48,104.43,0.3971,-1,-1,-1
787,138,254.24,120.33,70.47,247.65,0.8669,-1,-1,-1
787,90,340.85,33.75,162.83,421.57,0.7766,-1,-1,-1
788,195,455.02,27.24,78.78,421.80,0.5082,-1,-1,-1
788,191,138.50,106.12,97.78,272.76,0.8488,-1,-1,-1
788,189,502.46,0.40,137.17,476.84,0.7230,-1,-1,-1
788,187,37.89,99.99,108.96,267.45,0.8610,-1,-1,-1
788,183,0.17,169.01,37.88,108.61,0.4608,-1,-1,-1
788,138,252.72,119.16,72.65,249.97,0.8295,-1,-1,-1
788,90,333.37,34.01,191.61,433.09,0.8444,-1,-1,-1
789,195,433.50,27.79,106.09,429.83,0.7557,-1,-1,-1
789,193,324.09,45.71,115.85,430.84,0.6926,-1,-1,-1
789,191,128.60,100.55,90.77,288.76,0.8425,-1,-1,-1
789,189,500.96,1.26,138.68,475.95,0.8184,-1,-1,-1
789,187,15.57,97.89,117.60,278.77,0.8860,-1,-1,-1
789,138,249.68,117.41,72.10,239.62,0.8371,-1,-1,-1
790,195,434.50,37.28,102.94,426.54,0.7759,-1,-1,-1
790,191,120.03,94.24,84.77,306.36,0.8757,-1,-1,-1
790,189,497.50,1.65,142.05,436.05,0.7148,-1,-1,-1
790,187,2.83,97.22,112.22,299.95,0.8843,-1,-1,-1
790,138,241.19,121.55,79.14,233.20,0.8173,-1,-1,-1
790,90,316.93,48.83,171.02,431.17,0.8287,-1,-1,-1
791,195,430.92,43.34,104.27,427.98,0.7953,-1,-1,-1
791,191,104.23,85.74,91.20,318.54,0.8661,-1,-1,-1
791,189,490.21,0.68,149.39,478.52,0.8341,-1,-1,-1
791,187,0.00,90.36,111.98,325.05,0.8880,-1,-1,-1
791,138,232.47,123.80,83.56,228.56,0.8097,-1,-1,-1
791,90,310.76,56.85,146.40,421.49,0.8427,-1,-1,-1
792,197,193.53,194.08,29.86,89.30,0.6554,-1,-1,-1
792,195,418.75,49.73,115.32,423.21,0.8233,-1,-1,-1
792,191,77.87,80.26,106.44,338.93,0.8885,-1,-1,-1
792,189,492.98,4.32,146.77,472.94,0.7421,-1,-1,-1
792,187,0.33,81.62,89.37,341.07,0.8757,-1,-1,-1
792,138,227.12,130.01,84.25,240.54,0.7870,-1,-1,-1
792,90,307.98,62.66,151.80,414.94,0.7610,-1,-1,-1
793,197,186.27,192.79,29.34,87.11,0.4399,-1,-1,-1
793,195,415.84,43.02,120.03,396.90,0.8426,-1,-1,-1
793,191,16.34,67.38,152.51,374.58,0.8861,-1,-1,-1
793,189,506.01,1.91,133.68,477.10,0.8545,-1,-1,-1
793,187,0.11,62.81,74.41,359.50,0.8355,-1,-1,-1
793,138,218.25,129.51,90.45,242.93,0.7211,-1,-1,-1
793,90,301.34,59.80,186.05,392.25,0.6963,-1,-1,-1
794,197,180.73,179.48,31.71,91.99,0.5682,-1,-1,-1
794,195,405.49,30.12,133.66,411.37,0.8679,-1,-1,-1
794,191,0.40,48.23,153.02,395.25,0.8852,-1,-1,-1
794,189,518.53,2.11,121.12,476.85,0.8623,-1,-1,-1
794,187,0.03,73.61,57.07,349.03,0.7249,-1,-1,-1
794,138,219.47,123.75,83.23,235.09,0.7994,-1,-1,-1
794,90,296.52,51.52,128.49,384.13,0.6648,-1,-1,-1
795,197,171.83,180.86,45.31,94.99,0.6754,-1,-1,-1
795,195,401.95,32.35,131.20,404.96,0.8396,-1,-1,-1
795,191,0.00,32.00,125.12,443.09,0.8587,-1,-1,-1
795,189,517.19,0.80,122.65,476.41,0.7900,-1,-1,-1
795,138,219.37,126.06,77.48,211.36,0.7972,-1,-1,-1
795,90,294.04,60.13,132.58,388.93,0.8352,-1,-1,-1
796,200,123.04,176.49,39.04,99.64,0.7287,-1,-1,-1
796,197,173.49,184.94,41.12,95.31,0.3718,-1,-1,-1
796,195,409.27,40.48,123.50,406.18,0.8704,-1,-1,-1
796,191,0.15,20.63,110.93,440.84,0.6840,-1,-1,-1
796,189,525.63,0.78,114.22,476.06,0.7073,-1,-1,-1
796,138,218.66,128.89,79.16,220.07,0.8278,-1,-1,-1
796,90,292.57,67.61,172.34,390.69,0.6594,-1,-1,-1
797,200,111.56,170.59,46.20,101.29,0.7065,-1,-1,-1
797,197,170.01,181.41,25.40,95.95,0.6547,-1,-1,-1
797,195,403.00,36.19,126.03,410.90,0.8410,-1,-1,-1
797,191,0.16,0.46,83.82,437.68,0.4562,-1,-1,-1
797,189,541.75,1.82,97.96,474.21,0.7927,-1,-1,-1
797,174,74.57,162.09,27.16,118.67,0.5691,-1,-1,-1
797,138,227.48,120.58,67.54,223.76,0.8223,-1,-1,-1
797,90,285.53,63.66,127.04,395.87,0.6521,-1,-1,-1
798,200,110.11,171.66,45.41,103.47,0.7266,-1,-1,-1
798,197,165.41,180.97,30.90,97.96,0.5265,-1,-1,-1
798,195,406.08,38.17,121.24,415.85,0.8133,-1,-1,-1
798,191,0.18,9.67,57.60,300.34,0.5533,-1,-1,-1
798,189,512.18,0.54,127.50,477.34,0.8715,-1,-1,-1
798,174,69.21,160.04,34.35,121.77,0.7031,-1,-1,-1
798,138,228.99,120.51,64.89,227.46,0.8256,-1,-1,-1
798,90,280.77,65.49,135.37,399.12,0.5836,-1,-1,-1
799,202,211.62,187.31,25.16,79.67,0.4526,-1,-1,-1
799,200,107.37,169.43,46.98,106.95,0.7090,-1,-1,-1
799,197,164.04,179.44,36.56,100.85,0.5627,-1,-1,-1
799,195,382.46,39.40,140.66,372.01,0.7047,-1,-1,-1
799,189,477.45,1.54,162.17,474.38,0.8824,-1,-1,-1
799,182,30.20,152.68,40.97,110.75,0.4345,-1,-1,-1
799,174,67.49,159.42,35.18,123.84,0.7397,-1,-1,-1
799,138,229.92,122.40,62.24,226.20,0.7989,-1,-1,-1
799,90,282.95,64.59,134.78,399.82,0.5660,-1,-1,-1
800,202,207.97,181.88,25.35,80.72,0.6075,-1,-1,-1
800,200,98.18,163.04,47.79,109.85,0.7176,-1,-1,-1
800,197,157.25,173.85,43.55,103.73,0.7339,-1,-1,-1
800,195,406.67,31.26,106.72,387.15,0.8385,-1,-1,-1
800,193,275.51,55.72,181.39,363.40,0.8003,-1,-1,-1
800,189,454.84,1.57,184.87,474.56,0.8552,-1,-1,-1
800,182,24.60,147.01,42.41,90.67,0.4869,-1,-1,-1
800,174,61.90,155.39,35.95,124.15,0.7692,-1,-1,-1
800,138,227.33,123.44,59.72,221.12,0.8193,-1,-1,-1
801,202,201.85,188.20,31.13,79.08,0.3902,-1,-1,-1
801,200,95.84,165.91,28.92,111.58,0.6880,-1,-1,-1
801,197,156.07,177.76,37.71,103.60,0.6913,-1,-1,-1
801,195,402.75,33.20,104.98,409.58,0.7888,-1,-1,-1
801,193,276.14,56.72,189.00,385.21,0.7663,-1,-1,-1
801,189,446.96,1.31,192.61,477.47,0.5273,-1,-1,-1
801,182,22.17,149.71,34.68,95.36,0.4127,-1,-1,-1
801,174,58.84,159.12,34.54,125.04,0.7561,-1,-1,-1
801,138,228.10,129.63,56.08,225.34,0.8157,-1,-1,-1
802,202,201.13,187.34,31.03,83.40,0.6410,-1,-1,-1
802,200,89.74,163.56,30.18,116.56,0.6546,-1,-1,-1
802,197,156.01,176.38,45.44,107.97,0.6895,-1,-1,-1
802,195,401.59,31.90,105.01,404.42,0.7721,-1,-1,-1
802,189,455.52,1.62,184.28,474.31,0.6793,-1,-1,-1
802,182,21.97,154.94,30.35,91.75,0.5379,-1,-1,-1
802,174,58.02,159.24,35.23,125.64,0.7428,-1,-1,-1
802,138,229.85,131.77,56.12,214.82,0.7733,-1,-1,-1
802,90,275.24,57.19,125.55,380.04,0.6434,-1,-1,-1
803,202,200.62,189.14,31.37,83.12,0.7223,-1,-1,-1
803,200,89.58,165.80,28.40,111.14,0.5836,-1,-1,-1
803,197,157.02,178.83,38.37,108.76,0.6219,-1,-1,-1
803,195,399.74,33.95,107.21,402.39,0.7496,-1,-1,-1
803,193,276.31,58.98,121.98,384.61,0.5341,-1,-1,-1
803,189,461.37,1.55,178.45,478.45,0.6627,-1,-1,-1
803,174,57.83,159.71,38.40,128.13,0.7008,-1,-1,-1
803,138,232.55,131.33,51.30,191.05,0.8263,-1,-1,-1
804,202,205.46,189.91,28.50,84.93,0.5804,-1,-1,-1
804,200,91.98,167.37,28.31,116.46,0.4932,-1,-1,-1
804,197,161.37,181.95,34.65,109.68,0.5425,-1,-1,-1
804,195,411.84,33.23,128.92,412.60,0.7165,-1,-1,-1
804,193,282.66,63.07,194.53,390.21,0.8301,-1,-1,-1
804,189,478.35,1.35,161.48,478.65,0.7692,-1,-1,-1
804,182,25.14,149.04,42.27,121.39,0.4972,-1,-1,-1
804,174,61.99,162.28,38.48,128.79,0.7040,-1,-1,-1
804,138,234.47,132.89,58.83,203.25,0.7565,-1,-1,-1
805,200,66.92,158.23,54.46,130.15,0.4999,-1,-1,-1
805,197,163.14,177.45,33.91,112.36,0.5990,-1,-1,-1
805,196,208.23,185.51,31.23,87.12,0.7206,-1,-1,-1
805,195,420.59,32.83,114.35,423.83,0.8363,-1,-1,-1
805,193,290.51,59.40,203.45,404.57,0.7459,-1,-1,-1
805,189,494.17,0.28,145.67,435.73,0.6382,-1,-1,-1
805,182,28.02,144.55,39.93,133.99,0.4514,-1,-1,-1
805,138,238.25,129.22,63.30,206.02,0.7942,-1,-1,-1
806,200,70.74,159.22,54.55,130.50,0.7622,-1,-1,-1
806,197,167.94,176.04,37.70,115.13,0.4664,-1,-1,-1
806,196,214.80,185.77,29.10,88.94,0.7033,-1,-1,-1
806,195,429.10,36.08,124.48,429.59,0.8649,-1,-1,-1
806,193,298.61,62.55,214.90,409.58,0.7816,-1,-1,-1
806,189,516.91,0.71,122.92,272.53,0.5468,-1,-1,-1
806,182,27.32,145.86,51.23,152.34,0.6764,-1,-1,-1
806,138,240.85,129.85,72.16,207.03,0.8300,-1,-1,-1
807,200,75.79,156.99,52.26,131.67,0.7754,-1,-1,-1
807,197,172.68,174.71,44.17,118.39,0.7467,-1,-1,-1
807,196,218.22,187.06,29.20,88.58,0.6868,-1,-1,-1
807,195,440.46,39.41,127.26,424.47,0.7892,-1,-1,-1
807,193,309.55,58.82,216.26,409.80,0.6319,-1,-1,-1
807,189,540.52,30.30,99.35,267.04,0.5785,-1,-1,-1
807,182,32.49,144.09,49.09,151.15,0.6957,-1,-1,-1
807,138,244.14,131.59,77.96,200.14,0.8391,-1,-1,-1
808,200,79.40,154.24,48.83,131.89,0.7696,-1,-1,-1
808,197,177.39,170.77,48.01,120.03,0.7063,-1,-1,-1
808,196,222.36,183.79,27.60,90.99,0.7182,-1,-1,-1
808,195,450.59,35.20,130.50,422.26,0.8552,-1,-1,-1
808,193,323.01,53.05,212.06,408.65,0.8348,-1,-1,-1
808,189,567.35,88.59,72.54,197.30,0.8134,-1,-1,-1
808,182,42.78,140.47,41.16,154.30,0.6285,-1,-1,-1
808,138,253.63,131.33,74.98,192.89,0.8165,-1,-1,-1
809,200,91.57,157.42,37.65,131.23,0.7445,-1,-1,-1
809,197,185.77,172.34,49.88,124.10,0.8301,-1,-1,-1
809,196,233.37,186.20,28.91,91.27,0.7444,-1,-1,-1
809,195,468.54,31.87,142.63,419.85,0.8561,-1,-1,-1
809,193,336.29,50.12,220.89,394.19,0.5773,-1,-1,-1
809,182,56.81,143.69,36.89,149.83,0.6199,-1,-1,-1
809,138,264.18,136.41,75.90,198.48,0.8218,-1,-1,-1
810,200,97.70,158.03,36.50,136.40,0.7162,-1,-1,-1
810,197,190.50,174.45,51.62,126.68,0.7031,-1,-1,-1
810,196,238.67,188.48,28.82,91.84,0.7076,-1,-1,-1
810,195,471.71,30.63,151.03,412.99,0.8275,-1,-1,-1
810,193,342.05,49.79,158.23,396.06,0.6034,-1,-1,-1
810,182,64.46,145.83,38.98,156.40,0.7110,-1,-1,-1
810,138,277.33,138.35,70.22,202.82,0.8346,-1,-1,-1
811,203,268.81,191.80,21.26,85.24,0.7301,-1,-1,-1
811,200,100.06,152.76,38.20,139.29,0.5750,-1,-1,-1
811,197,189.37,171.41,52.92,129.49,0.7866,-1,-1,-1
811,196,242.04,184.08,30.22,93.46,0.7313,-1,-1,-1
811,195,487.40,23.62,144.95,427.35,0.8637,-1,-1,-1
811,193,358.13,44.28,116.61,406.84,0.6246,-1,-1,-1
811,182,66.29,147.58,42.26,150.30,0.4988,-1,-1,-1
811,138,286.39,132.62,66.38,214.98,0.8328,-1,-1,-1
812,203,270.18,191.97,24.38,86.93,0.6399,-1,-1,-1
812,200,101.30,150.32,39.60,143.59,0.7200,-1,-1,-1
812,197,190.34,171.37,54.76,133.17,0.8084,-1,-1,-1
812,196,242.61,181.01,32.89,98.05,0.6975,-1,-1,-1
812,195,490.97,24.91,148.00,435.08,0.8061,-1,-1,-1
812,193,371.05,42.74,138.01,419.74,0.5678,-1,-1,-1
812,182,67.70,145.89,40.81,157.13,0.6792,-1,-1,-1
812,138,293.36,129.83,64.63,209.44,0.8549,-1,-1,-1
813,203,264.46,195.54,30.26,86.07,0.6111,-1,-1,-1
813,200,101.19,152.80,42.07,143.32,0.6553,-1,-1,-1
813,197,187.10,168.68,57.96,136.91,0.8110,-1,-1,-1
813,196,240.71,180.01,35.86,101.87,0.6363,-1,-1,-1
813,195,505.11,30.23,134.41,441.23,0.8337,-1,-1,-1
813,193,376.12,40.50,138.27,431.18,0.8389,-1,-1,-1
813,182,51.89,145.37,54.14,154.06,0.6671,-1,-1,-1
813,138,298.24,130.65,60.78,210.65,0.8460,-1,-1,-1
814,203,269.44,194.88,26.78,85.74,0.6237,-1,-1,-1
814,200,103.44,149.05,38.21,145.44,0.7002,-1,-1,-1
814,197,186.11,162.38,59.66,142.67,0.8206,-1,-1,-1
814,196,237.75,177.03,39.52,104.52,0.7299,-1,-1,-1
814,195,510.72,30.74,129.27,442.58,0.8388,-1,-1,-1
814,193,365.49,34.88,157.33,445.12,0.5980,-1,-1,-1
814,182,48.49,138.90,58.34,160.69,0.7063,-1,-1,-1
814,138,302.07,129.98,63.07,210.63,0.8486,-1,-1,-1
815,203,270.30,194.20,26.47,89.08,0.6751,-1,-1,-1
815,200,100.73,148.23,41.73,149.83,0.6534,-1,-1,-1
815,197,183.34,161.81,61.72,146.24,0.7414,-1,-1,-1
815,196,240.29,179.05,35.72,105.47,0.6980,-1,-1,-1
815,195,516.51,30.68,123.45,442.64,0.8575,-1,-1,-1
815,193,377.16,25.22,220.77,454.78,0.6133,-1,-1,-1
815,182,49.04,142.42,55.84,161.35,0.6796,-1,-1,-1
815,138,305.96,134.14,62.62,211.63,0.8164,-1,-1,-1
816,203,269.46,191.52,25.65,90.84,0.6538,-1,-1,-1
816,200,99.73,149.19,41.50,147.25,0.6948,-1,-1,-1
816,197,175.90,159.06,65.19,150.08,0.7011,-1,-1,-1
816,196,237.30,174.96,35.85,110.01,0.7413,-1,-1,-1
816,195,519.43,26.73,120.56,425.80,0.8744,-1,-1,-1
816,194,60.06,138.86,45.78,160.12,0.5153,-1,-1,-1
816,193,383.09,25.11,130.59,454.03,0.6092,-1,-1,-1
816,182,43.81,170.04,28.17,130.13,0.3199,-1,-1,-1
816,138,311.36,136.03,56.93,210.45,0.7723,-1,-1,-1
817,203,268.79,192.04,23.56,87.26,0.6612,-1,-1,-1
817,200,98.18,147.61,39.36,148.11,0.7007,-1,-1,-1
817,197,168.61,156.85,69.26,154.30,0.7468,-1,-1,-1
817,196,235.92,173.33,35.69,109.89,0.6606,-1,-1,-1
817,195,521.95,22.24,118.03,432.86,0.8915,-1,-1,-1
817,194,59.70,135.90,46.60,168.62,0.4931,-1,-1,-1
817,193,382.44,5.91,165.36,455.96,0.7705,-1,-1,-1
817,182,30.09,145.34,37.62,155.03,0.4431,-1,-1,-1
817,138,312.96,134.54,60.51,210.27,0.8088,-1,-1,-1
818,204,288.13,177.73,30.01,92.16,0.7278,-1,-1,-1
818,203,266.53,187.29,26.80,95.74,0.6998,-1,-1,-1
818,200,96.27,145.85,39.16,151.08,0.7056,-1,-1,-1
818,197,172.51,156.95,65.36,161.43,0.7521,-1,-1,-1
818,196,231.05,168.93,38.52,115.43,0.7654,-1,-1,-1
818,195,527.96,11.58,111.90,442.76,0.8194,-1,-1,-1
818,194,56.70,133.63,48.89,172.39,0.3484,-1,-1,-1
818,193,387.81,9.08,146.95,457.78,0.7846,-1,-1,-1
818,182,13.04,135.70,55.00,168.10,0.6368,-1,-1,-1
818,138,317.56,132.03,61.48,210.26,0.8177,-1,-1,-1
819,204,288.84,179.02,29.09,92.23,0.6380,-1,-1,-1
819,203,265.53,188.53,28.08,97.96,0.6751,-1,-1,-1
819,200,93.70,145.97,40.12,153.71,0.7342,-1,-1,-1
819,197,167.60,157.92,69.22,164.31,0.7693,-1,-1,-1
819,196,228.28,167.94,39.80,118.72,0.7896,-1,-1,-1
819,195,538.01,9.46,101.95,452.73,0.8775,-1,-1,-1
819,194,54.43,133.16,44.89,114.53,0.3448,-1,-1,-1
819,193,407.25,7.85,137.05,460.62,0.8687,-1,-1,-1
819,182,0.40,138.47,60.33,168.13,0.7191,-1,-1,-1
819,138,318.56,129.86,61.83,205.63,0.8328,-1,-1,-1
820,204,282.77,182.87,30.21,91.98,0.6394,-1,-1,-1
820,203,260.41,190.27,28.70,101.51,0.7276,-1,-1,-1
820,200,82.94,146.69,43.52,159.27,0.7492,-1,-1,-1
820,197,150.58,154.61,78.81,174.36,0.7140,-1,-1,-1
820,196,221.46,170.93,41.92,123.08,0.7659,-1,-1,-1
820,195,548.64,11.51,91.22,468.49,0.8740,-1,-1,-1
820,194,44.28,134.55,42.14,118.47,0.4477,-1,-1,-1
820,193,411.68,9.25,160.76,470.22,0.8325,-1,-1,-1
820,182,0.18,143.90,48.86,166.39,0.7158,-1,-1,-1
820,138,312.94,131.18,66.79,207.42,0.8128,-1,-1,-1
821,204,277.81,177.26,31.02,95.95,0.6412,-1,-1,-1
821,203,253.50,187.33,28.42,103.50,0.6727,-1,-1,-1
821,200,75.53,143.04,45.72,157.91,0.7890,-1,-1,-1
821,197,145.15,147.87,74.93,179.80,0.7663,-1,-1,-1
821,196,214.68,166.41,42.05,125.82,0.7414,-1,-1,-1
821,195,553.39,10.95,86.48,469.05,0.8854,-1,-1,-1
821,194,34.47,128.82,50.17,186.53,0.7401,-1,-1,-1
821,193,409.34,4.82,152.52,475.18,0.8158,-1,-1,-1
821,182,0.11,136.82,37.38,171.70,0.7425,-1,-1,-1
821,138,308.29,128.92,68.78,205.07,0.8151,-1,-1,-1
822,204,270.45,177.21,33.51,97.17,0.6782,-1,-1,-1
822,203,247.58,189.15,29.27,104.81,0.7229,-1,-1,-1
822,200,65.40,141.33,46.62,162.59,0.7521,-1,-1,-1
822,197,134.15,143.91,77.55,187.90,0.8068,-1,-1,-1
822,196,207.36,166.71,43.13,128.47,0.8001,-1,-1,-1
822,195,565.31,12.39,74.69,467.61,0.8535,-1,-1,-1
822,194,23.14,122.25,44.87,118.98,0.4540,-1,-1,-1
822,193,417.01,5.49,154.26,474.51,0.8657,-1,-1,-1
822,138,305.49,130.72,80.22,206.55,0.8354,-1,-1,-1
823,205,379.02,119.38,70.17,165.32,0.4704,-1,-1,-1
823,204,272.03,175.25,34.06,105.13,0.6376,-1,-1,-1
823,203,248.22,184.28,31.31,115.45,0.7215,-1,-1,-1
823,200,64.17,142.63,46.31,166.58,0.8119,-1,-1,-1
823,197,127.56,144.49,81.29,193.01,0.8535,-1,-1,-1
823,196,205.35,168.35,45.32,133.84,0.7769,-1,-1,-1
823,195,574.60,14.59,65.23,465.41,0.7658,-1,-1,-1
823,194,19.69,128.64,48.34,122.23,0.4759,-1,-1,-1
823,193,431.79,3.29,149.70,470.94,0.8634,-1,-1,-1
823,138,305.47,138.02,82.52,206.75,0.8052,-1,-1,-1
824,205,379.59,114.31,82.20,288.67,0.6824,-1,-1,-1
824,204,264.89,174.76,34.93,102.72,0.7265,-1,-1,-1
824,203,242.54,179.12,33.16,117.59,0.7710,-1,-1,-1
824,200,57.42,141.76,45.96,167.43,0.7654,-1,-1,-1
824,197,115.54,138.39,84.30,203.68,0.8517,-1,-1,-1
824,196,197.41,163.74,44.79,139.21,0.7686,-1,-1,-1
824,195,570.78,7.55,69.03,456.82,0.7307,-1,-1,-1
824,194,10.05,125.69,54.60,195.12,0.5992,-1,-1,-1
824,193,445.02,1.11,162.66,478.89,0.8450,-1,-1,-1
824,138,309.12,137.19,76.07,207.21,0.7842,-1,-1,-1
825,205,379.58,113.01,87.36,229.03,0.6577,-1,-1,-1
825,204,262.37,173.68,34.61,105.66,0.6915,-1,-1,-1
825,203,236.65,181.24,38.13,120.35,0.7780,-1,-1,-1
825,200,49.38,138.03,48.33,172.43,0.7610,-1,-1,-1
825,197,93.07,136.44,102.53,215.15,0.8596,-1,-1,-1
825,196,188.52,158.76,48.17,144.25,0.7695,-1,-1,-1
825,195,584.77,3.49,55.10,444.39,0.3485,-1,-1,-1
825,194,1.29,120.43,46.80,125.08,0.3732,-1,-1,-1
825,193,454.32,0.32,182.91,479.68,0.8730,-1,-1,-1
825,138,310.46,136.31,76.33,206.36,0.7867,-1,-1,-1
826,206,294.69,169.72,26.25,100.50,0.4902,-1,-1,-1
826,205,380.72,106.63,87.70,262.68,0.5903,-1,-1,-1
826,204,261.07,171.20,32.87,104.21,0.6679,-1,-1,-1
826,203,231.49,174.77,38.29,126.46,0.7521,-1,-1,-1
826,200,42.85,131.25,50.12,177.79,0.7053,-1,-1,-1
826,197,83.80,129.92,109.54,226.95,0.8858,-1,-1,-1
826,196,180.67,151.73,50.41,148.52,0.8041,-1,-1,-1
826,194,0.00,112.03,49.52,206.62,0.4643,-1,-1,-1
826,193,465.32,0.51,174.50,479.16,0.9122,-1,-1,-1
826,138,311.52,130.15,73.06,205.15,0.8164,-1,-1,-1
827,206,287.24,175.23,30.07,99.73,0.5400,-1,-1,-1
827,205,373.71,112.26,93.26,269.24,0.8234,-1,-1,-1
827,204,251.56,174.34,34.09,108.40,0.6817,-1,-1,-1
827,203,218.99,180.00,40.87,131.24,0.7611,-1,-1,-1
827,200,29.96,129.98,47.64,182.09,0.6746,-1,-1,-1
827,197,67.08,123.87,100.75,242.65,0.8608,-1,-1,-1
827,196,157.15,156.23,64.11,154.88,0.8150,-1,-1,-1
827,193,473.05,0.80,166.84,479.20,0.8848,-1,-1,-1
827,138,310.23,131.19,68.67,203.68,0.8229,-1,-1,-1
828,206,286.95,175.96,29.22,100.04,0.6320,-1,-1,-1
828,205,372.59,113.78,96.42,272.04,0.7752,-1,-1,-1
828,204,248.81,173.20,36.36,110.32,0.7180,-1,-1,-1
828,203,217.46,178.02,39.54,135.32,0.7917,-1,-1,-1
828,200,25.41,130.42,59.45,184.51,0.6805,-1,-1,-1
828,197,61.81,116.17,99.22,251.94,0.8610,-1,-1,-1
828,196,151.39,153.92,67.21,158.35,0.7980,-1,-1,-1
828,194,0.00,109.55,32.88,214.97,0.4922,-1,-1,-1
828,193,487.02,1.13,152.92,478.25,0.9011,-1,-1,-1
828,138,312.41,131.79,66.07,204.30,0.8254,-1,-1,-1
829,206,288.21,172.10,33.53,101.63,0.6966,-1,-1,-1
829,205,376.94,113.30,104.21,275.75,0.7910,-1,-1,-1
829,204,245.38,168.13,41.01,116.21,0.6901,-1,-1,-1
829,203,213.13,175.14,43.39,139.14,0.7382,-1,-1,-1
829,200,22.65,127.23,52.35,187.20,0.7469,-1,-1,-1
829,197,56.91,109.78,98.48,263.97,0.8514,-1,-1,-1
829,196,152.66,149.09,59.85,169.08,0.8736,-1,-1,-1
829,193,507.69,0.82,132.31,479.18,0.8759,-1,-1,-1
829,138,317.46,130.68,63.33,206.51,0.8095,-1,-1,-1
830,206,291.89,175.58,33.06,102.25,0.7840,-1,-1,-1
830,205,380.31,119.11,102.32,272.26,0.8317,-1,-1,-1
830,204,247.00,176.15,38.29,112.72,0.6786,-1,-1,-1
830,203,209.79,176.22,44.54,146.04,0.7120,-1,-1,-1
830,197,21.44,108.61,124.19,278.93,0.8580,-1,-1,-1
830,196,150.08,151.71,59.85,174.23,0.8620,-1,-1,-1
830,194,0.08,115.82,22.52,134.77,0.3354,-1,-1,-1
830,193,521.17,0.00,118.62,480.00,0.8586,-1,-1,-1
830,138,320.56,139.22,62.86,203.17,0.8560,-1,-1,-1
831,206,286.64,174.25,36.25,101.87,0.7748,-1,-1,-1
831,205,377.82,115.64,102.84,277.37,0.8369,-1,-1,-1
831,204,242.92,170.51,35.70,119.38,0.7147,-1,-1,-1
831,203,204.85,170.49,44.80,153.53,0.7439,-1,-1,-1
831,197,8.90,104.51,125.42,293.03,0.8526,-1,-1,-1
831,196,140.44,144.46,61.85,183.13,0.8519,-1,-1,-1
831,193,531.36,0.17,108.41,478.09,0.8641,-1,-1,-1
831,138,320.83,139.29,59.58,206.23,0.8277,-1,-1,-1
832,206,279.26,166.21,37.85,104.19,0.7870,-1,-1,-1
832,205,372.25,107.95,95.58,274.20,0.8542,-1,-1,-1
832,204,229.67,162.02,44.11,125.23,0.7617,-1,-1,-1
832,203,188.84,161.33,46.42,164.89,0.7896,-1,-1,-1
832,197,0.06,86.07,112.92,327.91,0.8791,-1,-1,-1
832,196,120.51,132.04,69.39,192.49,0.8306,-1,-1,-1
832,193,553.11,0.77,86.74,477.56,0.8524,-1,-1,-1
832,138,312.63,133.81,63.45,205.42,0.8394,-1,-1,-1
833,206,273.63,166.29,39.27,104.79,0.7796,-1,-1,-1
833,205,369.32,106.62,94.75,270.35,0.8536,-1,-1,-1
833,204,226.90,162.15,41.22,127.57,0.8048,-1,-1,-1
833,203,179.43,162.02,52.13,166.69,0.8040,-1,-1,-1
833,197,0.28,81.80,102.20,322.73,0.8576,-1,-1,-1
833,196,109.81,129.82,73.16,203.45,0.8619,-1,-1,-1
833,193,561.10,0.77,78.84,477.31,0.8371,-1,-1,-1
833,138,312.29,133.06,63.31,206.07,0.8309,-1,-1,-1
834,206,271.88,167.56,38.55,103.74,0.8089,-1,-1,-1
834,205,372.48,104.10,91.34,271.66,0.8748,-1,-1,-1
834,204,224.39,158.09,43.66,133.71,0.7558,-1,-1,-1
834,203,173.50,160.16,53.43,176.62,0.8351,-1,-1,-1
834,197,0.14,78.41,84.69,321.04,0.8878,-1,-1,-1
834,196,99.59,126.69,78.89,208.96,0.8690,-1,-1,-1
834,193,578.21,18.75,61.64,461.25,0.4673,-1,-1,-1
834,138,313.03,128.98,66.80,200.53,0.8309,-1,-1,-1
835,206,273.55,167.75,39.04,101.22,0.7934,-1,-1,-1
835,205,372.48,104.41,92.67,276.14,0.8716,-1,-1,-1
835,204,220.40,158.35,47.39,136.91,0.7636,-1,-1,-1
835,203,164.11,156.09,61.99,187.73,0.8136,-1,-1,-1
835,197,0.02,108.49,67.96,295.44,0.7042,-1,-1,-1
835,196,88.20,121.71,82.91,230.16,0.8827,-1,-1,-1
835,193,595.14,41.63,44.71,435.33,0.3298,-1,-1,-1
835,138,312.69,126.20,68.22,201.40,0.7938,-1,-1,-1
836,206,272.03,167.67,41.38,99.28,0.7787,-1,-1,-1
836,205,375.07,105.42,94.16,278.26,0.8710,-1,-1,-1
836,204,221.27,153.93,51.31,141.01,0.8358,-1,-1,-1
836,203,165.19,150.51,57.31,196.81,0.8415,-1,-1,-1
836,200,0.12,107.37,52.18,216.33,0.7721,-1,-1,-1
836,196,78.63,115.46,90.04,242.81,0.8687,-1,-1,-1
836,138,318.63,124.65,69.39,195.99,0.8520,-1,-1,-1
837,206,273.94,168.21,43.95,101.18,0.8119,-1,-1,-1
837,205,380.43,110.14,95.03,278.58,0.8624,-1,-1,-1
837,204,223.72,151.11,52.36,148.60,0.8127,-1,-1,-1
837,203,161.90,145.07,57.94,208.93,0.8648,-1,-1,-1
837,200,0.14,110.53,38.05,217.73,0.6791,-1,-1,-1
837,196,72.20,111.74,93.86,254.01,0.8547,-1,-1,-1
837,138,326.74,128.51,69.87,188.14,0.8315,-1,-1,-1
