1,9,271.10,589.91,43.97,138.40,0.3004,-1,-1,-1
1,8,539.66,551.45,32.50,88.93,0.3132,-1,-1,-1
1,7,1445.57,498.44,30.44,85.98,0.3133,-1,-1,-1
1,6,500.82,551.07,35.88,89.52,0.3591,-1,-1,-1
1,5,121.73,708.24,52.92,96.51,0.4105,-1,-1,-1
1,4,1526.19,561.34,46.59,112.38,0.4233,-1,-1,-1
1,3,1609.11,558.14,56.11,115.72,0.6030,-1,-1,-1
1,2,1370.38,514.35,33.77,99.99,0.6447,-1,-1,-1
1,1,0.61,675.51,50.94,207.60,0.7039,-1,-1,-1
2,7,1448.77,491.20,31.33,91.44,0.3900,-1,-1,-1
2,6,500.41,535.43,39.09,95.22,0.3220,-1,-1,-1
2,5,108.66,699.62,50.36,95.50,0.5525,-1,-1,-1
2,4,1531.85,558.61,48.58,115.67,0.5625,-1,-1,-1
2,3,1615.31,549.23,60.80,124.58,0.6603,-1,-1,-1
2,2,1372.13,513.55,33.61,101.21,0.6421,-1,-1,-1
2,1,0.11,660.76,40.31,213.28,0.6570,-1,-1,-1
3,10,171.28,584.44,48.52,157.08,0.4272,-1,-1,-1
3,7,1451.03,486.24,32.30,92.65,0.3182,-1,-1,-1
3,6,500.53,550.74,36.66,92.27,0.3643,-1,-1,-1
3,5,105.74,724.22,44.03,97.59,0.5263,-1,-1,-1
3,4,1537.90,552.04,49.03,118.23,0.6499,-1,-1,-1
3,3,1619.99,548.64,63.03,120.06,0.6542,-1,-1,-1
3,2,1373.72,507.39,37.77,106.62,0.5889,-1,-1,-1
3,1,0.07,692.75,33.68,211.33,0.6502,-1,-1,-1
4,8,537.57,545.59,33.93,97.07,0.3707,-1,-1,-1
4,7,1458.00,485.69,27.65,89.78,0.4464,-1,-1,-1
4,6,499.12,547.16,36.66,93.68,0.4330,-1,-1,-1
4,5,92.41,722.39,43.70,101.10,0.5894,-1,-1,-1
4,4,1549.33,552.55,43.06,120.97,0.6524,-1,-1,-1
4,3,1629.86,547.48,62.64,126.22,0.7598,-1,-1,-1
4,2,1379.97,505.77,36.09,108.99,0.7124,-1,-1,-1
4,1,0.08,706.16,23.77,156.73,0.3933,-1,-1,-1
5,12,1499.97,514.88,23.78,75.94,0.3301,-1,-1,-1
5,7,1459.87,497.24,27.67,86.05,0.5462,-1,-1,-1
5,6,495.81,539.73,33.99,96.82,0.4486,-1,-1,-1
5,5,76.76,715.44,44.94,103.44,0.5013,-1,-1,-1
5,4,1549.92,561.48,51.47,121.55,0.4006,-1,-1,-1
5,3,1636.24,564.91,62.20,122.44,0.6362,-1,-1,-1
5,2,1384.76,515.86,33.98,110.20,0.7115,-1,-1,-1
6,12,1506.89,533.59,24.40,68.89,0.3127,-1,-1,-1
6,10,142.43,580.78,55.37,164.57,0.4575,-1,-1,-1
6,7,1463.81,505.58,26.53,88.37,0.5392,-1,-1,-1
6,6,498.36,552.06,37.95,98.99,0.4629,-1,-1,-1
6,5,66.60,731.51,41.75,105.12,0.4839,-1,-1,-1
6,3,1642.80,573.65,65.97,124.46,0.7570,-1,-1,-1
6,2,1391.91,527.51,30.40,106.89,0.6359,-1,-1,-1
7,10,132.35,582.29,58.70,163.25,0.3910,-1,-1,-1
7,8,536.63,545.27,31.34,100.37,0.3374,-1,-1,-1
7,7,1465.98,498.67,27.04,90.34,0.4660,-1,-1,-1
7,6,493.86,539.81,36.80,104.33,0.3785,-1,-1,-1
7,5,51.26,733.34,42.21,109.02,0.3330,-1,-1,-1
7,4,1563.18,567.11,54.84,126.62,0.5747,-1,-1,-1
7,3,1651.02,570.52,64.86,129.23,0.7404,-1,-1,-1
7,2,1392.06,517.64,32.52,111.79,0.5817,-1,-1,-1
8,13,225.47,612.96,45.93,139.07,0.3809,-1,-1,-1
8,12,1510.88,514.68,28.00,91.49,0.4029,-1,-1,-1
8,8,533.55,540.45,34.40,111.68,0.3147,-1,-1,-1
8,7,1467.00,509.32,31.96,87.57,0.5230,-1,-1,-1
8,6,493.06,548.96,35.68,101.30,0.3601,-1,-1,-1
8,5,34.09,741.42,44.79,108.18,0.4944,-1,-1,-1
8,4,1570.44,581.05,50.87,122.52,0.5492,-1,-1,-1
8,3,1658.19,576.13,66.36,130.12,0.6626,-1,-1,-1
8,2,1394.48,532.52,34.12,107.29,0.6724,-1,-1,-1
9,14,677.85,525.06,28.18,79.77,0.3203,-1,-1,-1
9,13,219.52,613.97,41.59,135.92,0.4328,-1,-1,-1
9,12,1514.28,522.50,29.15,85.23,0.3440,-1,-1,-1
9,7,1468.97,512.29,32.22,88.25,0.4327,-1,-1,-1
9,6,490.72,551.15,36.04,96.82,0.3191,-1,-1,-1
9,5,15.79,736.45,48.18,116.66,0.6126,-1,-1,-1
9,4,1576.99,588.48,50.49,123.48,0.5051,-1,-1,-1
9,3,1663.69,583.26,66.19,132.51,0.6924,-1,-1,-1
9,2,1396.96,533.43,35.27,106.50,0.6749,-1,-1,-1
10,13,209.69,613.03,42.43,132.16,0.5092,-1,-1,-1
10,8,529.13,552.95,28.59,90.20,0.3900,-1,-1,-1
10,7,1472.37,523.49,29.82,87.23,0.3217,-1,-1,-1
10,6,489.45,543.47,35.99,99.22,0.4577,-1,-1,-1
10,5,0.37,728.42,48.85,115.23,0.6394,-1,-1,-1
10,4,1582.44,603.86,49.97,122.22,0.6847,-1,-1,-1
10,3,1669.48,602.56,64.69,126.72,0.7865,-1,-1,-1
10,2,1398.14,541.68,36.54,106.56,0.6585,-1,-1,-1
11,13,200.99,611.39,44.88,145.33,0.4306,-1,-1,-1
11,10,84.56,589.30,59.35,170.88,0.3538,-1,-1,-1
11,7,1471.95,511.27,32.93,86.96,0.3878,-1,-1,-1
11,5,0.15,749.03,37.90,120.49,0.4074,-1,-1,-1
11,4,1589.25,586.20,51.24,127.21,0.6553,-1,-1,-1
11,3,1679.77,576.45,64.88,136.01,0.7657,-1,-1,-1
11,2,1401.00,530.77,36.45,107.05,0.6747,-1,-1,-1
12,13,191.91,606.65,47.50,151.94,0.5130,-1,-1,-1
12,10,77.69,591.71,56.89,166.53,0.3987,-1,-1,-1
12,7,1474.72,513.86,37.91,90.50,0.3872,-1,-1,-1
12,4,1596.75,591.87,53.51,128.75,0.7068,-1,-1,-1
12,3,1687.83,589.93,64.44,132.19,0.7709,-1,-1,-1
12,2,1403.08,532.01,37.64,110.95,0.6862,-1,-1,-1
13,13,173.30,578.37,55.66,168.74,0.5475,-1,-1,-1
13,7,1475.37,511.47,40.58,91.26,0.4245,-1,-1,-1
13,4,1599.27,594.85,57.04,126.17,0.6668,-1,-1,-1
13,3,1693.52,590.71,64.62,131.33,0.7232,-1,-1,-1
13,2,1408.19,530.10,35.10,104.31,0.7173,-1,-1,-1
14,13,168.95,600.55,50.19,162.91,0.3147,-1,-1,-1
14,10,53.51,584.16,56.25,176.55,0.3526,-1,-1,-1
14,8,518.16,545.36,34.17,101.80,0.3131,-1,-1,-1
14,6,480.39,550.93,32.88,96.18,0.3016,-1,-1,-1
14,4,1611.85,584.94,54.57,129.97,0.6281,-1,-1,-1
14,3,1702.66,582.22,61.84,133.58,0.6843,-1,-1,-1
14,2,1408.27,529.21,35.83,102.28,0.6686,-1,-1,-1
15,12,1533.66,517.30,32.19,92.05,0.3172,-1,-1,-1
15,8,518.81,537.52,34.73,106.35,0.3991,-1,-1,-1
15,6,479.93,548.55,34.02,96.10,0.3117,-1,-1,-1
15,4,1620.31,592.42,52.09,129.52,0.7192,-1,-1,-1
15,3,1711.40,584.62,61.95,138.69,0.7503,-1,-1,-1
15,2,1412.29,531.89,35.81,106.70,0.5288,-1,-1,-1
16,13,143.43,603.20,50.92,160.09,0.3294,-1,-1,-1
16,10,33.50,583.87,54.47,175.34,0.4580,-1,-1,-1
16,8,516.12,536.67,36.20,106.18,0.4635,-1,-1,-1
16,6,478.14,540.72,34.47,102.66,0.3845,-1,-1,-1
16,4,1626.73,593.78,55.99,130.45,0.6980,-1,-1,-1
16,3,1716.51,592.27,60.51,135.49,0.7422,-1,-1,-1
16,2,1416.98,533.20,34.21,104.61,0.5457,-1,-1,-1
17,13,132.96,602.49,47.54,170.73,0.4309,-1,-1,-1
17,12,1546.77,533.75,23.10,78.04,0.3271,-1,-1,-1
17,10,20.12,587.69,53.20,182.05,0.3851,-1,-1,-1
17,8,513.90,539.93,38.41,106.98,0.4902,-1,-1,-1
17,6,476.24,543.74,35.96,102.70,0.5145,-1,-1,-1
17,4,1635.52,588.24,53.83,134.89,0.6950,-1,-1,-1
17,3,1723.80,589.51,62.24,139.30,0.7098,-1,-1,-1
17,2,1418.32,533.06,37.61,108.71,0.6035,-1,-1,-1
18,10,8.26,589.48,54.34,186.24,0.3951,-1,-1,-1
18,8,513.82,540.92,37.80,106.09,0.5009,-1,-1,-1
18,6,474.69,541.04,38.46,105.08,0.5547,-1,-1,-1
18,4,1644.66,591.24,54.23,134.93,0.6257,-1,-1,-1
18,3,1733.64,594.33,60.98,137.25,0.7040,-1,-1,-1
18,2,1420.40,533.33,37.19,109.01,0.6993,-1,-1,-1
19,10,0.80,587.61,48.95,185.76,0.3766,-1,-1,-1
19,8,511.51,539.94,39.63,107.90,0.5113,-1,-1,-1
19,6,473.41,540.13,37.80,106.29,0.5122,-1,-1,-1
19,4,1651.69,592.33,54.78,135.10,0.4438,-1,-1,-1
19,3,1742.27,594.92,63.30,139.12,0.7484,-1,-1,-1
19,2,1422.76,534.35,38.04,107.73,0.7341,-1,-1,-1
20,10,0.20,596.16,37.53,184.20,0.4795,-1,-1,-1
20,8,507.64,535.95,41.27,115.87,0.4845,-1,-1,-1
20,6,471.33,544.88,37.37,106.76,0.4012,-1,-1,-1
20,4,1660.02,593.98,51.58,134.93,0.6057,-1,-1,-1
20,3,1750.85,596.79,62.55,139.78,0.7427,-1,-1,-1
20,2,1424.38,534.64,38.57,106.04,0.7473,-1,-1,-1
21,10,0.09,618.49,24.79,163.18,0.3771,-1,-1,-1
21,8,507.02,539.60,39.31,113.20,0.5235,-1,-1,-1
21,6,468.41,550.41,34.55,100.10,0.4572,-1,-1,-1
21,4,1667.06,596.89,55.28,137.50,0.6871,-1,-1,-1
21,3,1758.65,597.24,62.88,140.46,0.7462,-1,-1,-1
21,2,1426.03,532.24,40.35,112.51,0.6905,-1,-1,-1
22,8,504.75,544.55,36.83,111.03,0.5113,-1,-1,-1
22,6,465.48,550.82,36.62,103.81,0.5557,-1,-1,-1
22,4,1675.01,597.81,54.23,141.21,0.6265,-1,-1,-1
22,3,1772.61,602.05,59.62,137.79,0.7483,-1,-1,-1
22,2,1430.05,538.47,39.91,102.03,0.6690,-1,-1,-1
23,14,665.60,528.03,25.93,78.23,0.3288,-1,-1,-1
23,8,499.04,548.47,42.23,108.02,0.5492,-1,-1,-1
23,6,465.83,548.91,33.99,106.49,0.4273,-1,-1,-1
23,4,1680.75,600.48,56.51,143.17,0.7255,-1,-1,-1
23,3,1778.97,599.70,63.43,146.17,0.7718,-1,-1,-1
23,2,1430.81,538.48,40.23,110.12,0.6631,-1,-1,-1
24,14,665.64,532.24,25.63,77.02,0.3689,-1,-1,-1
24,8,496.47,552.96,37.68,105.50,0.4579,-1,-1,-1
24,6,460.40,549.28,42.51,108.98,0.4740,-1,-1,-1
24,4,1686.76,601.49,58.97,142.92,0.7309,-1,-1,-1
24,3,1789.07,592.91,65.43,152.35,0.7109,-1,-1,-1
24,2,1436.56,529.59,38.03,116.59,0.6538,-1,-1,-1
25,8,496.99,552.18,38.83,109.43,0.4667,-1,-1,-1
25,7,1523.33,520.01,29.45,85.21,0.4132,-1,-1,-1
25,6,458.01,546.04,44.56,115.43,0.4377,-1,-1,-1
25,4,1696.11,607.34,55.77,148.75,0.7281,-1,-1,-1
25,3,1797.45,604.47,67.73,147.15,0.7089,-1,-1,-1
25,2,1437.81,535.11,41.13,121.55,0.6622,-1,-1,-1
26,14,664.16,534.65,27.31,79.60,0.4040,-1,-1,-1
26,8,495.09,548.69,40.78,114.95,0.5502,-1,-1,-1
26,7,1530.53,519.06,27.58,86.08,0.4780,-1,-1,-1
26,6,456.98,550.06,41.50,112.70,0.5107,-1,-1,-1
26,4,1704.13,611.77,59.42,149.68,0.7252,-1,-1,-1
26,3,1807.29,608.08,69.18,146.17,0.5899,-1,-1,-1
26,2,1439.79,538.63,44.31,118.58,0.7229,-1,-1,-1
27,8,493.79,562.94,39.67,103.46,0.6098,-1,-1,-1
27,7,1530.59,520.70,32.77,86.21,0.6916,-1,-1,-1
27,6,452.95,558.15,42.77,108.79,0.3929,-1,-1,-1
27,4,1710.99,615.97,59.82,148.63,0.6738,-1,-1,-1
27,3,1813.74,611.87,75.09,151.07,0.6523,-1,-1,-1
27,2,1444.02,542.38,40.87,113.14,0.7470,-1,-1,-1
28,8,491.16,565.31,39.43,102.59,0.5863,-1,-1,-1
28,7,1534.06,525.98,33.92,83.30,0.5365,-1,-1,-1
28,6,450.14,558.85,41.37,108.83,0.3518,-1,-1,-1
28,4,1718.23,616.90,60.14,152.38,0.6737,-1,-1,-1
28,3,1822.62,610.66,74.83,157.54,0.7717,-1,-1,-1
28,2,1446.99,546.10,45.75,110.28,0.7281,-1,-1,-1
29,8,491.10,569.31,37.92,98.45,0.5286,-1,-1,-1
29,7,1536.02,525.55,33.84,91.38,0.5616,-1,-1,-1
29,6,448.68,564.10,40.86,103.88,0.4895,-1,-1,-1
29,4,1725.79,622.87,60.56,160.72,0.7231,-1,-1,-1
29,3,1829.69,620.36,75.59,159.83,0.6924,-1,-1,-1
29,2,1452.27,550.98,39.21,109.83,0.7081,-1,-1,-1
30,8,488.81,574.82,38.75,102.77,0.5005,-1,-1,-1
30,7,1539.05,525.20,34.10,91.86,0.5650,-1,-1,-1
30,6,443.58,565.75,43.40,111.82,0.6151,-1,-1,-1
30,4,1739.23,624.43,58.93,159.44,0.7526,-1,-1,-1
30,3,1835.97,621.42,79.23,149.98,0.6348,-1,-1,-1
30,2,1454.22,550.15,42.13,111.98,0.6417,-1,-1,-1
31,8,488.48,578.09,37.94,112.10,0.4170,-1,-1,-1
31,7,1543.15,525.15,32.95,97.72,0.4869,-1,-1,-1
31,6,443.23,579.64,39.64,109.64,0.5755,-1,-1,-1
31,4,1750.28,628.69,57.96,153.65,0.5791,-1,-1,-1
31,3,1852.60,627.63,66.82,149.66,0.6390,-1,-1,-1
31,2,1457.01,551.28,42.07,121.95,0.6285,-1,-1,-1
32,14,658.81,556.17,30.00,74.96,0.3548,-1,-1,-1
32,8,486.77,573.72,39.10,108.29,0.5266,-1,-1,-1
32,7,1546.54,530.32,33.39,90.83,0.5977,-1,-1,-1
32,6,441.29,573.10,41.39,107.23,0.5727,-1,-1,-1
32,4,1757.76,632.20,60.85,154.98,0.6768,-1,-1,-1
32,3,1858.97,635.55,60.42,161.80,0.6872,-1,-1,-1
32,2,1461.68,557.43,39.27,119.27,0.6374,-1,-1,-1
33,14,651.89,544.55,33.71,80.00,0.3179,-1,-1,-1
33,8,484.04,569.07,37.09,107.66,0.4875,-1,-1,-1
33,7,1549.85,518.52,33.27,90.09,0.6532,-1,-1,-1
33,6,439.61,563.96,39.27,109.08,0.5145,-1,-1,-1
33,4,1767.82,620.38,60.13,152.16,0.6463,-1,-1,-1
33,3,1870.46,621.35,48.87,170.41,0.6661,-1,-1,-1
33,2,1464.65,541.83,42.73,125.91,0.7432,-1,-1,-1
34,8,480.08,566.32,39.24,114.38,0.5205,-1,-1,-1
34,7,1553.61,518.48,32.23,93.38,0.5974,-1,-1,-1
34,6,436.76,573.76,39.33,103.68,0.4803,-1,-1,-1
34,4,1774.56,620.57,65.19,157.35,0.7454,-1,-1,-1
34,3,1881.32,635.85,37.78,142.70,0.5549,-1,-1,-1
34,2,1469.09,545.19,41.41,124.56,0.7603,-1,-1,-1
35,8,477.93,560.38,38.88,110.80,0.3756,-1,-1,-1
35,7,1560.74,516.18,30.85,92.41,0.5342,-1,-1,-1
35,6,435.75,563.81,40.48,104.82,0.4289,-1,-1,-1
35,4,1784.78,622.22,66.94,158.18,0.6381,-1,-1,-1
35,2,1470.64,539.34,45.92,125.89,0.7298,-1,-1,-1
36,8,474.84,550.13,39.20,119.34,0.3017,-1,-1,-1
36,7,1565.21,516.07,30.53,90.59,0.3401,-1,-1,-1
36,6,431.91,561.07,41.73,105.66,0.3520,-1,-1,-1
36,4,1793.41,617.91,70.28,168.41,0.7068,-1,-1,-1
36,2,1477.33,536.42,43.06,129.54,0.7514,-1,-1,-1
37,8,469.15,538.69,43.25,126.89,0.4702,-1,-1,-1
37,7,1570.61,514.58,32.78,92.06,0.4270,-1,-1,-1
37,6,429.13,552.27,38.46,111.44,0.3534,-1,-1,-1
37,4,1800.22,622.30,76.21,169.48,0.7732,-1,-1,-1
37,2,1481.06,538.33,41.52,126.16,0.7196,-1,-1,-1
38,8,466.50,540.73,44.43,124.61,0.5381,-1,-1,-1
38,7,1575.42,502.89,30.88,97.73,0.4791,-1,-1,-1
38,6,426.24,549.74,39.49,116.07,0.4983,-1,-1,-1
38,4,1809.37,616.79,77.90,178.28,0.7812,-1,-1,-1
38,2,1485.15,532.97,40.64,130.23,0.7101,-1,-1,-1
39,8,465.25,529.17,43.56,127.93,0.4773,-1,-1,-1
39,7,1581.04,507.65,33.95,96.85,0.5139,-1,-1,-1
39,6,423.02,541.98,39.47,115.16,0.4518,-1,-1,-1
39,4,1822.48,630.04,75.62,173.43,0.7509,-1,-1,-1
39,2,1488.05,538.87,43.04,127.14,0.7032,-1,-1,-1
40,8,465.73,539.52,42.81,121.95,0.4695,-1,-1,-1
40,7,1582.61,500.02,36.33,104.36,0.3284,-1,-1,-1
40,6,420.47,540.64,39.10,121.56,0.3849,-1,-1,-1
40,4,1834.76,626.71,74.45,177.99,0.7791,-1,-1,-1
40,2,1492.24,536.57,41.32,126.41,0.7113,-1,-1,-1
41,8,463.22,538.27,44.87,120.84,0.4692,-1,-1,-1
41,7,1589.61,502.32,39.29,106.13,0.4958,-1,-1,-1
41,6,419.51,534.82,40.51,125.11,0.4082,-1,-1,-1
41,4,1845.63,633.21,73.70,179.87,0.7577,-1,-1,-1
41,2,1495.32,547.60,44.11,118.88,0.6973,-1,-1,-1
42,14,646.64,521.56,33.22,91.24,0.3101,-1,-1,-1
42,8,462.00,545.78,46.56,116.56,0.4620,-1,-1,-1
42,7,1594.74,508.18,34.33,100.45,0.5749,-1,-1,-1
42,6,418.66,536.40,43.98,127.62,0.5491,-1,-1,-1
42,4,1857.98,638.36,61.38,179.91,0.6919,-1,-1,-1
42,2,1501.30,548.03,43.05,120.46,0.6871,-1,-1,-1
43,15,502.47,529.01,33.96,89.53,0.3717,-1,-1,-1
43,8,456.82,530.06,47.58,135.29,0.4132,-1,-1,-1
43,7,1596.90,511.86,33.69,97.36,0.5062,-1,-1,-1
43,6,415.19,535.93,45.72,130.78,0.5424,-1,-1,-1
43,4,1870.96,644.74,48.30,169.47,0.6623,-1,-1,-1
43,2,1506.17,548.95,42.45,122.88,0.6678,-1,-1,-1
44,8,451.39,531.33,49.73,137.84,0.4004,-1,-1,-1
44,7,1599.91,510.40,38.57,101.34,0.5306,-1,-1,-1
44,6,416.56,535.04,43.98,133.26,0.3812,-1,-1,-1
44,4,1882.11,651.47,37.20,166.12,0.6413,-1,-1,-1
44,2,1511.86,552.95,42.55,120.34,0.6224,-1,-1,-1
45,8,451.31,532.35,47.96,134.60,0.3263,-1,-1,-1
45,7,1603.82,514.21,40.65,101.88,0.5888,-1,-1,-1
45,6,416.28,535.02,41.86,131.17,0.3757,-1,-1,-1
45,4,1892.81,674.74,26.50,158.37,0.4759,-1,-1,-1
45,2,1515.49,555.95,44.36,130.16,0.7577,-1,-1,-1
46,8,449.12,534.12,46.84,136.82,0.3439,-1,-1,-1
46,7,1608.86,515.80,39.55,100.49,0.5483,-1,-1,-1
46,6,406.38,540.74,48.58,126.13,0.3128,-1,-1,-1
46,2,1520.13,554.00,42.54,135.26,0.7568,-1,-1,-1
47,15,492.01,515.17,37.10,104.68,0.3362,-1,-1,-1
47,14,640.95,531.14,31.17,87.19,0.3532,-1,-1,-1
47,8,449.73,539.26,43.58,131.03,0.3280,-1,-1,-1
47,7,1619.52,528.44,33.83,91.87,0.5303,-1,-1,-1
47,2,1525.16,559.41,43.55,131.12,0.7205,-1,-1,-1
48,15,490.80,530.89,34.83,92.10,0.3159,-1,-1,-1
48,8,448.67,544.49,45.08,131.16,0.3633,-1,-1,-1
48,7,1622.04,528.29,31.79,91.71,0.6490,-1,-1,-1
48,6,403.15,535.93,47.57,135.61,0.3402,-1,-1,-1
48,2,1528.80,560.00,45.13,133.57,0.7090,-1,-1,-1
49,16,572.39,534.15,28.42,92.23,0.3076,-1,-1,-1
49,8,446.13,551.26,43.90,125.66,0.5422,-1,-1,-1
49,7,1625.94,533.10,31.44,90.79,0.7158,-1,-1,-1
49,6,397.39,557.35,43.62,117.65,0.4161,-1,-1,-1
49,2,1533.64,558.54,44.91,136.56,0.7107,-1,-1,-1
50,16,569.41,533.02,31.16,93.64,0.3220,-1,-1,-1
50,8,444.61,560.29,43.04,116.54,0.5611,-1,-1,-1
50,7,1632.11,530.37,27.80,90.29,0.4164,-1,-1,-1
50,6,397.05,555.03,43.70,117.78,0.3635,-1,-1,-1
50,2,1538.20,557.20,46.02,137.62,0.6969,-1,-1,-1
51,18,337.25,562.49,37.72,111.10,0.4032,-1,-1,-1
51,8,442.08,567.64,43.01,108.75,0.5520,-1,-1,-1
51,7,1637.46,533.77,29.87,89.71,0.6432,-1,-1,-1
51,6,396.86,550.21,44.22,121.09,0.4898,-1,-1,-1
51,2,1542.42,561.54,46.48,137.42,0.6996,-1,-1,-1
52,18,335.75,561.54,36.74,112.78,0.5029,-1,-1,-1
52,14,635.94,538.10,31.97,88.40,0.4135,-1,-1,-1
52,8,441.93,568.77,40.79,109.46,0.5690,-1,-1,-1
52,7,1640.04,532.10,30.44,91.43,0.5626,-1,-1,-1
52,6,395.26,551.42,45.91,123.87,0.5372,-1,-1,-1
52,2,1546.53,557.49,50.71,149.19,0.7091,-1,-1,-1
53,18,329.24,557.42,41.20,119.65,0.4316,-1,-1,-1
53,14,636.41,536.26,30.66,90.73,0.4399,-1,-1,-1
53,8,438.93,565.21,44.67,115.18,0.5364,-1,-1,-1
53,7,1644.22,533.54,30.30,89.40,0.5340,-1,-1,-1
53,6,392.10,550.37,45.94,127.81,0.5310,-1,-1,-1
53,2,1550.68,556.16,51.74,152.55,0.6879,-1,-1,-1
54,18,327.90,562.56,41.32,111.10,0.4996,-1,-1,-1
54,16,553.43,533.35,34.80,95.43,0.3107,-1,-1,-1
54,14,635.65,534.76,31.51,90.81,0.3952,-1,-1,-1
54,8,436.04,567.31,44.62,113.29,0.5617,-1,-1,-1
54,7,1648.69,534.30,30.45,89.46,0.5930,-1,-1,-1
54,6,387.59,548.20,45.47,129.84,0.5162,-1,-1,-1
54,2,1553.16,557.08,52.65,153.61,0.7247,-1,-1,-1
55,18,325.72,558.78,43.16,114.09,0.4944,-1,-1,-1
55,14,635.95,535.75,30.14,90.43,0.3395,-1,-1,-1
55,8,434.59,561.75,44.62,119.60,0.4612,-1,-1,-1
55,7,1653.60,532.76,32.74,92.43,0.6039,-1,-1,-1
55,6,383.98,542.96,46.05,135.21,0.5705,-1,-1,-1
55,2,1558.12,553.15,52.43,158.55,0.7493,-1,-1,-1
56,18,320.43,557.35,45.99,116.33,0.5539,-1,-1,-1
56,16,551.96,533.09,30.38,97.68,0.3291,-1,-1,-1
56,14,632.55,535.96,26.43,92.78,0.3525,-1,-1,-1
56,8,430.77,562.74,43.11,119.08,0.3550,-1,-1,-1
56,7,1656.78,524.10,36.66,102.17,0.7229,-1,-1,-1
56,6,382.98,551.75,43.42,126.33,0.5230,-1,-1,-1
56,2,1563.19,553.71,51.61,156.13,0.7372,-1,-1,-1
57,18,314.53,556.54,45.78,118.47,0.4613,-1,-1,-1
57,16,550.01,532.23,31.40,98.75,0.3739,-1,-1,-1
57,14,630.72,536.36,27.97,92.60,0.3482,-1,-1,-1
57,8,425.74,560.73,44.04,119.93,0.4542,-1,-1,-1
57,7,1658.33,519.87,37.24,104.70,0.7178,-1,-1,-1
57,6,380.06,551.15,43.70,127.48,0.5249,-1,-1,-1
57,2,1567.67,552.01,53.31,156.81,0.7173,-1,-1,-1
58,18,309.35,554.24,47.46,116.56,0.4664,-1,-1,-1
58,16,545.75,533.12,32.06,95.88,0.3045,-1,-1,-1
58,14,631.25,536.50,27.38,90.54,0.3267,-1,-1,-1
58,8,421.09,558.65,45.12,120.87,0.4636,-1,-1,-1
58,7,1661.04,513.41,37.06,108.66,0.6825,-1,-1,-1
58,6,377.16,546.77,43.18,130.48,0.5753,-1,-1,-1
58,2,1571.68,558.08,52.82,150.56,0.6333,-1,-1,-1
59,18,306.47,550.71,47.26,121.51,0.4359,-1,-1,-1
59,14,626.80,535.73,29.05,90.16,0.3701,-1,-1,-1
59,8,418.19,560.97,45.83,117.10,0.4140,-1,-1,-1
59,7,1663.85,509.64,41.46,112.20,0.6580,-1,-1,-1
59,6,373.93,543.37,41.52,132.10,0.5622,-1,-1,-1
59,2,1578.77,564.24,49.93,145.95,0.6306,-1,-1,-1
60,18,303.47,555.78,47.29,115.63,0.3952,-1,-1,-1
60,8,416.64,564.20,47.79,114.12,0.3861,-1,-1,-1
60,7,1664.96,510.90,42.17,110.49,0.7210,-1,-1,-1
60,6,369.21,547.45,41.03,128.11,0.5512,-1,-1,-1
60,2,1581.58,559.41,51.48,151.92,0.6266,-1,-1,-1
61,18,299.81,559.23,49.41,113.97,0.4346,-1,-1,-1
61,8,415.37,560.56,47.69,118.89,0.4212,-1,-1,-1
61,7,1665.80,509.62,44.91,106.64,0.7168,-1,-1,-1
61,6,365.47,549.66,45.16,127.85,0.4773,-1,-1,-1
61,2,1585.39,547.37,52.68,159.14,0.6207,-1,-1,-1
62,18,296.52,551.32,49.01,115.31,0.4382,-1,-1,-1
62,14,622.94,530.69,27.13,94.26,0.3750,-1,-1,-1
62,8,413.10,549.97,42.69,127.55,0.3486,-1,-1,-1
62,7,1671.40,520.19,44.24,102.32,0.5490,-1,-1,-1
62,6,360.80,541.60,47.35,131.45,0.4606,-1,-1,-1
62,2,1589.87,556.19,54.35,155.16,0.7005,-1,-1,-1
63,18,294.95,571.95,46.42,116.11,0.4955,-1,-1,-1
63,8,412.62,572.01,45.08,118.75,0.3697,-1,-1,-1
63,7,1681.27,514.84,37.05,93.06,0.5715,-1,-1,-1
63,6,360.70,564.10,43.58,127.90,0.4006,-1,-1,-1
63,2,1597.10,544.10,53.05,155.30,0.6412,-1,-1,-1
64,18,291.85,549.94,45.61,118.00,0.4848,-1,-1,-1
64,14,621.73,530.52,25.81,95.66,0.3502,-1,-1,-1
64,8,402.97,545.55,46.21,130.45,0.3328,-1,-1,-1
64,7,1688.80,530.69,33.63,93.95,0.6373,-1,-1,-1
64,6,357.29,538.73,45.64,135.81,0.4847,-1,-1,-1
64,2,1599.85,564.78,57.09,151.31,0.6266,-1,-1,-1
65,18,287.70,561.56,43.16,116.52,0.5094,-1,-1,-1
65,16,527.98,532.70,32.03,99.54,0.3400,-1,-1,-1
65,15,467.72,554.26,29.49,71.89,0.3437,-1,-1,-1
65,8,401.24,562.02,45.15,120.78,0.3862,-1,-1,-1
65,7,1690.60,529.12,33.10,88.85,0.6810,-1,-1,-1
65,6,349.11,552.53,47.30,130.90,0.4793,-1,-1,-1
65,2,1602.64,562.11,56.37,149.77,0.7298,-1,-1,-1
66,18,288.42,566.97,40.60,114.28,0.5083,-1,-1,-1
66,15,468.27,559.35,30.39,73.40,0.4144,-1,-1,-1
66,14,619.04,542.68,25.71,91.92,0.3269,-1,-1,-1
66,8,397.57,566.59,48.75,123.77,0.5012,-1,-1,-1
66,7,1698.28,519.84,33.51,92.70,0.6914,-1,-1,-1
66,6,348.29,557.53,47.09,135.38,0.6008,-1,-1,-1
66,2,1610.94,561.53,55.34,149.61,0.7222,-1,-1,-1
67,18,281.13,545.98,42.61,123.87,0.3352,-1,-1,-1
67,15,459.18,552.47,31.06,69.97,0.3428,-1,-1,-1
67,8,394.22,558.96,46.35,120.10,0.5556,-1,-1,-1
67,7,1698.57,536.73,35.19,90.83,0.6537,-1,-1,-1
67,6,342.66,544.20,49.92,135.89,0.5521,-1,-1,-1
67,2,1613.72,568.02,56.52,155.07,0.7351,-1,-1,-1
68,18,277.85,562.45,41.12,118.42,0.4447,-1,-1,-1
68,15,454.96,558.45,30.67,73.38,0.4469,-1,-1,-1
68,8,388.28,562.47,50.48,123.87,0.5485,-1,-1,-1
68,7,1702.00,528.33,33.18,89.97,0.5775,-1,-1,-1
68,6,341.13,556.94,46.49,129.98,0.5778,-1,-1,-1
68,2,1617.38,564.63,56.59,152.12,0.7325,-1,-1,-1
69,18,272.34,549.83,40.54,127.43,0.4400,-1,-1,-1
69,15,451.20,553.72,27.93,73.71,0.4043,-1,-1,-1
69,8,386.56,556.83,46.17,123.02,0.4938,-1,-1,-1
69,7,1704.24,538.51,35.12,91.58,0.6502,-1,-1,-1
69,6,333.44,543.00,51.89,139.24,0.4396,-1,-1,-1
69,2,1621.60,571.25,58.95,157.46,0.7564,-1,-1,-1
70,18,266.69,548.87,43.97,131.09,0.3740,-1,-1,-1
70,15,443.39,555.24,30.68,74.90,0.4611,-1,-1,-1
70,8,380.33,555.51,48.11,128.89,0.5876,-1,-1,-1
70,7,1705.14,534.76,35.13,93.29,0.5955,-1,-1,-1
70,6,330.48,545.00,50.11,139.66,0.5194,-1,-1,-1
70,2,1625.66,566.10,59.36,156.89,0.7761,-1,-1,-1
71,16,504.78,531.73,37.36,108.31,0.4424,-1,-1,-1
71,15,436.45,552.73,33.79,75.91,0.3959,-1,-1,-1
71,14,598.55,539.64,28.60,97.01,0.3382,-1,-1,-1
71,8,374.85,553.04,48.68,128.95,0.5607,-1,-1,-1
71,7,1706.52,536.82,35.09,93.85,0.6892,-1,-1,-1
71,6,329.50,547.31,47.28,134.56,0.5149,-1,-1,-1
71,2,1630.24,571.94,58.61,159.47,0.7565,-1,-1,-1
72,16,503.54,535.27,35.94,106.71,0.3699,-1,-1,-1
72,15,428.74,555.81,34.97,75.44,0.4246,-1,-1,-1
72,8,370.92,554.84,47.33,130.66,0.6101,-1,-1,-1
72,7,1706.67,536.29,36.33,91.25,0.6901,-1,-1,-1
72,6,325.59,552.17,49.10,133.45,0.6164,-1,-1,-1
72,2,1633.18,558.58,60.44,174.33,0.7884,-1,-1,-1
73,18,252.39,553.32,39.76,127.33,0.3370,-1,-1,-1
73,16,500.54,535.11,34.94,105.43,0.3435,-1,-1,-1
73,15,425.04,552.04,30.49,74.12,0.4054,-1,-1,-1
73,8,366.63,548.37,47.87,133.54,0.5830,-1,-1,-1
73,7,1708.46,538.74,39.34,95.07,0.5824,-1,-1,-1
73,6,316.57,543.03,52.02,138.99,0.4711,-1,-1,-1
73,2,1638.32,564.17,60.40,171.88,0.6740,-1,-1,-1
74,18,247.13,540.98,46.98,142.10,0.3167,-1,-1,-1
74,15,417.36,553.33,35.01,74.25,0.4466,-1,-1,-1
74,14,583.20,538.09,27.74,100.72,0.3058,-1,-1,-1
74,8,363.08,548.28,49.05,134.93,0.4974,-1,-1,-1
74,7,1710.99,536.03,37.20,93.35,0.5855,-1,-1,-1
74,6,314.55,542.83,49.04,141.29,0.3723,-1,-1,-1
74,2,1641.35,571.33,64.90,166.63,0.7215,-1,-1,-1
75,15,412.61,554.44,32.76,76.36,0.3758,-1,-1,-1
75,14,580.22,536.40,28.79,104.24,0.3463,-1,-1,-1
75,8,355.69,556.90,46.95,127.40,0.6084,-1,-1,-1
75,7,1712.11,539.28,37.81,93.60,0.5700,-1,-1,-1
75,6,305.60,549.34,49.27,133.66,0.4167,-1,-1,-1
75,2,1643.55,578.55,64.86,162.79,0.7432,-1,-1,-1
76,15,399.71,552.97,36.69,73.69,0.3267,-1,-1,-1
76,14,575.58,536.05,31.24,103.05,0.3405,-1,-1,-1
76,8,350.75,551.74,48.72,131.30,0.4952,-1,-1,-1
76,7,1712.58,539.39,38.50,90.84,0.5469,-1,-1,-1
76,6,293.12,542.81,58.23,142.01,0.4754,-1,-1,-1
76,2,1647.81,579.05,63.99,163.39,0.7339,-1,-1,-1
77,16,475.98,534.64,42.62,111.24,0.3061,-1,-1,-1
77,15,396.45,553.48,33.32,78.18,0.3707,-1,-1,-1
77,14,573.87,533.49,30.02,104.95,0.3856,-1,-1,-1
77,8,343.44,549.31,48.53,133.00,0.6132,-1,-1,-1
77,7,1713.65,540.88,38.26,90.88,0.5365,-1,-1,-1
77,6,292.32,545.43,52.87,138.43,0.4481,-1,-1,-1
77,2,1649.10,581.12,67.94,162.85,0.7196,-1,-1,-1
78,18,222.70,543.95,43.18,138.59,0.3026,-1,-1,-1
78,15,390.39,552.82,34.95,77.64,0.3423,-1,-1,-1
78,14,571.34,536.46,27.05,99.58,0.3054,-1,-1,-1
78,8,340.46,552.72,47.68,132.77,0.5296,-1,-1,-1
78,7,1713.18,540.30,39.12,90.30,0.5828,-1,-1,-1
78,6,280.53,540.13,56.72,145.83,0.4277,-1,-1,-1
78,2,1652.75,581.76,68.17,164.55,0.7335,-1,-1,-1
79,16,463.43,529.62,39.26,114.79,0.3436,-1,-1,-1
79,15,382.76,552.47,33.25,76.67,0.3433,-1,-1,-1
79,14,546.06,534.91,43.34,110.72,0.3190,-1,-1,-1
79,8,333.33,548.19,50.39,136.66,0.5559,-1,-1,-1
79,7,1712.81,539.99,39.04,90.47,0.5738,-1,-1,-1
79,6,270.15,537.81,62.19,146.02,0.5016,-1,-1,-1
79,2,1653.10,585.31,73.00,161.77,0.7505,-1,-1,-1
80,16,455.25,529.43,44.90,119.23,0.4902,-1,-1,-1
80,15,373.23,554.05,35.74,76.58,0.3359,-1,-1,-1
80,14,550.28,534.34,38.10,112.31,0.3064,-1,-1,-1
80,8,327.23,553.41,49.80,133.81,0.6087,-1,-1,-1
80,7,1712.07,535.94,39.68,92.24,0.6112,-1,-1,-1
80,6,262.84,536.78,64.65,148.82,0.5577,-1,-1,-1
80,2,1653.24,581.28,75.32,168.01,0.7250,-1,-1,-1
81,22,147.57,556.83,45.76,131.58,0.3815,-1,-1,-1
81,16,451.48,531.30,45.71,120.21,0.3345,-1,-1,-1
81,15,368.29,554.33,33.41,74.30,0.4965,-1,-1,-1
81,14,547.77,541.02,37.36,103.87,0.3279,-1,-1,-1
81,8,318.22,553.53,51.44,133.35,0.5706,-1,-1,-1
81,7,1711.49,536.10,39.22,91.44,0.5701,-1,-1,-1
81,6,267.97,551.51,49.54,131.07,0.3489,-1,-1,-1
81,2,1657.60,581.80,72.20,166.94,0.7500,-1,-1,-1
82,22,138.69,555.98,50.12,135.93,0.4346,-1,-1,-1
82,15,359.57,554.89,34.70,76.94,0.3521,-1,-1,-1
82,8,311.81,555.59,49.09,131.31,0.4981,-1,-1,-1
82,7,1712.16,537.21,36.01,91.13,0.6123,-1,-1,-1
82,6,262.35,534.96,49.79,148.72,0.3817,-1,-1,-1
82,2,1660.16,582.72,71.82,171.31,0.7394,-1,-1,-1
83,22,129.62,559.15,51.74,132.51,0.5447,-1,-1,-1
83,19,470.74,541.40,38.32,113.70,0.3860,-1,-1,-1
83,16,440.06,538.32,41.79,113.71,0.3822,-1,-1,-1
83,15,356.32,558.82,31.14,73.32,0.3572,-1,-1,-1
83,8,304.27,558.90,51.93,130.47,0.6693,-1,-1,-1
83,7,1712.08,536.64,35.50,91.10,0.5890,-1,-1,-1
83,6,256.53,542.52,46.91,145.16,0.4587,-1,-1,-1
83,2,1666.85,581.73,66.19,172.45,0.7059,-1,-1,-1
84,22,121.72,561.43,52.25,134.67,0.5342,-1,-1,-1
84,19,461.96,545.89,44.20,110.40,0.3917,-1,-1,-1
84,16,432.94,536.79,41.76,113.60,0.3586,-1,-1,-1
84,15,346.50,557.49,31.82,74.43,0.4248,-1,-1,-1
84,8,295.87,563.21,55.46,127.21,0.5319,-1,-1,-1
84,7,1712.85,535.36,34.11,92.92,0.5711,-1,-1,-1
84,6,243.86,553.34,53.94,137.44,0.5412,-1,-1,-1
84,2,1664.02,579.06,74.18,178.76,0.7243,-1,-1,-1
85,23,398.60,557.95,28.52,89.56,0.3137,-1,-1,-1
85,22,112.20,565.12,53.92,132.71,0.5265,-1,-1,-1
85,8,291.36,561.79,49.73,129.55,0.5022,-1,-1,-1
85,7,1711.53,536.20,34.78,92.81,0.4758,-1,-1,-1
85,6,244.50,558.03,46.42,134.96,0.4785,-1,-1,-1
85,2,1667.95,580.67,72.29,180.38,0.7675,-1,-1,-1
86,23,390.30,553.39,33.94,94.70,0.4461,-1,-1,-1
86,22,103.27,561.19,55.79,143.41,0.4139,-1,-1,-1
86,19,450.95,538.25,42.43,120.73,0.3604,-1,-1,-1
86,16,422.54,533.52,38.14,123.43,0.3419,-1,-1,-1
86,8,284.60,560.84,48.92,132.53,0.5831,-1,-1,-1
86,7,1707.13,535.49,37.14,74.28,0.3139,-1,-1,-1
86,6,229.82,556.58,51.33,137.17,0.4309,-1,-1,-1
86,2,1672.10,580.61,69.88,179.04,0.7649,-1,-1,-1
87,23,383.13,554.19,35.93,98.01,0.5404,-1,-1,-1
87,22,96.77,561.45,59.80,135.51,0.5341,-1,-1,-1
87,19,441.92,547.70,42.23,115.78,0.3906,-1,-1,-1
87,16,414.85,538.29,40.47,119.96,0.3093,-1,-1,-1
87,8,280.33,563.88,52.32,132.60,0.5733,-1,-1,-1
87,6,225.44,555.33,50.45,140.26,0.4926,-1,-1,-1
87,2,1671.89,584.63,72.54,179.67,0.7970,-1,-1,-1
88,23,377.91,556.10,34.43,97.68,0.3983,-1,-1,-1
88,22,91.74,567.65,50.93,128.86,0.5024,-1,-1,-1
88,19,432.78,548.08,48.29,119.74,0.4158,-1,-1,-1
88,14,512.64,539.80,37.70,121.66,0.3388,-1,-1,-1
88,8,270.13,569.71,51.70,131.68,0.5028,-1,-1,-1
88,6,220.31,561.94,50.35,138.78,0.5734,-1,-1,-1
88,2,1675.13,581.60,71.39,185.36,0.7978,-1,-1,-1
89,23,368.17,554.38,30.96,98.42,0.4578,-1,-1,-1
89,22,83.99,561.53,53.97,137.21,0.4653,-1,-1,-1
89,19,431.27,545.90,41.94,122.98,0.5842,-1,-1,-1
89,8,265.60,566.41,51.47,132.19,0.4707,-1,-1,-1
89,6,215.58,556.89,47.97,144.54,0.3120,-1,-1,-1
89,2,1679.07,584.11,69.52,189.98,0.8037,-1,-1,-1
90,23,359.87,570.14,35.45,88.89,0.4280,-1,-1,-1
90,22,74.90,565.14,58.82,139.27,0.4848,-1,-1,-1
90,19,420.06,547.24,46.75,126.15,0.3055,-1,-1,-1
90,16,392.55,539.03,41.95,132.42,0.3602,-1,-1,-1
90,8,260.07,570.99,54.02,134.91,0.5298,-1,-1,-1
90,6,204.25,554.91,53.08,149.52,0.3255,-1,-1,-1
90,2,1682.47,585.66,69.93,193.24,0.7571,-1,-1,-1
91,23,354.65,571.00,33.31,88.92,0.3760,-1,-1,-1
91,22,67.95,566.80,55.43,142.37,0.4513,-1,-1,-1
91,19,413.93,551.32,46.29,124.23,0.5720,-1,-1,-1
91,16,385.01,547.88,42.82,121.19,0.3134,-1,-1,-1
91,8,248.57,551.51,68.88,156.61,0.4393,-1,-1,-1
91,6,200.49,560.57,50.64,145.28,0.3821,-1,-1,-1
91,2,1684.96,599.12,73.51,185.58,0.7886,-1,-1,-1
92,22,57.54,571.55,67.08,142.27,0.3361,-1,-1,-1
92,19,408.18,554.13,43.02,125.57,0.5372,-1,-1,-1
92,16,381.08,559.78,35.96,117.23,0.3356,-1,-1,-1
92,8,247.37,554.93,61.35,156.70,0.5455,-1,-1,-1
92,6,189.44,561.13,55.15,151.52,0.3346,-1,-1,-1
92,2,1688.04,602.31,73.63,185.20,0.7963,-1,-1,-1
93,23,339.11,580.21,33.03,88.55,0.4046,-1,-1,-1
93,19,401.15,556.74,44.09,126.97,0.5219,-1,-1,-1
93,16,370.35,553.27,36.14,128.69,0.3049,-1,-1,-1
93,8,242.43,572.59,51.96,139.97,0.5533,-1,-1,-1
93,6,185.43,551.35,53.28,164.66,0.5639,-1,-1,-1
93,2,1688.74,606.24,74.01,186.42,0.8092,-1,-1,-1
94,23,333.26,581.19,31.72,93.27,0.4823,-1,-1,-1
94,19,391.89,555.75,45.67,129.30,0.6196,-1,-1,-1
94,16,365.29,551.92,39.49,130.42,0.4134,-1,-1,-1
94,8,235.72,576.51,55.05,140.32,0.5425,-1,-1,-1
94,7,1697.22,540.98,38.92,82.63,0.3708,-1,-1,-1
94,6,182.26,564.89,51.29,152.24,0.5230,-1,-1,-1
94,2,1689.95,607.67,73.73,187.38,0.8039,-1,-1,-1
95,19,387.83,559.17,44.91,127.95,0.5343,-1,-1,-1
95,8,226.08,580.18,57.79,138.77,0.5215,-1,-1,-1
95,7,1693.97,542.21,41.56,94.12,0.4885,-1,-1,-1
95,6,173.43,564.15,54.86,154.56,0.6021,-1,-1,-1
95,2,1691.91,611.00,75.27,189.64,0.7914,-1,-1,-1
96,23,316.58,584.05,32.23,88.79,0.4524,-1,-1,-1
96,19,380.40,568.10,43.96,123.20,0.4840,-1,-1,-1
96,16,353.37,558.43,34.04,129.87,0.3452,-1,-1,-1
96,8,221.99,582.90,51.97,142.11,0.5759,-1,-1,-1
96,7,1693.55,541.88,44.14,95.91,0.5262,-1,-1,-1
96,6,164.86,577.54,54.59,146.80,0.4635,-1,-1,-1
96,2,1696.30,611.01,74.62,190.90,0.7886,-1,-1,-1
97,24,438.50,568.60,34.93,117.45,0.3463,-1,-1,-1
97,23,307.83,576.20,34.63,100.18,0.5856,-1,-1,-1
97,19,371.41,555.97,47.84,134.50,0.5172,-1,-1,-1
97,16,342.74,550.97,39.97,135.33,0.4800,-1,-1,-1
97,8,211.34,578.17,56.87,144.85,0.6523,-1,-1,-1
97,7,1693.08,545.48,42.44,93.81,0.5333,-1,-1,-1
97,6,158.84,580.00,52.27,139.18,0.5568,-1,-1,-1
97,2,1700.49,612.72,76.80,193.04,0.7858,-1,-1,-1
98,24,422.22,575.39,38.24,117.27,0.3181,-1,-1,-1
98,20,453.09,565.12,35.12,117.72,0.3330,-1,-1,-1
98,19,366.68,583.16,45.33,108.57,0.6103,-1,-1,-1
98,16,336.20,562.47,39.69,129.08,0.3058,-1,-1,-1
98,8,203.35,581.59,55.11,145.99,0.6214,-1,-1,-1
98,7,1690.99,546.30,40.52,95.18,0.5093,-1,-1,-1
98,6,151.20,582.65,53.40,144.19,0.5597,-1,-1,-1
98,2,1705.08,612.44,76.66,196.54,0.7917,-1,-1,-1
99,24,413.90,573.31,41.32,119.78,0.3763,-1,-1,-1
99,23,290.04,589.28,34.40,87.81,0.4881,-1,-1,-1
99,19,358.44,567.22,46.53,125.61,0.5584,-1,-1,-1
99,16,329.59,556.47,36.36,132.89,0.4517,-1,-1,-1
99,8,197.28,578.05,53.66,148.25,0.6655,-1,-1,-1
99,7,1688.31,546.04,42.36,102.94,0.5021,-1,-1,-1
99,6,142.12,581.31,54.55,142.89,0.4822,-1,-1,-1
99,2,1706.66,614.42,78.84,197.62,0.7604,-1,-1,-1
100,23,281.07,586.73,35.61,97.10,0.5922,-1,-1,-1
100,20,441.89,562.89,32.56,105.24,0.4473,-1,-1,-1
100,19,347.64,576.45,51.88,117.92,0.5463,-1,-1,-1
100,16,319.33,561.29,39.61,131.50,0.4085,-1,-1,-1
100,8,188.72,587.93,54.92,141.04,0.6086,-1,-1,-1
100,7,1685.37,548.77,42.47,101.22,0.6405,-1,-1,-1
100,6,130.25,583.90,56.98,140.11,0.5674,-1,-1,-1
100,2,1709.29,612.71,80.83,200.27,0.7951,-1,-1,-1
101,25,1555.13,523.52,23.22,80.41,0.3246,-1,-1,-1
101,24,396.34,570.82,42.39,128.14,0.4525,-1,-1,-1
101,23,272.97,588.89,33.43,90.93,0.4466,-1,-1,-1
101,20,434.09,561.11,34.63,107.82,0.3740,-1,-1,-1
101,19,340.30,570.69,49.36,122.46,0.5713,-1,-1,-1
101,16,309.27,578.41,37.24,112.54,0.3813,-1,-1,-1
101,8,179.49,581.99,58.71,145.56,0.5858,-1,-1,-1
101,7,1685.25,550.68,38.75,103.06,0.7194,-1,-1,-1
101,6,124.00,578.19,58.44,145.28,0.6036,-1,-1,-1
101,2,1711.13,615.95,81.13,202.64,0.7864,-1,-1,-1
102,25,1548.32,521.65,25.51,81.52,0.3878,-1,-1,-1
102,24,389.35,574.04,43.30,125.59,0.3714,-1,-1,-1
102,23,261.96,593.65,36.27,87.99,0.5421,-1,-1,-1
102,20,432.23,561.26,30.62,110.94,0.3857,-1,-1,-1
102,19,332.21,575.64,48.99,120.23,0.6189,-1,-1,-1
102,16,302.22,580.12,35.31,112.93,0.3036,-1,-1,-1
102,8,171.74,583.23,57.34,145.09,0.5693,-1,-1,-1
102,7,1684.55,550.50,36.90,103.00,0.7410,-1,-1,-1
102,6,114.52,581.32,57.69,146.59,0.6264,-1,-1,-1
102,2,1712.81,620.54,82.58,199.39,0.8138,-1,-1,-1
103,25,1545.82,518.91,25.05,78.70,0.4536,-1,-1,-1
103,24,385.33,570.21,39.33,128.72,0.3388,-1,-1,-1
103,23,255.66,588.51,36.49,100.31,0.4423,-1,-1,-1
103,20,422.61,561.59,31.64,107.66,0.3365,-1,-1,-1
103,19,326.01,573.97,52.68,120.96,0.4858,-1,-1,-1
103,8,163.83,588.58,57.38,142.04,0.5185,-1,-1,-1
103,7,1683.70,550.44,36.27,101.97,0.7186,-1,-1,-1
103,6,105.14,577.70,57.15,150.78,0.5525,-1,-1,-1
103,2,1713.67,618.70,86.37,206.08,0.8263,-1,-1,-1
104,25,1545.56,521.79,22.53,76.21,0.3719,-1,-1,-1
104,24,373.41,575.59,41.19,124.03,0.4726,-1,-1,-1
104,23,248.15,589.54,36.09,91.29,0.3079,-1,-1,-1
104,22,35.39,578.01,52.51,140.40,0.3047,-1,-1,-1
104,20,415.17,557.61,34.42,107.15,0.4452,-1,-1,-1
104,19,315.32,578.39,50.38,115.68,0.3576,-1,-1,-1
104,8,154.29,590.77,50.56,136.88,0.4255,-1,-1,-1
104,7,1682.67,551.78,35.29,102.23,0.7079,-1,-1,-1
104,6,95.07,576.45,58.57,149.83,0.5656,-1,-1,-1
104,2,1715.08,624.84,87.01,207.24,0.8179,-1,-1,-1
105,24,367.71,568.46,41.13,134.06,0.3745,-1,-1,-1
105,23,237.45,591.91,37.60,91.67,0.4485,-1,-1,-1
105,22,23.85,580.44,54.37,144.39,0.4165,-1,-1,-1
105,20,408.17,559.11,34.71,117.34,0.4021,-1,-1,-1
105,19,304.67,563.63,53.69,134.28,0.5171,-1,-1,-1
105,8,145.48,585.44,59.66,144.48,0.5507,-1,-1,-1
105,7,1681.64,549.57,34.63,103.55,0.6657,-1,-1,-1
105,6,87.41,579.65,57.40,149.07,0.6016,-1,-1,-1
105,2,1717.77,624.16,86.72,210.25,0.8058,-1,-1,-1
106,25,1535.03,522.19,25.95,73.37,0.3972,-1,-1,-1
106,24,360.82,566.67,39.84,135.85,0.5137,-1,-1,-1
106,23,227.39,589.15,36.32,96.83,0.3593,-1,-1,-1
106,19,299.32,566.91,51.75,130.10,0.5020,-1,-1,-1
106,8,138.99,573.84,60.15,155.93,0.5314,-1,-1,-1
106,7,1680.00,549.32,33.69,104.50,0.6088,-1,-1,-1
106,6,77.29,573.81,55.59,154.60,0.5601,-1,-1,-1
106,2,1723.82,625.54,84.88,212.41,0.7798,-1,-1,-1
107,25,1533.17,520.76,28.28,77.35,0.4410,-1,-1,-1
107,24,351.30,561.53,42.94,142.07,0.5357,-1,-1,-1
107,23,218.50,591.51,39.39,98.18,0.5197,-1,-1,-1
107,22,8.36,575.86,50.99,145.04,0.3999,-1,-1,-1
107,20,393.38,561.55,34.66,105.29,0.5070,-1,-1,-1
107,19,287.04,557.05,53.71,140.85,0.4679,-1,-1,-1
107,16,257.18,589.31,36.91,113.93,0.3921,-1,-1,-1
107,8,130.00,586.48,55.18,144.15,0.4008,-1,-1,-1
107,7,1677.55,547.60,32.24,105.48,0.5537,-1,-1,-1
107,6,67.69,572.05,58.96,156.47,0.5915,-1,-1,-1
107,2,1726.69,622.50,84.09,217.36,0.7892,-1,-1,-1
108,25,1532.70,524.35,25.23,74.78,0.3914,-1,-1,-1
108,24,341.91,563.09,45.62,141.17,0.5373,-1,-1,-1
108,23,209.95,585.99,36.91,101.71,0.5885,-1,-1,-1
108,22,0.49,574.62,53.16,150.67,0.4784,-1,-1,-1
108,20,389.61,559.96,34.42,105.07,0.4560,-1,-1,-1
108,19,278.22,558.25,54.68,141.88,0.5482,-1,-1,-1
108,8,120.64,574.24,54.68,155.39,0.4984,-1,-1,-1
108,7,1676.86,549.16,30.98,106.42,0.4685,-1,-1,-1
108,6,52.81,567.41,65.65,161.96,0.5355,-1,-1,-1
108,2,1728.65,628.59,84.87,217.73,0.8030,-1,-1,-1
109,25,1527.18,522.29,26.79,74.65,0.3970,-1,-1,-1
109,24,337.22,555.00,41.04,150.78,0.5919,-1,-1,-1
109,23,200.53,587.77,37.39,106.27,0.5073,-1,-1,-1
109,22,0.45,573.66,42.01,156.46,0.3691,-1,-1,-1
109,20,381.11,557.40,35.48,113.51,0.4560,-1,-1,-1
109,19,266.95,571.25,55.46,133.59,0.4144,-1,-1,-1
109,8,113.52,572.91,58.96,158.06,0.4123,-1,-1,-1
109,7,1675.42,549.74,30.47,106.34,0.5368,-1,-1,-1
109,6,44.31,568.90,63.28,159.62,0.4893,-1,-1,-1
109,2,1730.83,628.17,86.16,222.26,0.8077,-1,-1,-1
110,24,325.93,565.77,44.93,139.28,0.6136,-1,-1,-1
110,23,190.13,587.17,39.35,105.19,0.5300,-1,-1,-1
110,22,0.32,571.79,32.74,154.11,0.3810,-1,-1,-1
110,20,373.88,557.23,35.01,107.90,0.4487,-1,-1,-1
110,19,252.39,551.93,60.63,151.40,0.5141,-1,-1,-1
110,8,102.93,571.97,55.66,158.77,0.5834,-1,-1,-1
110,7,1674.66,551.11,28.73,107.17,0.3544,-1,-1,-1
110,6,30.30,567.28,70.33,162.60,0.5918,-1,-1,-1
110,2,1732.24,628.80,86.43,225.58,0.8127,-1,-1,-1
111,24,318.37,576.06,41.33,130.60,0.5316,-1,-1,-1
111,23,180.45,590.14,37.40,107.53,0.4033,-1,-1,-1
111,20,365.96,559.29,36.52,109.13,0.4495,-1,-1,-1
111,19,248.08,561.62,57.01,142.89,0.4758,-1,-1,-1
111,8,93.21,566.47,59.98,167.20,0.5884,-1,-1,-1
111,6,19.83,561.98,72.70,168.72,0.6227,-1,-1,-1
111,2,1733.12,629.46,88.04,227.66,0.8116,-1,-1,-1
112,24,307.21,570.00,40.96,139.72,0.5576,-1,-1,-1
112,23,170.91,593.42,35.73,101.03,0.4827,-1,-1,-1
112,20,357.05,559.42,37.01,112.71,0.5559,-1,-1,-1
112,19,239.34,571.42,54.83,134.54,0.5933,-1,-1,-1
112,16,201.43,590.81,42.56,115.14,0.3066,-1,-1,-1
112,8,84.34,575.00,59.67,158.94,0.5708,-1,-1,-1
112,6,9.07,567.90,78.33,164.70,0.5345,-1,-1,-1
112,2,1734.43,632.74,90.18,227.33,0.8082,-1,-1,-1
113,24,298.64,572.52,38.40,139.74,0.6005,-1,-1,-1
113,23,161.62,596.01,37.68,103.04,0.5201,-1,-1,-1
113,20,349.36,562.98,36.31,111.48,0.4343,-1,-1,-1
113,19,231.95,578.78,52.91,131.51,0.6201,-1,-1,-1
113,8,75.17,578.74,56.05,158.99,0.5793,-1,-1,-1
113,6,2.04,557.81,71.67,176.02,0.5964,-1,-1,-1
113,2,1735.05,634.79,90.63,229.77,0.8037,-1,-1,-1
114,24,290.76,571.58,42.56,141.35,0.4923,-1,-1,-1
114,23,151.75,597.96,33.48,102.38,0.6192,-1,-1,-1
114,20,341.34,565.61,36.53,108.28,0.5096,-1,-1,-1
114,19,217.64,583.10,55.19,126.78,0.5790,-1,-1,-1
114,8,62.04,563.42,60.57,173.11,0.6503,-1,-1,-1
114,6,6.93,577.71,55.91,158.30,0.5474,-1,-1,-1
114,2,1737.72,635.33,89.44,230.38,0.7985,-1,-1,-1
115,24,279.15,582.26,37.02,133.02,0.5721,-1,-1,-1
115,23,141.40,596.13,37.46,106.18,0.6165,-1,-1,-1
115,20,333.24,563.77,38.24,112.74,0.6421,-1,-1,-1
115,19,198.21,566.17,64.78,143.86,0.5427,-1,-1,-1
115,8,52.17,565.36,60.10,174.00,0.6519,-1,-1,-1
115,6,4.75,574.74,50.85,160.95,0.4663,-1,-1,-1
115,2,1739.24,636.24,91.26,231.17,0.7917,-1,-1,-1
116,24,271.35,578.99,37.43,138.23,0.4739,-1,-1,-1
116,23,130.28,599.27,34.56,102.71,0.5738,-1,-1,-1
116,20,323.25,567.75,39.52,110.32,0.6114,-1,-1,-1
116,19,198.73,576.71,56.13,140.79,0.5417,-1,-1,-1
116,8,44.42,574.47,57.00,167.58,0.6057,-1,-1,-1
116,6,0.34,585.02,50.07,155.49,0.6279,-1,-1,-1
116,2,1741.11,636.03,91.38,235.64,0.7988,-1,-1,-1
117,24,258.21,558.78,39.91,159.98,0.6094,-1,-1,-1
117,23,118.54,599.95,37.86,100.24,0.5757,-1,-1,-1
117,20,313.88,566.44,41.14,113.49,0.5431,-1,-1,-1
117,19,186.36,567.76,58.32,148.13,0.4907,-1,-1,-1
117,8,31.79,575.15,59.89,169.58,0.5958,-1,-1,-1
117,6,0.56,584.42,40.87,157.12,0.6280,-1,-1,-1
117,2,1740.82,639.16,94.48,238.98,0.8087,-1,-1,-1
118,24,249.10,574.32,38.18,149.82,0.6613,-1,-1,-1
118,23,110.03,600.38,37.86,106.52,0.5083,-1,-1,-1
118,20,309.67,558.61,37.17,121.63,0.6467,-1,-1,-1
118,19,181.39,585.99,51.82,135.05,0.5475,-1,-1,-1
118,8,21.59,578.95,60.43,168.44,0.5139,-1,-1,-1
118,6,0.05,590.55,30.33,153.71,0.4964,-1,-1,-1
118,2,1742.82,636.91,96.26,245.93,0.8036,-1,-1,-1
119,26,1742.39,566.70,47.75,98.18,0.3527,-1,-1,-1
119,24,239.50,562.21,41.17,162.81,0.6098,-1,-1,-1
119,23,100.25,601.43,33.66,105.64,0.4758,-1,-1,-1
119,20,299.15,564.12,40.02,117.83,0.5506,-1,-1,-1
119,19,169.19,577.82,54.03,146.74,0.4580,-1,-1,-1
119,16,125.70,595.85,42.76,124.63,0.4126,-1,-1,-1
119,8,10.68,569.86,62.10,181.06,0.5953,-1,-1,-1
119,2,1745.93,640.57,100.38,245.72,0.8216,-1,-1,-1
120,26,1742.96,556.65,42.91,110.87,0.4101,-1,-1,-1
120,24,225.47,574.79,43.38,154.58,0.6484,-1,-1,-1
120,23,89.63,600.72,33.67,113.68,0.4243,-1,-1,-1
120,20,290.68,560.48,39.87,125.15,0.5783,-1,-1,-1
120,19,158.30,583.86,53.11,143.04,0.6010,-1,-1,-1
120,8,7.20,561.20,55.78,192.71,0.5787,-1,-1,-1
120,2,1748.47,645.65,104.64,244.00,0.8124,-1,-1,-1
121,26,1741.21,555.14,43.96,114.24,0.4367,-1,-1,-1
121,24,217.38,570.07,43.53,161.73,0.5595,-1,-1,-1
121,23,77.68,602.20,36.90,112.69,0.5918,-1,-1,-1
121,20,287.22,564.55,36.02,117.67,0.6307,-1,-1,-1
121,19,145.35,587.85,57.38,138.42,0.5881,-1,-1,-1
121,16,103.74,601.70,43.21,128.51,0.5222,-1,-1,-1
121,8,0.71,551.24,54.66,201.13,0.5799,-1,-1,-1
121,2,1752.41,645.38,103.91,248.68,0.8093,-1,-1,-1
122,26,1739.53,554.51,42.76,116.56,0.3940,-1,-1,-1
122,24,204.25,575.06,48.60,158.01,0.6582,-1,-1,-1
122,23,67.27,606.00,35.97,109.43,0.4072,-1,-1,-1
122,20,274.61,564.42,41.30,120.41,0.6008,-1,-1,-1
122,19,140.59,594.95,51.95,140.81,0.5103,-1,-1,-1
122,8,0.17,556.54,45.47,199.39,0.6187,-1,-1,-1
122,2,1756.24,646.63,99.71,252.42,0.8083,-1,-1,-1
123,26,1739.91,556.07,42.21,118.55,0.4080,-1,-1,-1
123,24,193.61,584.49,50.21,151.32,0.5958,-1,-1,-1
123,23,53.17,608.37,38.58,116.91,0.3160,-1,-1,-1
123,20,265.46,557.07,42.97,132.69,0.6606,-1,-1,-1
123,19,127.89,600.54,57.66,138.41,0.4494,-1,-1,-1
123,16,81.30,605.33,43.87,131.63,0.4361,-1,-1,-1
123,8,0.03,575.74,38.97,179.26,0.5677,-1,-1,-1
123,2,1761.34,650.63,96.48,254.73,0.8086,-1,-1,-1
124,26,1739.50,556.00,42.83,114.57,0.4158,-1,-1,-1
124,24,185.20,590.46,47.24,147.01,0.6282,-1,-1,-1
124,23,42.41,608.64,37.59,116.84,0.3103,-1,-1,-1
124,20,261.94,571.67,37.50,118.90,0.5867,-1,-1,-1
124,19,97.04,582.81,53.09,151.33,0.4447,-1,-1,-1
124,8,0.06,597.55,27.09,161.03,0.4857,-1,-1,-1
124,2,1765.15,648.20,97.78,260.75,0.8160,-1,-1,-1
125,27,566.42,525.80,29.15,68.75,0.4159,-1,-1,-1
125,26,1736.53,554.99,42.70,117.81,0.3313,-1,-1,-1
125,24,173.40,590.84,52.03,148.51,0.6425,-1,-1,-1
125,23,31.28,611.99,35.32,112.48,0.4598,-1,-1,-1
125,20,250.72,571.28,40.13,119.96,0.5345,-1,-1,-1
125,19,86.61,579.55,50.56,148.69,0.3177,-1,-1,-1
125,16,59.85,615.96,37.84,118.66,0.3085,-1,-1,-1
125,8,0.09,619.21,25.79,103.09,0.3790,-1,-1,-1
125,2,1769.91,647.50,103.57,262.09,0.8162,-1,-1,-1
126,24,160.33,597.36,54.52,145.31,0.5842,-1,-1,-1
126,23,20.50,615.10,39.09,112.41,0.4119,-1,-1,-1
126,20,243.13,565.78,39.78,128.49,0.5828,-1,-1,-1
126,19,97.81,622.95,52.96,110.06,0.3159,-1,-1,-1
126,2,1773.47,650.82,104.17,262.06,0.8115,-1,-1,-1
127,27,553.90,526.18,30.66,68.90,0.3475,-1,-1,-1
127,26,1727.62,556.39,42.72,106.27,0.3423,-1,-1,-1
127,24,153.96,601.86,50.41,144.29,0.5954,-1,-1,-1
127,23,3.22,623.56,38.51,102.84,0.3592,-1,-1,-1
127,20,236.51,570.45,38.49,125.59,0.5793,-1,-1,-1
127,19,82.74,624.51,58.19,116.61,0.4728,-1,-1,-1
127,16,35.07,621.64,39.54,120.48,0.3814,-1,-1,-1
127,2,1778.01,650.72,104.96,266.45,0.8198,-1,-1,-1
128,27,546.47,528.15,32.82,68.61,0.4194,-1,-1,-1
128,26,1727.50,557.94,41.13,106.65,0.4019,-1,-1,-1
128,24,141.17,602.95,54.94,144.28,0.5498,-1,-1,-1
128,23,0.05,620.57,28.78,110.67,0.3409,-1,-1,-1
128,20,224.26,559.54,41.26,136.59,0.6124,-1,-1,-1
128,19,71.00,622.43,59.50,120.01,0.4666,-1,-1,-1
128,2,1780.82,653.88,106.99,266.92,0.8194,-1,-1,-1
129,27,544.89,528.47,28.27,68.12,0.3429,-1,-1,-1
129,26,1727.19,556.42,38.54,109.66,0.3781,-1,-1,-1
129,24,130.55,598.08,50.68,153.98,0.5158,-1,-1,-1
129,23,0.16,623.49,19.99,109.21,0.3115,-1,-1,-1
129,20,218.78,567.92,39.33,132.40,0.5917,-1,-1,-1
129,19,64.47,621.30,54.19,125.37,0.3576,-1,-1,-1
129,16,39.06,589.39,50.37,145.85,0.3109,-1,-1,-1
129,2,1786.18,656.34,112.46,269.16,0.8236,-1,-1,-1
130,26,1724.58,556.63,35.76,116.77,0.3991,-1,-1,-1
130,24,116.02,604.03,61.15,150.96,0.3293,-1,-1,-1
130,20,209.58,565.11,41.28,135.84,0.5545,-1,-1,-1
130,19,47.55,621.09,57.36,128.97,0.3896,-1,-1,-1
130,16,28.17,586.47,52.10,159.55,0.4394,-1,-1,-1
130,8,0.10,622.58,28.13,115.61,0.3870,-1,-1,-1
130,2,1787.36,657.94,116.65,271.97,0.8218,-1,-1,-1
131,27,533.34,526.02,29.38,72.00,0.4065,-1,-1,-1
131,26,1715.55,557.48,44.28,120.29,0.4679,-1,-1,-1
131,24,104.64,596.98,46.60,159.19,0.4312,-1,-1,-1
131,20,200.21,575.90,41.10,125.51,0.4712,-1,-1,-1
131,16,12.55,588.28,54.62,150.58,0.4854,-1,-1,-1
131,2,1791.29,659.08,118.84,277.96,0.8318,-1,-1,-1
132,26,1714.22,555.02,44.64,120.41,0.4536,-1,-1,-1
132,24,94.67,598.25,45.68,162.03,0.4305,-1,-1,-1
132,20,191.63,568.11,41.40,135.12,0.6437,-1,-1,-1
132,16,2.06,584.03,51.70,161.61,0.5509,-1,-1,-1
132,2,1796.71,661.25,120.44,285.82,0.8653,-1,-1,-1
133,27,524.09,527.77,31.30,71.31,0.4528,-1,-1,-1
133,26,1712.57,557.55,46.01,120.06,0.4479,-1,-1,-1
133,24,78.88,592.43,50.08,170.76,0.5461,-1,-1,-1
133,20,181.39,564.92,45.05,136.89,0.5323,-1,-1,-1
133,19,13.90,627.76,59.04,135.25,0.3585,-1,-1,-1
133,16,0.12,588.83,42.66,163.28,0.3463,-1,-1,-1
133,2,1803.53,662.97,115.03,290.67,0.8823,-1,-1,-1
134,27,521.71,529.39,25.53,72.13,0.4254,-1,-1,-1
134,26,1710.55,555.95,46.84,120.06,0.4813,-1,-1,-1
134,24,41.50,572.04,75.28,198.06,0.4966,-1,-1,-1
134,20,173.57,566.74,40.88,138.85,0.5594,-1,-1,-1
134,19,1.24,627.37,55.11,139.36,0.4842,-1,-1,-1
134,2,1807.89,665.48,111.19,295.84,0.8508,-1,-1,-1
135,27,514.79,527.96,29.51,74.00,0.5472,-1,-1,-1
135,26,1705.10,554.76,51.52,119.75,0.5037,-1,-1,-1
135,24,29.69,571.30,77.62,201.92,0.5420,-1,-1,-1
135,20,166.49,571.33,39.99,137.44,0.5440,-1,-1,-1
135,19,0.17,615.62,46.75,151.67,0.5675,-1,-1,-1
135,2,1811.32,666.05,107.79,302.88,0.8147,-1,-1,-1
136,27,508.67,527.07,28.05,73.73,0.5365,-1,-1,-1
136,26,1700.56,557.13,50.74,113.58,0.4720,-1,-1,-1
136,24,24.65,574.78,74.15,199.78,0.5256,-1,-1,-1
136,20,157.12,566.71,41.28,141.42,0.3930,-1,-1,-1
136,19,0.08,622.64,35.64,145.73,0.6005,-1,-1,-1
136,2,1818.05,671.01,100.94,305.17,0.8375,-1,-1,-1
137,27,503.06,527.37,29.80,75.89,0.5476,-1,-1,-1
137,26,1699.63,555.46,50.80,114.26,0.5034,-1,-1,-1
137,24,20.29,573.72,66.30,204.16,0.6262,-1,-1,-1
137,20,148.47,575.64,39.86,135.47,0.4030,-1,-1,-1
137,19,0.16,640.65,26.46,132.24,0.4696,-1,-1,-1
137,2,1824.27,680.42,95.11,306.27,0.7745,-1,-1,-1
138,31,1570.17,556.58,45.34,107.26,0.5700,-1,-1,-1
138,27,499.68,531.37,30.35,71.98,0.5820,-1,-1,-1
138,26,1698.08,556.32,50.67,113.00,0.4898,-1,-1,-1
138,24,12.22,572.87,60.47,204.49,0.6375,-1,-1,-1
138,20,139.96,572.24,41.13,140.15,0.4943,-1,-1,-1
138,2,1830.81,678.94,88.58,310.62,0.7832,-1,-1,-1
139,31,1568.70,553.59,38.03,109.59,0.5948,-1,-1,-1
139,27,495.82,527.81,26.40,72.47,0.4400,-1,-1,-1
139,26,1697.72,557.17,48.72,109.71,0.5075,-1,-1,-1
139,24,5.44,579.02,55.76,198.98,0.6160,-1,-1,-1
139,2,1832.75,679.01,86.64,315.84,0.7701,-1,-1,-1
140,31,1566.43,549.98,37.13,111.79,0.6624,-1,-1,-1
140,27,489.82,526.79,29.09,73.75,0.4967,-1,-1,-1
140,26,1698.46,551.66,46.98,116.80,0.5286,-1,-1,-1
140,24,0.22,575.39,47.82,213.03,0.6254,-1,-1,-1
140,20,121.95,560.27,42.37,155.95,0.3748,-1,-1,-1
140,2,1840.38,682.76,78.99,309.25,0.7507,-1,-1,-1
141,31,1562.87,550.39,39.07,111.07,0.7273,-1,-1,-1
141,27,484.98,527.99,27.30,73.90,0.5265,-1,-1,-1
141,26,1699.87,551.63,43.99,116.45,0.4522,-1,-1,-1
141,24,0.17,581.54,37.15,205.46,0.5912,-1,-1,-1
141,2,1847.47,678.06,71.89,310.42,0.6802,-1,-1,-1
142,32,399.84,530.98,26.39,64.35,0.3633,-1,-1,-1
142,31,1559.77,552.72,41.12,106.75,0.6811,-1,-1,-1
142,27,480.47,527.09,28.82,75.72,0.4993,-1,-1,-1
142,26,1702.18,557.11,40.18,114.00,0.4377,-1,-1,-1
142,2,1854.40,699.40,64.98,292.57,0.6425,-1,-1,-1
143,31,1556.58,554.03,40.64,109.37,0.5899,-1,-1,-1
143,27,476.44,527.44,32.04,73.06,0.5369,-1,-1,-1
143,26,1699.15,563.37,40.73,107.62,0.3689,-1,-1,-1
143,6,0.13,569.70,19.58,100.35,0.4086,-1,-1,-1
143,2,1860.29,705.95,59.10,295.02,0.5929,-1,-1,-1
144,31,1554.30,556.57,37.25,109.23,0.7093,-1,-1,-1
144,29,435.04,529.23,25.06,66.18,0.3083,-1,-1,-1
144,27,474.24,527.40,27.07,75.34,0.5946,-1,-1,-1
144,26,1695.88,567.59,42.68,106.78,0.4587,-1,-1,-1
144,2,1866.54,717.51,52.87,246.61,0.4751,-1,-1,-1
145,32,382.58,529.17,28.02,64.88,0.4087,-1,-1,-1
145,31,1548.65,557.46,37.39,107.46,0.6960,-1,-1,-1
145,27,467.70,527.05,28.68,73.63,0.5252,-1,-1,-1
145,26,1694.24,570.25,42.99,107.09,0.6017,-1,-1,-1
146,32,379.60,529.59,26.24,64.22,0.4054,-1,-1,-1
146,31,1544.69,555.41,39.28,111.28,0.6499,-1,-1,-1
146,27,463.12,525.81,27.74,74.81,0.5850,-1,-1,-1
146,26,1693.14,574.19,42.85,100.41,0.6214,-1,-1,-1
147,32,372.16,531.19,28.39,65.49,0.3205,-1,-1,-1
147,31,1540.34,557.33,39.62,109.17,0.6767,-1,-1,-1
147,27,456.66,526.70,29.94,76.09,0.5245,-1,-1,-1
147,26,1691.25,573.55,41.19,104.19,0.5336,-1,-1,-1
148,32,362.27,528.81,29.03,67.19,0.3125,-1,-1,-1
148,31,1529.95,554.27,47.45,114.01,0.6907,-1,-1,-1
148,27,452.63,529.72,30.30,73.38,0.5904,-1,-1,-1
148,26,1682.35,567.03,47.54,109.12,0.4708,-1,-1,-1
149,32,358.54,529.40,30.79,68.10,0.3719,-1,-1,-1
149,31,1517.34,554.32,57.00,113.85,0.6868,-1,-1,-1
149,27,448.46,529.00,28.58,75.18,0.5577,-1,-1,-1
149,26,1680.84,570.14,43.11,105.72,0.6107,-1,-1,-1
150,32,356.68,530.75,27.36,67.95,0.4074,-1,-1,-1
150,31,1510.99,560.21,60.71,107.35,0.7187,-1,-1,-1
150,27,442.43,528.45,30.13,77.09,0.5837,-1,-1,-1
150,26,1679.50,565.46,42.44,108.04,0.6684,-1,-1,-1
151,32,349.58,533.55,28.54,68.00,0.3414,-1,-1,-1
151,31,1511.13,560.10,56.99,108.76,0.7010,-1,-1,-1
151,27,435.10,526.67,30.65,78.60,0.5417,-1,-1,-1
151,26,1675.86,567.11,43.08,107.95,0.5863,-1,-1,-1
152,31,1509.12,557.55,54.02,111.19,0.6993,-1,-1,-1
152,27,428.68,530.39,31.11,76.27,0.5585,-1,-1,-1
152,26,1672.74,566.99,43.11,105.02,0.5134,-1,-1,-1
153,32,336.70,536.59,29.84,65.58,0.3112,-1,-1,-1
153,31,1502.69,557.07,57.29,109.89,0.6614,-1,-1,-1
153,27,424.99,531.09,27.67,74.41,0.5251,-1,-1,-1
153,26,1675.10,566.65,36.34,92.90,0.4094,-1,-1,-1
154,31,1498.50,551.93,51.00,114.73,0.6689,-1,-1,-1
154,27,416.79,532.32,30.67,77.52,0.5154,-1,-1,-1
155,31,1492.10,552.32,48.62,112.86,0.6495,-1,-1,-1
155,27,410.88,529.33,29.47,80.45,0.5752,-1,-1,-1
156,31,1488.66,550.18,44.70,116.38,0.6685,-1,-1,-1
156,27,403.00,533.59,31.16,78.24,0.5338,-1,-1,-1
157,35,1440.20,533.47,22.88,88.73,0.5086,-1,-1,-1
157,34,1301.96,521.30,29.96,72.26,0.3439,-1,-1,-1
157,32,307.58,538.36,26.59,69.01,0.3183,-1,-1,-1
157,31,1481.03,551.81,44.57,112.71,0.6728,-1,-1,-1
157,27,397.94,535.35,29.94,77.11,0.5842,-1,-1,-1
158,35,1436.79,533.69,22.11,88.59,0.4267,-1,-1,-1
158,34,1296.85,520.66,31.16,74.26,0.3217,-1,-1,-1
158,32,304.39,540.75,26.63,69.35,0.3128,-1,-1,-1
158,31,1473.66,547.47,45.55,116.96,0.7304,-1,-1,-1
158,27,393.39,535.94,28.44,79.10,0.5317,-1,-1,-1
159,31,1470.29,546.28,43.63,118.63,0.7113,-1,-1,-1
159,27,387.65,537.51,28.16,77.94,0.5671,-1,-1,-1
160,31,1466.38,545.73,42.68,119.22,0.6755,-1,-1,-1
160,27,379.57,538.40,31.39,79.97,0.5007,-1,-1,-1
161,34,1285.46,517.55,29.34,76.42,0.3033,-1,-1,-1
161,31,1461.39,547.50,43.69,117.04,0.6509,-1,-1,-1
161,27,376.49,538.49,29.88,79.04,0.4973,-1,-1,-1
162,31,1457.38,550.31,44.57,110.98,0.6772,-1,-1,-1
162,27,371.11,540.08,31.85,77.74,0.5277,-1,-1,-1
163,31,1450.72,550.18,47.72,113.37,0.6455,-1,-1,-1
163,27,364.65,540.44,31.57,80.33,0.4649,-1,-1,-1
164,31,1446.71,548.33,47.52,114.61,0.6251,-1,-1,-1
164,27,360.63,540.45,32.57,80.05,0.5373,-1,-1,-1
165,31,1438.12,547.65,51.96,116.23,0.6663,-1,-1,-1
165,27,354.50,541.50,31.93,80.63,0.5056,-1,-1,-1
166,31,1433.86,548.62,50.19,115.39,0.6801,-1,-1,-1
166,27,350.97,543.75,28.78,78.79,0.5509,-1,-1,-1
167,31,1432.81,543.65,45.07,117.97,0.6655,-1,-1,-1
167,27,344.50,543.51,31.40,78.42,0.6247,-1,-1,-1
168,31,1428.69,542.66,43.29,117.01,0.6644,-1,-1,-1
168,27,338.23,543.25,34.04,79.66,0.5760,-1,-1,-1
169,31,1425.29,544.38,41.75,117.44,0.6760,-1,-1,-1
169,27,334.35,543.82,34.48,78.81,0.5621,-1,-1,-1
170,31,1420.95,539.42,41.58,121.50,0.6738,-1,-1,-1
170,27,330.60,543.05,31.01,78.83,0.5517,-1,-1,-1
171,31,1414.47,538.98,45.11,124.51,0.5668,-1,-1,-1
171,27,325.14,543.83,31.94,77.34,0.5629,-1,-1,-1
172,31,1410.55,533.82,43.06,126.67,0.6205,-1,-1,-1
172,27,320.46,541.21,31.28,78.25,0.5781,-1,-1,-1
173,31,1405.44,531.64,44.23,129.30,0.5636,-1,-1,-1
173,27,314.52,540.85,33.56,82.22,0.5739,-1,-1,-1
174,31,1402.37,531.31,46.23,131.71,0.6381,-1,-1,-1
174,27,310.94,543.57,34.76,78.48,0.6000,-1,-1,-1
175,31,1391.48,532.96,55.80,131.06,0.6648,-1,-1,-1
175,27,306.40,541.31,35.21,79.83,0.4849,-1,-1,-1
176,31,1387.07,536.47,56.61,127.90,0.6772,-1,-1,-1
176,27,301.45,541.59,33.82,80.99,0.5863,-1,-1,-1
177,31,1385.00,534.50,56.27,130.32,0.7055,-1,-1,-1
177,27,297.02,542.30,35.09,77.28,0.6516,-1,-1,-1
178,31,1387.15,535.09,51.99,130.23,0.6721,-1,-1,-1
178,27,293.35,541.60,33.86,82.16,0.6083,-1,-1,-1
179,31,1387.50,536.79,48.69,128.44,0.6812,-1,-1,-1
179,27,289.35,540.12,34.94,83.94,0.6117,-1,-1,-1
179,26,1607.54,542.91,38.94,128.28,0.4278,-1,-1,-1
180,31,1384.76,535.06,48.11,130.49,0.7042,-1,-1,-1
180,27,284.16,544.14,36.30,81.13,0.5635,-1,-1,-1
180,26,1608.04,543.39,38.49,128.51,0.4058,-1,-1,-1
181,31,1384.57,537.00,41.63,126.42,0.7124,-1,-1,-1
181,27,281.04,542.66,35.45,83.77,0.5571,-1,-1,-1
181,26,1598.53,544.94,52.44,128.05,0.3674,-1,-1,-1
182,31,1379.73,537.70,43.34,127.50,0.7277,-1,-1,-1
182,27,274.75,543.61,35.09,83.34,0.5935,-1,-1,-1
182,26,1604.83,546.04,45.06,127.29,0.4363,-1,-1,-1
183,31,1375.47,536.61,44.20,128.71,0.7399,-1,-1,-1
183,27,272.59,544.17,33.23,85.31,0.6422,-1,-1,-1
183,26,1608.82,550.38,41.64,123.69,0.4206,-1,-1,-1
184,31,1373.39,535.97,42.86,129.74,0.7635,-1,-1,-1
184,27,266.86,546.89,34.59,83.87,0.6228,-1,-1,-1
184,26,1609.58,543.84,40.95,130.26,0.4371,-1,-1,-1
185,31,1370.78,534.04,44.38,132.11,0.7474,-1,-1,-1
185,27,262.49,547.87,35.10,82.93,0.5506,-1,-1,-1
185,26,1608.22,542.74,41.66,132.30,0.4631,-1,-1,-1
186,31,1369.86,534.29,42.13,132.60,0.7194,-1,-1,-1
186,27,259.37,546.86,35.55,85.09,0.5220,-1,-1,-1
186,26,1606.38,545.68,44.32,127.32,0.3661,-1,-1,-1
187,31,1367.19,533.72,42.66,133.22,0.7053,-1,-1,-1
187,27,254.85,548.35,34.64,85.99,0.5688,-1,-1,-1
187,26,1595.88,542.15,54.38,133.09,0.3347,-1,-1,-1
188,31,1364.72,534.35,44.34,134.53,0.6755,-1,-1,-1
188,27,249.92,549.92,34.89,86.34,0.5662,-1,-1,-1
188,26,1594.21,547.65,58.10,130.05,0.4388,-1,-1,-1
189,31,1358.02,532.02,50.39,138.53,0.6421,-1,-1,-1
189,27,246.83,549.73,34.55,90.47,0.5179,-1,-1,-1
189,26,1595.37,544.55,58.54,133.47,0.4635,-1,-1,-1
190,31,1356.23,534.48,51.09,134.86,0.6760,-1,-1,-1
190,27,241.60,549.34,37.09,90.73,0.5533,-1,-1,-1
190,26,1594.80,539.94,60.51,136.98,0.5144,-1,-1,-1
191,31,1353.79,535.03,52.29,134.57,0.6669,-1,-1,-1
191,27,238.32,554.25,36.43,86.77,0.5021,-1,-1,-1
191,26,1596.39,539.21,62.69,137.25,0.5101,-1,-1,-1
192,31,1352.06,542.68,51.03,126.35,0.6268,-1,-1,-1
192,27,234.10,552.71,38.52,87.67,0.5350,-1,-1,-1
192,26,1606.47,540.78,50.33,133.49,0.4884,-1,-1,-1
193,31,1350.01,540.67,51.66,130.26,0.6607,-1,-1,-1
193,27,228.10,556.53,38.44,85.75,0.6062,-1,-1,-1
193,26,1603.47,538.86,56.26,135.98,0.5489,-1,-1,-1
194,31,1348.48,542.08,48.90,127.99,0.6729,-1,-1,-1
194,27,226.40,559.88,34.67,84.86,0.5888,-1,-1,-1
194,26,1607.60,551.42,54.72,123.81,0.5197,-1,-1,-1
195,31,1346.24,541.06,48.73,130.29,0.6875,-1,-1,-1
195,27,222.37,559.83,34.18,84.08,0.5118,-1,-1,-1
195,26,1603.33,547.65,60.20,127.96,0.5449,-1,-1,-1
196,31,1346.49,542.07,46.13,131.45,0.6776,-1,-1,-1
196,27,218.94,560.90,35.27,87.21,0.4650,-1,-1,-1
196,26,1608.31,548.23,56.67,127.19,0.5420,-1,-1,-1
197,31,1346.08,540.90,44.62,132.28,0.6291,-1,-1,-1
197,27,213.69,561.75,36.02,86.37,0.4673,-1,-1,-1
197,26,1612.49,549.38,51.96,125.02,0.4581,-1,-1,-1
198,31,1345.75,543.11,42.80,126.96,0.4945,-1,-1,-1
198,27,212.03,562.42,33.80,85.49,0.5397,-1,-1,-1
198,26,1619.59,552.27,46.36,121.84,0.5008,-1,-1,-1
199,31,1344.31,543.58,43.82,125.94,0.6217,-1,-1,-1
199,27,206.70,562.37,35.24,87.03,0.5184,-1,-1,-1
199,26,1621.84,553.97,44.35,120.56,0.5727,-1,-1,-1
200,31,1342.56,545.46,45.28,126.70,0.6270,-1,-1,-1
200,27,202.37,563.51,38.09,89.26,0.4719,-1,-1,-1
200,26,1620.63,555.76,45.90,119.84,0.5280,-1,-1,-1
201,31,1341.65,549.06,44.97,122.99,0.6503,-1,-1,-1
201,27,200.68,563.63,34.13,89.38,0.4731,-1,-1,-1
201,26,1618.41,553.09,51.66,123.05,0.6187,-1,-1,-1
202,31,1339.31,548.34,45.95,124.95,0.6764,-1,-1,-1
202,27,193.63,562.88,37.83,92.64,0.6057,-1,-1,-1
202,26,1621.08,553.05,51.50,123.95,0.6069,-1,-1,-1
203,31,1336.93,552.25,48.31,119.36,0.7050,-1,-1,-1
203,27,189.22,563.82,41.23,92.25,0.5575,-1,-1,-1
203,26,1624.99,553.59,49.10,124.99,0.5666,-1,-1,-1
204,40,122.82,489.34,50.77,123.97,0.3924,-1,-1,-1
204,31,1336.46,550.73,48.02,121.87,0.7173,-1,-1,-1
204,27,187.75,565.85,39.25,91.29,0.5614,-1,-1,-1
204,26,1632.12,552.40,46.29,123.04,0.6132,-1,-1,-1
205,31,1335.60,545.88,47.50,126.69,0.7265,-1,-1,-1
205,27,182.25,566.99,37.59,90.62,0.5736,-1,-1,-1
205,26,1631.43,555.22,47.31,119.72,0.6109,-1,-1,-1
206,40,111.70,487.77,60.14,162.46,0.3011,-1,-1,-1
206,31,1335.76,547.53,47.07,125.63,0.7369,-1,-1,-1
206,27,177.65,567.83,39.97,90.28,0.5748,-1,-1,-1
206,26,1625.85,554.86,55.23,123.42,0.5102,-1,-1,-1
207,31,1334.31,549.10,46.94,127.02,0.7600,-1,-1,-1
207,27,172.80,570.51,39.17,92.66,0.5732,-1,-1,-1
207,26,1626.38,557.19,57.17,122.86,0.4885,-1,-1,-1
208,31,1332.73,546.72,49.50,130.02,0.7475,-1,-1,-1
208,27,168.68,570.38,38.72,92.30,0.5600,-1,-1,-1
208,26,1648.07,556.61,39.42,122.00,0.4170,-1,-1,-1
209,31,1331.30,543.89,49.66,133.71,0.7469,-1,-1,-1
209,27,165.64,568.95,39.12,93.13,0.5239,-1,-1,-1
209,26,1647.25,558.57,42.63,123.65,0.6145,-1,-1,-1
210,31,1330.51,541.94,48.74,135.19,0.7451,-1,-1,-1
210,27,163.11,570.71,37.09,93.31,0.4566,-1,-1,-1
210,26,1647.09,560.08,46.48,123.76,0.5732,-1,-1,-1
211,31,1330.17,545.46,47.11,133.02,0.7634,-1,-1,-1
211,27,158.63,570.41,42.43,95.47,0.5727,-1,-1,-1
211,26,1654.94,567.86,42.83,117.84,0.5292,-1,-1,-1
212,31,1329.84,545.36,47.47,132.86,0.7384,-1,-1,-1
212,27,156.05,570.40,40.53,95.34,0.6044,-1,-1,-1
212,26,1658.18,557.27,47.45,129.75,0.5273,-1,-1,-1
213,31,1329.17,548.96,49.21,131.12,0.7346,-1,-1,-1
213,27,153.75,571.88,40.57,94.89,0.5523,-1,-1,-1
213,26,1646.70,561.12,63.85,129.49,0.4824,-1,-1,-1
214,44,13.71,576.72,25.06,87.78,0.3230,-1,-1,-1
214,31,1330.73,547.06,49.18,134.18,0.6758,-1,-1,-1
214,27,151.13,574.27,40.87,93.99,0.5943,-1,-1,-1
214,26,1653.64,559.73,60.94,128.07,0.5137,-1,-1,-1
215,31,1330.44,548.23,49.72,135.30,0.6776,-1,-1,-1
215,27,149.64,571.44,39.61,95.05,0.5915,-1,-1,-1
215,26,1672.65,558.81,46.12,130.02,0.5430,-1,-1,-1
216,43,34.84,575.90,35.41,89.39,0.3155,-1,-1,-1
216,31,1332.86,551.35,48.04,134.76,0.6684,-1,-1,-1
216,27,147.62,574.32,36.05,91.88,0.4254,-1,-1,-1
216,26,1677.38,564.28,44.67,124.40,0.6055,-1,-1,-1
217,44,0.00,576.40,21.04,86.08,0.3515,-1,-1,-1
217,31,1333.17,550.70,48.71,135.57,0.7011,-1,-1,-1
217,27,142.91,572.82,36.28,95.64,0.4764,-1,-1,-1
217,26,1681.64,561.23,45.04,124.07,0.4833,-1,-1,-1
218,44,0.02,578.39,19.85,83.69,0.4193,-1,-1,-1
218,43,24.80,578.36,35.31,86.20,0.4099,-1,-1,-1
218,31,1335.98,549.09,47.10,135.30,0.7459,-1,-1,-1
218,27,140.09,573.48,37.92,93.98,0.4894,-1,-1,-1
218,26,1673.09,561.89,67.03,128.46,0.4902,-1,-1,-1
219,44,0.03,579.24,17.86,84.69,0.3332,-1,-1,-1
219,43,23.20,581.40,34.85,84.56,0.4321,-1,-1,-1
219,31,1337.51,550.31,46.99,136.43,0.7616,-1,-1,-1
219,27,140.51,572.68,38.84,95.06,0.4864,-1,-1,-1
219,26,1695.06,561.30,47.30,125.67,0.5406,-1,-1,-1
220,43,15.27,579.23,39.30,92.18,0.5607,-1,-1,-1
220,31,1339.48,548.62,48.45,139.18,0.7625,-1,-1,-1
220,27,138.36,575.84,38.34,95.19,0.4595,-1,-1,-1
220,26,1696.76,564.37,50.47,124.11,0.5391,-1,-1,-1
221,43,11.62,580.59,40.46,86.72,0.5356,-1,-1,-1
221,31,1342.87,547.57,47.53,142.14,0.7532,-1,-1,-1
221,27,133.17,573.80,39.88,97.35,0.4650,-1,-1,-1
221,26,1705.82,566.82,44.33,122.30,0.5216,-1,-1,-1
222,43,11.85,579.96,39.20,89.35,0.5541,-1,-1,-1
222,31,1346.66,545.40,44.49,139.16,0.7575,-1,-1,-1
222,27,130.25,573.41,40.24,99.19,0.4810,-1,-1,-1
222,26,1697.21,559.10,67.18,129.20,0.5035,-1,-1,-1
223,43,10.27,579.47,37.11,89.40,0.4600,-1,-1,-1
223,31,1347.11,546.80,47.12,139.60,0.7561,-1,-1,-1
223,27,129.31,574.18,39.19,97.85,0.5018,-1,-1,-1
223,26,1720.20,563.59,46.04,125.53,0.5342,-1,-1,-1
224,31,1348.87,543.62,47.57,141.56,0.7569,-1,-1,-1
224,27,129.27,578.10,41.04,96.29,0.4725,-1,-1,-1
224,26,1722.12,560.80,48.97,126.00,0.4784,-1,-1,-1
225,39,971.09,525.47,30.43,69.87,0.3198,-1,-1,-1
225,31,1350.91,545.90,48.53,137.78,0.7482,-1,-1,-1
225,27,127.68,577.72,40.28,97.14,0.4990,-1,-1,-1
225,26,1729.35,553.72,55.91,130.68,0.5435,-1,-1,-1
226,43,0.56,599.09,34.09,80.89,0.3554,-1,-1,-1
226,39,969.77,524.56,32.14,72.92,0.3451,-1,-1,-1
226,31,1352.55,547.48,47.92,136.73,0.7009,-1,-1,-1
226,27,126.38,586.76,42.65,92.72,0.4242,-1,-1,-1
226,26,1730.69,558.01,60.36,125.40,0.5117,-1,-1,-1
227,43,0.60,594.73,31.90,84.53,0.3348,-1,-1,-1
227,31,1354.35,547.18,49.35,139.99,0.7483,-1,-1,-1
227,27,120.81,584.65,40.23,96.27,0.3098,-1,-1,-1
227,26,1746.41,558.87,48.66,126.12,0.5245,-1,-1,-1
228,43,0.22,589.12,31.58,92.06,0.3094,-1,-1,-1
228,31,1356.64,549.09,48.15,142.47,0.7461,-1,-1,-1
228,27,118.27,586.43,37.50,96.27,0.3371,-1,-1,-1
228,26,1751.58,553.16,54.28,129.87,0.5440,-1,-1,-1
229,31,1358.42,547.93,48.34,140.86,0.7453,-1,-1,-1
229,27,117.22,586.15,36.40,96.52,0.4066,-1,-1,-1
229,26,1751.69,558.60,61.17,127.60,0.5034,-1,-1,-1
230,31,1362.50,549.84,48.34,140.22,0.7492,-1,-1,-1
230,26,1766.23,555.42,52.93,127.04,0.5397,-1,-1,-1
231,31,1363.21,552.64,49.96,137.52,0.7345,-1,-1,-1
231,27,116.31,588.21,35.87,97.19,0.3337,-1,-1,-1
231,26,1775.67,553.05,56.33,131.65,0.5591,-1,-1,-1
232,31,1366.75,552.97,48.04,138.39,0.7349,-1,-1,-1
232,26,1776.40,553.86,64.85,131.68,0.5188,-1,-1,-1
233,31,1368.21,551.02,48.92,141.93,0.7657,-1,-1,-1
233,26,1791.97,558.43,56.90,127.45,0.5374,-1,-1,-1
234,47,32.22,494.79,51.14,143.57,0.3348,-1,-1,-1
234,31,1370.66,553.60,48.40,137.48,0.7045,-1,-1,-1
234,27,108.52,590.29,40.09,96.92,0.3431,-1,-1,-1
234,26,1791.48,560.39,66.51,128.87,0.4541,-1,-1,-1
235,31,1374.98,554.14,48.80,136.07,0.6641,-1,-1,-1
235,26,1810.32,559.39,55.91,128.86,0.4599,-1,-1,-1
236,47,27.24,487.86,51.29,149.57,0.3502,-1,-1,-1
236,31,1377.66,552.36,52.47,136.77,0.7030,-1,-1,-1
236,26,1825.79,551.20,55.17,124.58,0.5272,-1,-1,-1
237,31,1379.82,551.32,54.96,137.48,0.6998,-1,-1,-1
237,27,105.23,581.75,39.25,104.39,0.3075,-1,-1,-1
237,26,1835.47,547.62,57.67,126.66,0.5036,-1,-1,-1
238,31,1384.45,553.25,49.93,136.54,0.7135,-1,-1,-1
238,27,105.24,582.33,41.97,104.41,0.3774,-1,-1,-1
238,26,1845.74,545.71,57.91,139.04,0.5078,-1,-1,-1
239,31,1386.15,553.50,51.05,137.43,0.6845,-1,-1,-1
239,27,105.06,578.19,45.40,105.51,0.3825,-1,-1,-1
239,26,1847.37,544.68,65.53,142.02,0.4664,-1,-1,-1
240,31,1390.68,549.05,49.76,143.42,0.7218,-1,-1,-1
240,27,104.02,577.78,44.80,105.83,0.3984,-1,-1,-1
240,26,1865.23,543.15,54.16,131.19,0.4519,-1,-1,-1
241,31,1396.41,547.12,48.05,146.13,0.7552,-1,-1,-1
241,27,103.42,575.94,42.60,108.18,0.4286,-1,-1,-1
241,26,1870.08,547.42,49.27,137.35,0.4768,-1,-1,-1
242,31,1401.08,548.13,48.71,146.21,0.6747,-1,-1,-1
242,27,104.62,578.77,43.51,106.01,0.4133,-1,-1,-1
243,31,1405.22,551.36,47.69,141.78,0.6901,-1,-1,-1
243,27,104.51,576.15,46.38,108.81,0.4097,-1,-1,-1
244,31,1410.47,555.65,48.14,137.89,0.7144,-1,-1,-1
244,27,103.91,576.68,43.33,107.79,0.3633,-1,-1,-1
245,31,1417.33,556.05,45.99,138.86,0.7653,-1,-1,-1
245,27,105.47,577.67,43.23,109.38,0.3806,-1,-1,-1
246,31,1422.88,554.01,46.74,141.69,0.7621,-1,-1,-1
246,27,105.10,577.19,40.72,109.89,0.3632,-1,-1,-1
247,50,1318.18,581.40,45.91,135.39,0.4754,-1,-1,-1
247,31,1427.48,555.98,47.07,141.20,0.7417,-1,-1,-1
247,27,104.53,580.32,41.52,109.68,0.4194,-1,-1,-1
248,50,1328.35,583.42,47.67,131.27,0.3800,-1,-1,-1
248,47,24.99,486.42,46.87,154.18,0.3225,-1,-1,-1
248,31,1434.33,556.47,47.36,141.84,0.7563,-1,-1,-1
248,27,105.17,582.15,40.00,108.15,0.3859,-1,-1,-1
249,50,1334.16,581.56,48.99,132.86,0.3818,-1,-1,-1
249,31,1440.36,553.58,46.49,146.48,0.7948,-1,-1,-1
249,27,105.34,584.64,43.28,109.16,0.4063,-1,-1,-1
250,50,1339.64,581.08,47.30,130.65,0.3012,-1,-1,-1
250,31,1446.90,547.09,48.03,150.62,0.7219,-1,-1,-1
250,27,105.93,586.21,43.92,107.85,0.4539,-1,-1,-1
251,31,1455.67,543.19,42.77,158.85,0.7528,-1,-1,-1
251,27,106.89,587.26,42.05,108.27,0.3932,-1,-1,-1
252,31,1460.93,549.24,45.35,149.66,0.7405,-1,-1,-1
252,27,111.26,588.83,35.91,103.26,0.3084,-1,-1,-1
253,31,1468.58,539.59,45.17,158.34,0.7454,-1,-1,-1
253,27,116.89,591.36,39.00,105.40,0.4479,-1,-1,-1
254,31,1472.73,538.74,46.83,158.45,0.7031,-1,-1,-1
254,27,119.17,591.24,38.75,106.06,0.4648,-1,-1,-1
255,47,27.84,510.33,51.44,141.92,0.3138,-1,-1,-1
255,31,1481.15,535.01,44.46,155.81,0.7118,-1,-1,-1
255,27,119.17,593.52,41.55,108.74,0.3864,-1,-1,-1
256,31,1489.01,539.61,47.04,155.42,0.7259,-1,-1,-1
256,27,123.76,592.99,41.17,112.23,0.4105,-1,-1,-1
257,43,0.11,609.36,23.60,95.49,0.3361,-1,-1,-1
257,31,1498.11,538.54,44.48,152.41,0.7084,-1,-1,-1
257,27,128.97,595.63,47.34,109.26,0.3285,-1,-1,-1
258,47,35.35,504.24,53.44,155.21,0.3012,-1,-1,-1
258,43,0.09,609.67,23.15,95.66,0.4492,-1,-1,-1
258,31,1506.05,546.95,46.24,149.43,0.6420,-1,-1,-1
258,27,131.55,596.43,44.85,109.45,0.3458,-1,-1,-1
259,47,38.40,508.24,52.72,147.06,0.4237,-1,-1,-1
259,43,0.12,610.35,26.49,94.89,0.4728,-1,-1,-1
259,31,1511.96,552.75,51.34,143.15,0.5943,-1,-1,-1
259,27,131.55,594.42,42.76,111.57,0.3759,-1,-1,-1
260,43,0.15,611.96,30.06,94.23,0.4134,-1,-1,-1
260,31,1509.39,551.15,66.56,147.73,0.6697,-1,-1,-1
260,27,131.72,600.26,41.91,108.28,0.3197,-1,-1,-1
261,43,0.09,611.77,31.38,96.90,0.5005,-1,-1,-1
261,31,1520.24,554.77,65.88,144.63,0.5769,-1,-1,-1
261,27,135.95,601.74,42.00,107.23,0.3943,-1,-1,-1
262,52,978.81,510.35,26.22,85.34,0.3378,-1,-1,-1
262,43,0.00,610.38,28.80,97.28,0.4985,-1,-1,-1
262,31,1519.28,565.75,78.34,131.60,0.4394,-1,-1,-1
262,27,140.87,600.86,35.59,107.96,0.4575,-1,-1,-1
263,52,981.27,518.06,29.35,80.16,0.3418,-1,-1,-1
263,43,0.13,612.76,33.03,94.46,0.4670,-1,-1,-1
263,27,141.87,602.32,39.80,106.18,0.3137,-1,-1,-1
264,52,984.51,520.07,27.05,77.44,0.3073,-1,-1,-1
264,47,51.27,515.20,47.86,142.28,0.3371,-1,-1,-1
264,43,0.00,611.84,33.34,96.80,0.5157,-1,-1,-1
265,52,989.61,512.53,30.15,85.27,0.4170,-1,-1,-1
265,43,0.08,615.19,33.53,92.27,0.4631,-1,-1,-1
265,27,147.47,599.46,45.77,110.11,0.3720,-1,-1,-1
266,52,996.49,512.63,29.17,85.03,0.4393,-1,-1,-1
266,43,0.11,613.37,38.77,94.26,0.4624,-1,-1,-1
266,31,1575.78,575.04,63.24,136.33,0.4055,-1,-1,-1
267,52,1003.24,518.30,26.44,79.13,0.3555,-1,-1,-1
267,43,0.15,613.04,42.35,95.02,0.4949,-1,-1,-1
267,27,151.10,599.37,44.27,112.25,0.4013,-1,-1,-1
268,55,1049.01,511.17,37.52,99.20,0.4423,-1,-1,-1
268,52,1007.76,516.86,29.03,82.64,0.3297,-1,-1,-1
268,43,3.19,611.75,42.12,100.02,0.4662,-1,-1,-1
269,55,1057.82,506.46,41.80,99.88,0.4783,-1,-1,-1
269,52,1023.81,511.06,25.14,91.48,0.3657,-1,-1,-1
269,43,4.52,610.17,44.85,100.27,0.4938,-1,-1,-1
269,27,154.01,598.62,43.75,113.43,0.3902,-1,-1,-1
270,55,1064.48,504.92,37.62,95.47,0.4241,-1,-1,-1
270,52,1022.58,509.32,27.48,87.63,0.3828,-1,-1,-1
270,43,7.23,609.07,46.32,98.45,0.4641,-1,-1,-1
270,31,1568.33,592.58,51.36,185.15,0.5128,-1,-1,-1
270,27,157.20,594.46,42.62,114.16,0.3388,-1,-1,-1
271,55,1068.68,506.25,37.31,96.99,0.4249,-1,-1,-1
271,52,1025.25,511.09,28.12,85.91,0.3105,-1,-1,-1
271,43,13.01,610.03,41.81,95.88,0.5400,-1,-1,-1
271,31,1585.16,592.24,54.02,187.70,0.4659,-1,-1,-1
271,27,162.51,595.33,41.86,111.33,0.4301,-1,-1,-1
272,55,1074.22,509.41,36.16,97.78,0.3737,-1,-1,-1
272,52,1032.17,516.67,26.75,77.99,0.3016,-1,-1,-1
272,43,12.71,604.24,43.27,100.61,0.5137,-1,-1,-1
273,55,1078.89,507.48,44.35,100.22,0.3636,-1,-1,-1
273,43,14.50,606.25,44.63,100.46,0.5928,-1,-1,-1
273,27,168.08,591.03,47.80,115.98,0.3815,-1,-1,-1
274,57,1063.80,506.22,22.99,91.11,0.3772,-1,-1,-1
274,55,1089.12,506.62,40.14,94.11,0.4816,-1,-1,-1
274,52,1055.70,505.91,22.46,91.21,0.3401,-1,-1,-1
274,43,14.47,600.18,43.25,103.14,0.4452,-1,-1,-1
275,58,1638.65,580.84,85.43,225.53,0.4300,-1,-1,-1
275,55,1094.50,507.34,35.21,96.60,0.3925,-1,-1,-1
275,52,1048.90,511.31,29.83,86.24,0.3622,-1,-1,-1
275,43,16.07,597.04,47.72,107.80,0.6145,-1,-1,-1
276,58,1656.00,581.05,75.69,234.91,0.6511,-1,-1,-1
276,55,1100.17,506.40,34.52,97.09,0.3075,-1,-1,-1
276,43,18.31,600.85,47.38,104.14,0.6278,-1,-1,-1
276,27,174.90,590.14,45.37,116.91,0.4250,-1,-1,-1
277,58,1669.62,593.43,79.02,225.91,0.5055,-1,-1,-1
277,55,1101.44,502.69,39.35,99.98,0.3160,-1,-1,-1
277,52,1056.83,503.64,34.41,93.20,0.3838,-1,-1,-1
277,43,20.28,598.65,47.12,107.30,0.6057,-1,-1,-1
277,27,177.28,590.38,44.10,117.39,0.3448,-1,-1,-1
278,59,1175.07,515.51,29.56,96.92,0.3976,-1,-1,-1
278,58,1682.28,597.86,83.81,226.99,0.4522,-1,-1,-1
278,57,1075.24,505.79,25.03,93.95,0.3917,-1,-1,-1
278,55,1110.03,506.86,42.26,95.72,0.3403,-1,-1,-1
278,52,1061.94,506.11,30.86,91.24,0.3817,-1,-1,-1
278,43,21.48,597.97,47.53,109.34,0.5955,-1,-1,-1
278,27,176.15,590.91,46.93,118.87,0.3738,-1,-1,-1
279,58,1694.59,594.94,88.32,235.06,0.5991,-1,-1,-1
279,55,1117.40,522.30,33.62,79.58,0.3120,-1,-1,-1
279,52,1070.91,510.39,31.28,89.40,0.4358,-1,-1,-1
279,43,24.34,598.58,48.16,109.65,0.6057,-1,-1,-1
279,27,178.88,591.67,46.55,118.47,0.4376,-1,-1,-1
280,60,1151.98,525.34,22.54,77.53,0.3165,-1,-1,-1
280,58,1707.45,558.99,70.05,172.08,0.4085,-1,-1,-1
280,43,25.71,600.11,48.35,111.76,0.6285,-1,-1,-1
280,27,181.54,600.66,44.37,111.35,0.4649,-1,-1,-1
281,58,1722.53,550.70,67.28,185.82,0.3070,-1,-1,-1
281,55,1123.96,504.84,39.95,98.83,0.3446,-1,-1,-1
281,43,25.47,602.02,50.71,112.57,0.6285,-1,-1,-1
281,27,185.28,599.24,44.95,115.48,0.4181,-1,-1,-1
282,64,1235.26,547.73,41.46,114.92,0.3406,-1,-1,-1
282,63,1198.08,517.50,32.62,93.94,0.3287,-1,-1,-1
282,62,1742.07,552.70,44.33,94.09,0.3107,-1,-1,-1
282,61,1732.15,610.77,119.66,236.55,0.6275,-1,-1,-1
282,43,28.56,605.23,48.76,110.02,0.6182,-1,-1,-1
282,27,187.03,598.01,48.38,117.43,0.4734,-1,-1,-1
283,61,1784.12,607.81,90.81,242.45,0.6226,-1,-1,-1
283,58,1748.82,549.80,53.06,178.57,0.4923,-1,-1,-1
283,43,30.97,610.41,47.77,107.59,0.6028,-1,-1,-1
283,27,188.64,599.61,52.17,118.20,0.4685,-1,-1,-1
284,65,1293.53,534.13,43.10,122.39,0.3895,-1,-1,-1
284,61,1800.41,608.96,100.15,245.38,0.7479,-1,-1,-1
284,58,1753.01,550.00,58.16,183.87,0.6229,-1,-1,-1
284,43,32.93,610.18,47.76,109.79,0.6397,-1,-1,-1
284,27,192.17,601.45,48.04,117.85,0.3815,-1,-1,-1
285,65,1299.44,537.35,49.41,117.22,0.4238,-1,-1,-1
285,64,1254.80,536.46,44.27,122.83,0.3730,-1,-1,-1
285,61,1826.35,612.52,91.01,246.24,0.8108,-1,-1,-1
285,58,1766.55,550.38,60.44,182.86,0.6449,-1,-1,-1
285,43,35.55,612.01,46.57,110.11,0.6390,-1,-1,-1
285,27,194.65,600.87,51.44,120.28,0.4397,-1,-1,-1
286,65,1312.78,535.50,42.14,118.27,0.3429,-1,-1,-1
286,61,1844.27,610.23,75.11,252.48,0.7456,-1,-1,-1
286,58,1778.80,546.29,62.23,189.92,0.7143,-1,-1,-1
286,43,35.63,612.79,47.86,111.97,0.6466,-1,-1,-1
286,27,196.81,601.12,52.04,121.87,0.4205,-1,-1,-1
287,61,1865.48,615.77,53.71,251.07,0.7012,-1,-1,-1
287,58,1796.75,548.54,61.28,191.24,0.7024,-1,-1,-1
287,43,37.13,613.46,49.57,112.50,0.6326,-1,-1,-1
287,27,199.39,606.73,51.33,119.83,0.4342,-1,-1,-1
288,65,1333.14,531.93,36.56,122.90,0.3044,-1,-1,-1
288,61,1888.20,653.27,30.98,213.68,0.5872,-1,-1,-1
288,58,1804.78,547.84,69.94,194.78,0.6716,-1,-1,-1
288,43,38.31,614.67,51.40,111.94,0.6125,-1,-1,-1
288,27,200.50,604.97,45.40,122.61,0.4925,-1,-1,-1
289,58,1820.55,543.84,65.45,197.94,0.7283,-1,-1,-1
289,43,39.15,614.49,51.02,114.12,0.5699,-1,-1,-1
289,27,201.71,607.39,40.53,119.72,0.3889,-1,-1,-1
290,58,1833.72,543.89,73.10,198.99,0.7607,-1,-1,-1
290,43,41.47,612.12,52.55,116.59,0.6096,-1,-1,-1
290,27,203.71,605.18,47.27,123.47,0.4320,-1,-1,-1
291,65,1356.96,534.54,28.97,114.76,0.3196,-1,-1,-1
291,63,1211.96,522.95,40.29,78.13,0.3748,-1,-1,-1
291,58,1849.53,537.54,60.11,204.56,0.7577,-1,-1,-1
291,43,44.12,613.45,54.70,118.89,0.6153,-1,-1,-1
292,65,1361.93,536.36,34.87,119.54,0.3807,-1,-1,-1
292,63,1208.53,519.11,48.26,80.64,0.3510,-1,-1,-1
292,58,1861.22,541.50,58.12,204.93,0.7130,-1,-1,-1
292,43,44.98,612.13,53.92,122.14,0.6638,-1,-1,-1
292,27,210.91,608.46,55.54,123.89,0.3706,-1,-1,-1
293,58,1877.54,540.49,41.84,207.93,0.6243,-1,-1,-1
293,43,47.33,615.45,53.22,122.86,0.6513,-1,-1,-1
293,27,216.80,611.89,49.58,123.46,0.4322,-1,-1,-1
294,43,47.84,619.75,53.83,119.72,0.6007,-1,-1,-1
294,27,216.74,611.44,49.33,124.06,0.4651,-1,-1,-1
295,65,1377.02,539.78,35.03,120.76,0.3112,-1,-1,-1
295,43,47.32,620.85,56.41,118.56,0.6147,-1,-1,-1
295,27,214.09,614.43,42.66,122.40,0.4390,-1,-1,-1
296,65,1378.63,549.66,39.36,115.14,0.4558,-1,-1,-1
296,64,1315.66,560.83,43.52,118.06,0.3098,-1,-1,-1
296,43,48.32,620.80,57.57,118.62,0.5636,-1,-1,-1
296,27,214.68,613.57,46.88,125.02,0.4415,-1,-1,-1
297,65,1381.45,556.64,40.21,107.45,0.4542,-1,-1,-1
297,43,48.80,621.50,57.73,120.32,0.6094,-1,-1,-1
297,27,223.22,615.05,44.88,124.19,0.3721,-1,-1,-1
298,66,1350.71,532.89,44.14,139.05,0.4131,-1,-1,-1
298,65,1388.92,544.30,42.40,121.14,0.4220,-1,-1,-1
298,43,49.00,621.44,57.15,120.04,0.6081,-1,-1,-1
298,27,224.81,611.45,47.30,127.48,0.4183,-1,-1,-1
299,66,1352.63,532.81,52.15,149.58,0.3332,-1,-1,-1
299,65,1396.82,565.19,41.99,106.54,0.3226,-1,-1,-1
299,43,49.45,622.78,56.94,118.92,0.6154,-1,-1,-1
299,27,226.81,615.96,45.58,123.53,0.4659,-1,-1,-1
300,67,1271.35,526.49,27.04,84.81,0.3019,-1,-1,-1
300,66,1352.60,533.47,44.74,99.10,0.3100,-1,-1,-1
300,65,1398.62,552.05,51.47,123.32,0.3042,-1,-1,-1
300,64,1317.42,526.34,32.76,95.98,0.3740,-1,-1,-1
300,43,49.59,619.85,58.06,123.93,0.5865,-1,-1,-1
300,27,228.71,614.75,49.24,125.90,0.4987,-1,-1,-1
301,66,1358.76,529.86,42.90,94.35,0.4177,-1,-1,-1
301,64,1319.46,528.29,35.30,92.59,0.3329,-1,-1,-1
301,43,48.91,624.44,55.47,122.51,0.5054,-1,-1,-1
301,27,227.99,616.63,50.65,126.48,0.4827,-1,-1,-1
302,43,48.51,622.99,57.80,124.13,0.4929,-1,-1,-1
302,27,227.58,614.13,50.24,129.75,0.4959,-1,-1,-1
303,70,1291.68,524.88,35.43,95.26,0.3424,-1,-1,-1
303,43,45.97,628.25,55.69,123.82,0.4655,-1,-1,-1
303,27,227.35,622.35,50.44,126.93,0.4471,-1,-1,-1
304,43,46.79,627.70,55.50,123.35,0.4484,-1,-1,-1
304,27,227.93,622.24,49.99,126.70,0.5155,-1,-1,-1
305,68,1306.74,532.89,36.93,95.06,0.3245,-1,-1,-1
305,43,49.30,636.27,58.54,117.41,0.4619,-1,-1,-1
305,27,227.19,628.51,50.97,125.03,0.4850,-1,-1,-1
306,64,1339.02,533.55,32.67,101.13,0.3670,-1,-1,-1
306,43,47.68,636.26,57.49,117.09,0.4350,-1,-1,-1
306,27,229.90,627.45,49.88,126.54,0.4853,-1,-1,-1
307,64,1339.27,528.83,42.79,107.53,0.4423,-1,-1,-1
307,43,45.41,635.04,59.75,122.07,0.4812,-1,-1,-1
307,27,228.56,627.19,50.16,128.70,0.4917,-1,-1,-1
308,64,1343.71,527.83,39.89,110.09,0.3953,-1,-1,-1
308,43,44.54,637.02,61.52,127.53,0.5544,-1,-1,-1
308,27,227.42,629.12,47.41,131.73,0.4622,-1,-1,-1
309,43,43.86,636.52,60.85,126.76,0.6166,-1,-1,-1
309,27,226.05,627.15,47.33,133.48,0.4387,-1,-1,-1
310,43,42.79,638.45,61.16,126.53,0.5958,-1,-1,-1
310,27,225.27,630.46,49.84,132.79,0.4361,-1,-1,-1
311,64,1361.85,528.34,41.93,117.11,0.3286,-1,-1,-1
311,43,40.89,641.74,63.44,126.65,0.6291,-1,-1,-1
311,27,229.38,631.96,54.03,132.60,0.3685,-1,-1,-1
312,43,39.95,641.06,61.91,126.32,0.5803,-1,-1,-1
312,27,226.13,630.27,52.58,133.59,0.3839,-1,-1,-1
313,43,38.86,643.26,63.87,129.51,0.6414,-1,-1,-1
313,27,228.85,636.52,56.11,132.75,0.3628,-1,-1,-1
314,43,37.64,645.26,60.80,128.55,0.5446,-1,-1,-1
314,27,227.76,638.49,50.53,134.69,0.3735,-1,-1,-1
315,65,1388.74,590.34,47.18,139.54,0.3410,-1,-1,-1
315,61,1882.18,717.43,37.25,178.36,0.4061,-1,-1,-1
315,43,36.99,644.67,59.74,128.98,0.5442,-1,-1,-1
315,27,227.83,636.77,50.71,136.84,0.4022,-1,-1,-1
316,65,1391.94,573.35,48.41,154.03,0.4470,-1,-1,-1
316,43,34.58,645.17,57.63,130.13,0.4179,-1,-1,-1
316,27,226.23,637.27,50.21,137.01,0.3845,-1,-1,-1
317,65,1394.71,546.00,57.69,192.67,0.4402,-1,-1,-1
317,43,35.00,645.92,55.45,130.98,0.4003,-1,-1,-1
317,27,226.41,638.32,50.76,136.86,0.4154,-1,-1,-1
318,65,1397.58,559.40,60.94,181.45,0.4630,-1,-1,-1
318,43,34.11,647.30,56.07,131.44,0.4664,-1,-1,-1
318,27,226.18,640.29,47.39,135.48,0.3964,-1,-1,-1
319,65,1399.65,587.95,57.20,154.83,0.4039,-1,-1,-1
319,43,33.14,648.83,54.80,131.29,0.4424,-1,-1,-1
319,27,227.02,641.62,52.02,135.80,0.3739,-1,-1,-1
320,73,1525.40,591.17,47.95,132.18,0.4297,-1,-1,-1
320,43,28.83,647.47,58.84,134.27,0.4507,-1,-1,-1
320,27,225.60,640.60,52.59,138.94,0.4202,-1,-1,-1
321,73,1531.78,595.95,47.48,127.72,0.4020,-1,-1,-1
321,65,1403.01,600.28,59.43,144.44,0.3541,-1,-1,-1
321,43,26.13,648.43,60.82,135.92,0.5095,-1,-1,-1
321,27,224.53,639.25,53.65,140.97,0.4291,-1,-1,-1
322,73,1534.43,586.98,58.11,140.06,0.5019,-1,-1,-1
322,65,1404.35,607.38,62.99,139.68,0.3370,-1,-1,-1
322,43,24.09,648.73,60.44,136.33,0.4726,-1,-1,-1
322,27,223.85,637.87,53.83,142.87,0.4619,-1,-1,-1
323,73,1540.51,583.87,57.38,143.23,0.5775,-1,-1,-1
323,65,1404.80,589.97,68.41,158.78,0.4154,-1,-1,-1
323,43,20.46,647.88,61.66,138.09,0.5191,-1,-1,-1
323,27,222.78,635.41,54.81,146.16,0.3649,-1,-1,-1
324,73,1543.13,591.84,56.61,135.08,0.5381,-1,-1,-1
324,43,16.75,646.24,61.45,138.11,0.5105,-1,-1,-1
324,27,212.60,634.31,46.98,144.37,0.3561,-1,-1,-1
325,73,1548.66,610.04,51.54,121.41,0.4965,-1,-1,-1
325,65,1415.75,594.55,65.34,154.32,0.5529,-1,-1,-1
325,43,14.67,648.13,62.33,136.16,0.5184,-1,-1,-1
325,27,220.79,634.42,56.17,147.05,0.3889,-1,-1,-1
326,75,1774.64,541.21,42.11,104.92,0.4702,-1,-1,-1
326,73,1551.72,591.82,50.20,140.87,0.4860,-1,-1,-1
326,65,1415.81,599.27,63.20,150.18,0.5395,-1,-1,-1
326,43,11.09,647.05,60.93,137.13,0.5600,-1,-1,-1
326,27,220.62,635.43,54.00,146.27,0.4119,-1,-1,-1
327,75,1780.52,538.84,39.77,113.47,0.4463,-1,-1,-1
327,73,1555.69,602.60,52.92,130.91,0.4787,-1,-1,-1
327,65,1418.15,599.37,62.31,150.49,0.6183,-1,-1,-1
327,43,8.32,647.12,61.26,137.11,0.6163,-1,-1,-1
327,27,213.26,638.47,57.74,143.01,0.4920,-1,-1,-1
328,75,1786.29,541.30,40.05,119.21,0.5422,-1,-1,-1
328,73,1559.21,589.94,53.37,144.87,0.3887,-1,-1,-1
328,65,1419.02,594.47,65.06,156.63,0.6023,-1,-1,-1
328,43,6.32,653.76,60.63,132.82,0.6029,-1,-1,-1
328,27,207.68,637.91,62.58,147.99,0.4102,-1,-1,-1
329,73,1562.85,585.16,53.57,152.73,0.4987,-1,-1,-1
329,65,1418.97,597.84,63.83,151.96,0.5808,-1,-1,-1
329,43,10.32,648.86,51.12,135.78,0.4850,-1,-1,-1
329,27,201.07,631.29,47.63,150.74,0.3336,-1,-1,-1
330,75,1797.88,541.25,44.79,121.73,0.4911,-1,-1,-1
330,73,1562.96,586.77,59.10,158.12,0.4770,-1,-1,-1
330,65,1423.82,596.41,58.63,154.95,0.5078,-1,-1,-1
330,43,5.40,652.51,51.09,130.98,0.5158,-1,-1,-1
330,27,201.15,631.93,49.58,150.86,0.3516,-1,-1,-1
331,75,1801.51,534.75,50.52,127.14,0.5366,-1,-1,-1
331,73,1550.69,554.41,73.84,188.54,0.3546,-1,-1,-1
331,65,1429.64,596.82,55.82,154.52,0.6451,-1,-1,-1
331,43,4.12,651.48,50.81,132.97,0.5146,-1,-1,-1
331,27,197.24,632.13,49.42,153.10,0.3488,-1,-1,-1
332,75,1805.30,533.73,48.02,126.73,0.3526,-1,-1,-1
332,73,1573.07,596.24,55.79,138.27,0.4263,-1,-1,-1
332,65,1431.40,601.64,56.39,149.38,0.6274,-1,-1,-1
332,43,2.01,645.54,45.78,133.22,0.5163,-1,-1,-1
332,27,192.55,628.69,50.64,151.58,0.3299,-1,-1,-1
333,75,1813.12,526.88,47.98,129.63,0.4404,-1,-1,-1
333,73,1575.94,588.40,55.03,148.89,0.3454,-1,-1,-1
333,70,1350.22,571.14,86.95,159.79,0.3316,-1,-1,-1
333,65,1429.33,595.63,62.69,157.18,0.5249,-1,-1,-1
333,43,0.03,645.51,43.52,133.68,0.5683,-1,-1,-1
333,27,187.77,627.41,65.70,153.71,0.3900,-1,-1,-1
334,75,1820.65,523.94,49.00,129.47,0.5164,-1,-1,-1
334,73,1581.48,585.32,54.93,151.49,0.4699,-1,-1,-1
334,65,1420.94,594.11,71.18,159.20,0.5225,-1,-1,-1
334,43,0.14,646.46,38.22,132.10,0.5769,-1,-1,-1
334,27,189.08,626.15,65.83,155.95,0.3372,-1,-1,-1
335,76,174.96,631.43,45.27,149.96,0.3749,-1,-1,-1
335,75,1825.27,518.53,48.48,135.81,0.6379,-1,-1,-1
335,73,1583.84,590.37,58.19,143.86,0.3758,-1,-1,-1
335,65,1412.55,593.73,87.69,159.88,0.3430,-1,-1,-1
335,43,0.15,646.06,32.63,133.54,0.4920,-1,-1,-1
336,76,176.25,627.47,44.18,155.72,0.3996,-1,-1,-1
336,75,1827.67,513.57,53.68,136.35,0.5645,-1,-1,-1
336,73,1575.49,536.52,62.66,211.70,0.3027,-1,-1,-1
336,70,1347.80,562.86,88.66,165.10,0.4151,-1,-1,-1
336,65,1420.99,587.45,85.47,165.51,0.5731,-1,-1,-1
336,43,0.11,648.17,28.81,134.37,0.5377,-1,-1,-1
337,76,175.85,628.31,52.21,159.81,0.4052,-1,-1,-1
337,75,1836.33,519.36,51.45,135.41,0.4647,-1,-1,-1
337,73,1572.54,531.42,68.01,220.15,0.4369,-1,-1,-1
337,65,1428.87,592.54,79.50,168.02,0.6619,-1,-1,-1
337,43,0.14,645.91,23.42,136.85,0.4213,-1,-1,-1
338,76,173.32,634.34,56.17,158.62,0.4136,-1,-1,-1
338,75,1841.38,519.52,50.24,131.17,0.5999,-1,-1,-1
338,73,1572.71,532.19,69.34,216.71,0.3703,-1,-1,-1
338,65,1430.83,593.40,85.95,166.58,0.5657,-1,-1,-1
338,43,0.11,669.77,18.56,120.34,0.3368,-1,-1,-1
339,76,167.99,638.67,58.39,157.37,0.4983,-1,-1,-1
339,75,1846.81,518.94,48.64,132.63,0.5668,-1,-1,-1
339,73,1582.96,537.29,70.13,226.02,0.5220,-1,-1,-1
339,65,1426.68,599.01,95.37,167.23,0.7195,-1,-1,-1
340,76,169.81,640.74,54.20,156.00,0.4728,-1,-1,-1
340,75,1849.75,518.44,50.21,131.50,0.5758,-1,-1,-1
340,73,1575.26,537.87,81.08,228.78,0.5751,-1,-1,-1
340,65,1432.43,596.59,91.50,169.97,0.7529,-1,-1,-1
341,76,156.13,639.63,46.23,162.26,0.3654,-1,-1,-1
341,73,1598.64,550.53,53.20,220.04,0.3671,-1,-1,-1
341,70,1365.87,572.50,66.90,168.43,0.3459,-1,-1,-1
341,65,1435.53,601.38,87.27,171.86,0.7357,-1,-1,-1
341,27,184.63,637.47,52.14,157.23,0.3837,-1,-1,-1
342,76,158.14,643.86,46.07,160.95,0.4903,-1,-1,-1
342,73,1585.49,557.15,71.75,215.59,0.3162,-1,-1,-1
342,65,1422.85,602.46,93.47,176.65,0.6938,-1,-1,-1
342,27,191.91,637.55,44.97,155.69,0.3154,-1,-1,-1
343,76,146.63,649.85,50.47,162.15,0.5289,-1,-1,-1
343,73,1569.62,546.85,88.46,230.84,0.4136,-1,-1,-1
343,65,1444.09,614.90,68.73,169.35,0.6045,-1,-1,-1
344,76,139.31,653.88,58.16,163.22,0.4865,-1,-1,-1
344,75,1876.80,534.50,42.57,131.53,0.4562,-1,-1,-1
344,73,1571.51,566.40,93.52,218.10,0.3295,-1,-1,-1
344,65,1442.87,617.59,71.05,170.85,0.6756,-1,-1,-1
345,76,137.40,659.44,53.21,164.19,0.3701,-1,-1,-1
345,75,1876.94,537.13,42.42,133.31,0.4711,-1,-1,-1
345,73,1571.46,595.82,54.60,183.90,0.3964,-1,-1,-1
345,70,1361.97,590.17,69.87,178.16,0.3069,-1,-1,-1
345,65,1444.79,618.87,69.35,182.30,0.6135,-1,-1,-1
345,27,174.32,656.51,45.32,151.83,0.4040,-1,-1,-1
346,76,128.82,662.87,55.50,170.05,0.3676,-1,-1,-1
346,75,1879.00,534.19,40.37,141.89,0.4742,-1,-1,-1
346,73,1573.57,593.75,53.20,185.17,0.4138,-1,-1,-1
346,70,1361.09,571.19,64.83,199.63,0.3420,-1,-1,-1
346,65,1440.41,622.48,68.47,182.36,0.5917,-1,-1,-1
347,77,1399.26,592.88,61.84,183.39,0.3126,-1,-1,-1
347,76,117.72,670.77,56.70,170.18,0.4563,-1,-1,-1
347,75,1884.71,541.17,34.66,136.80,0.3259,-1,-1,-1
347,73,1573.95,595.03,57.86,194.09,0.5168,-1,-1,-1
347,70,1361.83,582.20,61.53,193.52,0.3550,-1,-1,-1
347,65,1432.59,627.03,78.05,185.92,0.5998,-1,-1,-1
348,77,1396.71,594.39,62.48,187.03,0.4329,-1,-1,-1
348,76,118.47,671.20,55.59,170.11,0.5845,-1,-1,-1
348,73,1576.27,599.77,63.72,188.91,0.5155,-1,-1,-1
348,65,1448.88,630.99,60.94,187.07,0.6564,-1,-1,-1
349,77,1394.43,595.43,65.80,190.96,0.5115,-1,-1,-1
349,76,105.49,674.11,64.00,169.56,0.4651,-1,-1,-1
349,73,1578.72,613.68,63.67,182.71,0.4363,-1,-1,-1
349,70,1355.82,599.21,61.93,181.88,0.4169,-1,-1,-1
349,65,1444.90,635.12,69.08,191.60,0.6875,-1,-1,-1
350,77,1395.12,597.98,59.58,189.91,0.4080,-1,-1,-1
350,76,102.61,670.66,59.55,173.94,0.4889,-1,-1,-1
350,73,1580.66,614.91,73.18,183.47,0.5744,-1,-1,-1
350,70,1357.02,604.64,65.70,180.46,0.4033,-1,-1,-1
350,65,1442.90,639.12,79.03,190.26,0.6504,-1,-1,-1
350,27,150.05,667.40,49.63,158.51,0.3804,-1,-1,-1
351,77,1392.88,600.95,64.04,191.03,0.3519,-1,-1,-1
351,76,94.74,672.92,59.70,176.07,0.5602,-1,-1,-1
351,73,1581.77,608.40,69.56,189.27,0.4111,-1,-1,-1
351,70,1354.49,607.22,71.64,178.69,0.4142,-1,-1,-1
351,65,1439.69,646.10,84.77,187.42,0.7044,-1,-1,-1
351,27,143.95,667.76,50.91,156.73,0.3902,-1,-1,-1
352,76,85.91,673.87,62.96,176.38,0.5700,-1,-1,-1
352,73,1584.02,606.57,80.55,206.82,0.5265,-1,-1,-1
352,70,1358.51,604.39,63.56,184.98,0.4528,-1,-1,-1
352,65,1427.07,649.86,97.39,189.97,0.6593,-1,-1,-1
353,77,1398.59,599.67,49.43,192.67,0.4516,-1,-1,-1
353,76,79.73,680.22,66.63,170.93,0.4348,-1,-1,-1
353,73,1583.43,610.23,72.99,203.22,0.5760,-1,-1,-1
353,70,1356.95,602.52,64.26,188.79,0.4909,-1,-1,-1
353,65,1437.18,651.60,92.40,191.63,0.6674,-1,-1,-1
353,27,135.92,671.15,51.68,162.01,0.3599,-1,-1,-1
354,77,1394.61,601.85,63.76,193.31,0.3482,-1,-1,-1
354,76,79.76,682.57,66.08,172.06,0.5200,-1,-1,-1
354,73,1582.78,619.95,71.90,199.08,0.5593,-1,-1,-1
354,70,1346.89,604.49,70.96,189.52,0.4865,-1,-1,-1
354,65,1447.96,655.94,81.73,197.12,0.6893,-1,-1,-1
354,27,129.17,670.80,54.00,164.56,0.3781,-1,-1,-1
355,77,1390.91,604.58,61.35,197.88,0.4296,-1,-1,-1
355,76,87.20,678.22,49.16,179.36,0.4124,-1,-1,-1
355,73,1582.54,627.97,73.21,192.55,0.5794,-1,-1,-1
355,70,1349.83,606.82,62.07,190.90,0.4305,-1,-1,-1
355,65,1445.90,656.47,83.79,196.08,0.6573,-1,-1,-1
355,27,122.33,667.06,48.16,166.80,0.4650,-1,-1,-1
356,77,1391.39,610.60,60.65,199.76,0.3671,-1,-1,-1
356,76,59.13,681.51,67.21,177.67,0.4244,-1,-1,-1
356,73,1581.08,632.78,78.19,196.53,0.5779,-1,-1,-1
356,70,1347.85,602.75,63.32,197.44,0.3904,-1,-1,-1
356,65,1440.28,658.59,94.83,198.94,0.6954,-1,-1,-1
356,27,115.46,664.86,55.10,172.57,0.3941,-1,-1,-1
357,77,1384.89,611.91,67.22,200.31,0.3781,-1,-1,-1
357,76,75.96,679.30,48.26,176.56,0.3897,-1,-1,-1
357,73,1576.59,644.08,85.11,192.13,0.6408,-1,-1,-1
357,70,1348.50,582.31,56.29,216.88,0.3659,-1,-1,-1
357,65,1448.54,666.42,85.86,196.95,0.7576,-1,-1,-1
358,77,1386.99,614.55,69.65,199.00,0.5238,-1,-1,-1
358,76,60.67,683.45,58.72,181.43,0.5441,-1,-1,-1
358,73,1576.50,647.33,91.33,190.08,0.6263,-1,-1,-1
358,70,1351.35,598.92,50.42,200.15,0.4398,-1,-1,-1
358,65,1450.49,671.73,81.51,192.61,0.7844,-1,-1,-1
359,77,1386.48,614.58,71.60,202.63,0.4643,-1,-1,-1
359,76,48.06,692.90,57.66,175.18,0.3696,-1,-1,-1
359,73,1578.96,649.88,93.05,195.42,0.6692,-1,-1,-1
359,70,1345.55,593.31,54.21,183.96,0.4118,-1,-1,-1
359,65,1450.90,681.73,78.45,192.51,0.6683,-1,-1,-1
359,27,97.10,673.64,47.09,172.22,0.4345,-1,-1,-1
360,77,1378.50,621.33,79.48,198.27,0.4151,-1,-1,-1
360,76,40.46,691.86,58.96,178.33,0.4091,-1,-1,-1
360,73,1580.82,655.96,91.87,197.38,0.6196,-1,-1,-1
360,70,1341.48,593.39,58.41,216.64,0.5529,-1,-1,-1
360,65,1454.10,683.81,74.64,193.21,0.7212,-1,-1,-1
360,27,93.67,674.70,49.16,169.44,0.3971,-1,-1,-1
361,77,1375.83,620.62,78.08,201.92,0.4514,-1,-1,-1
361,76,33.75,688.54,60.45,183.49,0.4920,-1,-1,-1
361,73,1580.39,661.54,93.01,195.29,0.6788,-1,-1,-1
361,70,1342.13,593.18,54.52,208.36,0.4564,-1,-1,-1
361,65,1454.64,685.63,70.87,199.66,0.7348,-1,-1,-1
361,27,83.33,681.57,54.21,170.77,0.4342,-1,-1,-1
362,77,1374.37,622.43,86.39,207.43,0.4951,-1,-1,-1
362,76,24.37,692.22,68.27,184.82,0.4412,-1,-1,-1
362,73,1582.78,660.87,89.12,202.45,0.6451,-1,-1,-1
362,70,1341.60,599.21,54.93,221.70,0.5300,-1,-1,-1
362,65,1453.07,681.80,77.17,206.17,0.7321,-1,-1,-1
362,27,77.57,683.21,48.45,172.29,0.4967,-1,-1,-1
363,77,1378.48,617.36,82.44,215.00,0.4932,-1,-1,-1
363,76,17.52,692.51,66.89,190.98,0.3857,-1,-1,-1
363,73,1584.24,660.75,84.29,205.73,0.5637,-1,-1,-1
363,70,1340.07,599.98,55.70,221.49,0.5454,-1,-1,-1
363,65,1455.02,678.82,75.21,220.19,0.7407,-1,-1,-1
363,27,68.66,682.23,51.75,177.96,0.4351,-1,-1,-1
364,77,1374.36,629.87,60.15,209.38,0.4712,-1,-1,-1
364,76,10.81,697.29,65.86,187.42,0.4330,-1,-1,-1
364,73,1581.41,661.76,80.30,215.27,0.6298,-1,-1,-1
364,70,1337.74,611.13,56.11,198.06,0.3114,-1,-1,-1
364,65,1451.16,688.17,83.43,221.75,0.7589,-1,-1,-1
364,27,64.36,685.92,51.60,178.40,0.3715,-1,-1,-1
365,77,1372.49,630.08,70.73,216.80,0.5357,-1,-1,-1
365,76,5.04,700.49,62.93,193.07,0.4497,-1,-1,-1
365,73,1582.63,665.50,75.80,214.58,0.5979,-1,-1,-1
365,70,1338.62,629.77,49.05,161.27,0.3369,-1,-1,-1
365,65,1447.44,692.42,92.33,220.10,0.6989,-1,-1,-1
365,27,53.33,692.35,56.45,178.23,0.3853,-1,-1,-1
366,77,1372.90,632.64,69.10,217.88,0.6045,-1,-1,-1
366,76,8.21,705.40,53.06,188.86,0.5090,-1,-1,-1
366,73,1579.56,663.67,76.05,218.80,0.6742,-1,-1,-1
366,70,1339.79,634.14,51.35,212.49,0.3645,-1,-1,-1
366,65,1448.19,697.77,96.76,223.38,0.7256,-1,-1,-1
366,27,49.02,693.98,53.11,174.01,0.5616,-1,-1,-1
367,77,1374.36,638.80,67.77,214.06,0.5764,-1,-1,-1
367,76,3.25,714.20,52.31,185.91,0.5161,-1,-1,-1
367,73,1577.77,661.40,82.24,234.00,0.6499,-1,-1,-1
367,70,1334.66,640.83,50.14,160.92,0.4947,-1,-1,-1
367,65,1454.26,706.48,91.30,220.92,0.7110,-1,-1,-1
367,27,44.38,702.60,49.91,172.34,0.5369,-1,-1,-1
368,77,1372.62,639.20,62.71,217.47,0.5894,-1,-1,-1
368,76,0.18,715.77,46.21,191.04,0.4645,-1,-1,-1
368,73,1575.58,663.63,87.30,236.48,0.6315,-1,-1,-1
368,70,1333.66,644.79,49.97,168.34,0.4754,-1,-1,-1
368,65,1456.63,711.59,90.80,223.07,0.7131,-1,-1,-1
368,27,34.81,707.73,53.67,174.58,0.3838,-1,-1,-1
369,80,1669.14,602.55,59.43,141.56,0.4299,-1,-1,-1
369,77,1374.13,642.00,62.19,217.44,0.5810,-1,-1,-1
369,76,0.18,714.74,42.36,197.62,0.4836,-1,-1,-1
369,73,1577.35,663.43,86.07,238.61,0.6322,-1,-1,-1
369,70,1328.77,644.79,57.46,208.50,0.5577,-1,-1,-1
369,65,1461.77,710.21,89.06,229.02,0.5718,-1,-1,-1
369,27,24.62,708.00,56.32,180.56,0.6027,-1,-1,-1
370,81,1505.20,576.43,43.10,67.80,0.3452,-1,-1,-1
370,77,1368.07,643.81,65.54,221.01,0.5174,-1,-1,-1
370,76,0.18,718.99,30.41,194.91,0.3765,-1,-1,-1
370,73,1564.29,662.59,102.07,240.59,0.6569,-1,-1,-1
370,70,1326.56,643.43,59.60,219.97,0.3472,-1,-1,-1
370,65,1460.44,715.59,92.65,230.25,0.6392,-1,-1,-1
370,27,12.72,711.08,57.15,181.73,0.4462,-1,-1,-1
371,81,1504.79,576.74,44.99,67.58,0.3104,-1,-1,-1
371,77,1366.43,644.91,68.01,222.83,0.4882,-1,-1,-1
371,76,0.16,723.78,28.30,185.78,0.3564,-1,-1,-1
371,73,1557.99,667.19,112.89,236.51,0.6946,-1,-1,-1
371,65,1462.04,718.97,91.79,229.40,0.7184,-1,-1,-1
371,27,9.89,713.64,54.99,187.03,0.5518,-1,-1,-1
372,77,1362.46,646.46,71.16,224.32,0.5203,-1,-1,-1
372,73,1555.52,668.96,116.06,241.12,0.6674,-1,-1,-1
372,65,1460.98,719.80,94.39,232.53,0.7246,-1,-1,-1
372,27,1.37,717.72,58.19,182.99,0.6473,-1,-1,-1
373,77,1359.89,649.21,72.67,224.00,0.4946,-1,-1,-1
373,73,1562.99,671.68,110.23,244.48,0.6856,-1,-1,-1
373,70,1317.58,649.34,56.27,168.60,0.3110,-1,-1,-1
373,65,1459.49,719.65,96.14,235.35,0.7240,-1,-1,-1
373,27,0.33,726.56,51.22,179.10,0.5494,-1,-1,-1
374,77,1359.09,653.82,74.44,222.41,0.5888,-1,-1,-1
374,73,1560.45,678.22,111.86,243.27,0.6557,-1,-1,-1
374,70,1312.90,643.85,56.00,168.82,0.3201,-1,-1,-1
374,65,1455.06,722.37,96.31,237.46,0.7139,-1,-1,-1
374,27,0.21,730.27,41.70,176.15,0.6576,-1,-1,-1
375,80,1703.03,608.22,47.15,139.45,0.3973,-1,-1,-1
375,77,1358.00,657.11,77.78,221.95,0.5843,-1,-1,-1
375,73,1562.56,674.07,105.47,245.47,0.6348,-1,-1,-1
375,65,1455.29,724.30,86.19,239.52,0.7047,-1,-1,-1
375,27,0.09,733.11,34.90,180.02,0.5737,-1,-1,-1
376,80,1704.69,609.89,48.88,139.56,0.3572,-1,-1,-1
376,77,1351.28,653.31,79.15,222.49,0.5086,-1,-1,-1
376,73,1559.60,679.05,103.11,242.69,0.6118,-1,-1,-1
376,65,1456.38,725.99,81.35,241.72,0.7022,-1,-1,-1
376,27,0.10,734.08,23.56,172.75,0.5310,-1,-1,-1
377,80,1712.45,602.56,61.02,149.63,0.3329,-1,-1,-1
377,77,1346.27,648.84,88.21,228.28,0.5843,-1,-1,-1
377,73,1555.72,683.27,99.16,235.50,0.5980,-1,-1,-1
377,65,1456.12,725.30,82.14,247.89,0.6785,-1,-1,-1
378,80,1723.65,605.36,58.95,141.61,0.5155,-1,-1,-1
378,77,1340.71,646.83,87.26,232.66,0.4305,-1,-1,-1
378,73,1550.47,683.32,101.13,243.73,0.6509,-1,-1,-1
378,65,1457.65,725.92,80.75,254.41,0.6448,-1,-1,-1
379,80,1717.39,599.46,62.55,144.91,0.3523,-1,-1,-1
379,77,1336.56,648.41,63.17,182.05,0.3055,-1,-1,-1
379,73,1547.89,677.28,92.28,249.31,0.7072,-1,-1,-1
379,65,1456.77,725.56,79.85,262.27,0.6690,-1,-1,-1
380,80,1729.28,600.77,46.76,144.62,0.3178,-1,-1,-1
380,77,1331.43,647.99,60.74,178.34,0.4123,-1,-1,-1
380,73,1540.96,679.35,96.09,252.28,0.6646,-1,-1,-1
380,65,1454.53,724.80,80.30,267.81,0.6933,-1,-1,-1
381,80,1711.51,601.38,55.93,143.92,0.3314,-1,-1,-1
381,77,1327.78,647.76,59.21,183.19,0.4181,-1,-1,-1
381,73,1530.45,679.52,87.80,259.44,0.6155,-1,-1,-1
381,65,1452.81,727.45,91.93,267.89,0.7051,-1,-1,-1
382,83,1445.39,559.86,42.58,82.80,0.3735,-1,-1,-1
382,80,1714.18,589.96,62.59,154.14,0.4639,-1,-1,-1
382,77,1323.49,648.48,58.72,182.97,0.6206,-1,-1,-1
382,73,1534.43,677.80,78.70,260.03,0.5861,-1,-1,-1
382,65,1449.61,732.30,90.90,268.21,0.6867,-1,-1,-1
383,81,1506.11,563.19,44.92,66.57,0.3024,-1,-1,-1
383,80,1710.92,594.96,53.47,146.32,0.3539,-1,-1,-1
383,77,1321.26,649.01,54.37,187.62,0.6670,-1,-1,-1
383,73,1529.02,687.09,83.34,249.68,0.5607,-1,-1,-1
383,65,1446.83,737.78,96.57,267.11,0.7161,-1,-1,-1
384,83,1439.16,561.82,46.66,80.47,0.3171,-1,-1,-1
384,80,1710.67,596.65,54.62,146.87,0.3832,-1,-1,-1
384,77,1317.45,647.57,52.97,188.76,0.6729,-1,-1,-1
384,73,1519.54,684.06,91.09,259.02,0.5857,-1,-1,-1
384,65,1443.32,740.84,101.58,270.48,0.7349,-1,-1,-1
385,83,1436.14,566.58,48.45,75.42,0.3921,-1,-1,-1
385,80,1716.88,592.04,69.80,155.69,0.4333,-1,-1,-1
385,77,1251.65,642.71,111.79,220.79,0.3314,-1,-1,-1
385,73,1518.79,688.77,92.43,250.94,0.6057,-1,-1,-1
385,65,1439.96,742.06,99.40,271.08,0.7483,-1,-1,-1
386,83,1432.98,559.58,46.32,83.29,0.3877,-1,-1,-1
386,81,1493.13,558.19,49.68,75.27,0.3481,-1,-1,-1
386,80,1718.62,594.20,67.25,157.07,0.3023,-1,-1,-1
386,77,1243.42,643.12,59.95,220.09,0.3642,-1,-1,-1
386,73,1512.58,694.67,97.14,252.55,0.5709,-1,-1,-1
386,65,1433.37,745.59,95.59,274.00,0.7488,-1,-1,-1
387,84,1544.66,551.10,47.25,103.09,0.3850,-1,-1,-1
387,81,1493.01,554.74,52.51,76.72,0.4322,-1,-1,-1
387,80,1727.98,588.74,64.75,155.00,0.3177,-1,-1,-1
387,77,1239.58,643.45,65.64,218.44,0.4956,-1,-1,-1
387,73,1506.11,693.53,97.51,257.15,0.6561,-1,-1,-1
387,65,1431.91,746.03,90.96,275.09,0.7027,-1,-1,-1
388,81,1488.96,559.42,55.78,74.52,0.3929,-1,-1,-1
388,77,1235.69,648.65,56.80,213.37,0.4925,-1,-1,-1
388,73,1494.97,680.19,105.03,275.26,0.5982,-1,-1,-1
388,70,1262.38,646.41,85.12,227.49,0.3331,-1,-1,-1
388,65,1429.34,746.18,91.06,282.19,0.6609,-1,-1,-1
389,80,1733.77,589.68,62.49,162.06,0.3029,-1,-1,-1
389,77,1216.96,644.80,69.02,219.63,0.4831,-1,-1,-1
389,73,1486.18,682.76,113.07,275.22,0.6411,-1,-1,-1
389,65,1426.77,746.23,93.80,290.20,0.5934,-1,-1,-1
390,84,1533.21,553.68,48.77,92.86,0.3559,-1,-1,-1
390,81,1483.03,558.43,44.57,75.62,0.3219,-1,-1,-1
390,77,1226.30,647.59,57.90,225.27,0.4842,-1,-1,-1
390,73,1487.36,691.68,106.87,265.79,0.5615,-1,-1,-1
390,70,1274.57,644.13,59.12,226.26,0.4335,-1,-1,-1
390,65,1415.01,749.07,101.92,291.58,0.6102,-1,-1,-1
391,85,1347.76,557.20,48.39,109.26,0.4243,-1,-1,-1
391,84,1531.14,565.50,44.47,80.75,0.3899,-1,-1,-1
391,83,1413.47,554.04,45.26,90.07,0.5163,-1,-1,-1
391,81,1482.26,558.41,52.09,83.11,0.4338,-1,-1,-1
391,77,1215.60,650.67,58.78,221.47,0.3412,-1,-1,-1
391,73,1482.67,714.17,108.28,239.17,0.5669,-1,-1,-1
391,65,1406.75,751.96,113.37,298.17,0.5776,-1,-1,-1
392,85,1338.55,552.21,53.21,113.29,0.3815,-1,-1,-1
392,84,1525.36,559.74,43.32,92.28,0.3362,-1,-1,-1
392,83,1407.06,551.97,46.98,91.81,0.3661,-1,-1,-1
392,80,1734.52,588.52,57.34,175.19,0.3323,-1,-1,-1
392,77,1195.37,646.84,70.37,229.28,0.4908,-1,-1,-1
392,73,1470.44,707.94,112.85,252.52,0.5206,-1,-1,-1
392,70,1250.00,647.21,68.09,234.85,0.4928,-1,-1,-1
392,65,1398.00,756.39,108.15,296.03,0.6738,-1,-1,-1
393,85,1335.07,553.66,52.52,117.24,0.4286,-1,-1,-1
393,84,1519.32,563.27,44.15,90.14,0.4263,-1,-1,-1
393,81,1469.43,563.46,49.60,79.46,0.5495,-1,-1,-1
393,80,1731.15,607.13,59.92,157.61,0.4083,-1,-1,-1
393,77,1190.95,646.60,68.32,231.57,0.4806,-1,-1,-1
393,73,1457.90,705.81,77.76,172.16,0.3620,-1,-1,-1
393,65,1394.72,762.30,111.84,296.22,0.6519,-1,-1,-1
394,85,1329.35,554.09,49.76,115.93,0.4495,-1,-1,-1
394,84,1517.52,563.80,43.51,91.37,0.3001,-1,-1,-1
394,83,1384.25,549.27,57.85,97.13,0.4484,-1,-1,-1
394,81,1462.63,561.90,54.72,77.13,0.3511,-1,-1,-1
394,80,1730.32,604.35,55.59,157.94,0.4590,-1,-1,-1
394,77,1183.56,651.14,65.59,227.82,0.5020,-1,-1,-1
394,65,1388.36,764.60,104.80,299.31,0.5843,-1,-1,-1
395,85,1321.28,556.47,51.98,122.29,0.5616,-1,-1,-1
395,84,1508.55,562.86,43.73,85.90,0.3359,-1,-1,-1
395,83,1389.23,548.87,48.19,95.36,0.5518,-1,-1,-1
395,81,1459.32,559.57,44.30,80.97,0.3550,-1,-1,-1
395,80,1727.90,597.79,56.57,167.45,0.4618,-1,-1,-1
395,77,1170.22,648.70,70.72,238.58,0.6522,-1,-1,-1
395,73,1443.52,709.92,83.88,256.34,0.5120,-1,-1,-1
395,65,1380.29,767.42,99.85,301.43,0.6797,-1,-1,-1
396,85,1315.54,558.49,51.88,122.65,0.4675,-1,-1,-1
396,83,1384.09,548.86,44.47,98.69,0.4160,-1,-1,-1
396,81,1445.63,558.26,49.27,82.75,0.3517,-1,-1,-1
396,80,1726.73,597.87,57.22,171.73,0.4985,-1,-1,-1
396,77,1162.30,648.51,70.15,221.04,0.5778,-1,-1,-1
396,73,1432.38,703.66,87.03,252.11,0.4955,-1,-1,-1
396,65,1372.39,771.85,105.07,302.17,0.7463,-1,-1,-1
397,85,1312.96,562.64,49.12,121.30,0.4723,-1,-1,-1
397,84,1495.83,562.89,45.82,90.34,0.4562,-1,-1,-1
397,83,1372.40,551.23,45.10,96.75,0.4722,-1,-1,-1
397,81,1445.77,562.67,51.57,83.06,0.5601,-1,-1,-1
397,80,1723.52,602.03,56.09,167.48,0.5084,-1,-1,-1
397,77,1149.18,648.81,73.14,231.65,0.6028,-1,-1,-1
397,73,1418.52,717.27,88.17,262.21,0.4170,-1,-1,-1
397,65,1365.82,772.38,102.11,305.40,0.6444,-1,-1,-1
398,85,1301.22,557.22,47.60,125.89,0.6486,-1,-1,-1
398,83,1367.09,552.04,47.55,94.40,0.4549,-1,-1,-1
398,81,1436.71,558.73,51.79,87.62,0.3244,-1,-1,-1
398,80,1715.74,606.49,56.10,163.24,0.4394,-1,-1,-1
398,77,1141.98,648.62,73.92,240.24,0.5452,-1,-1,-1
398,73,1401.78,715.69,81.29,160.35,0.3368,-1,-1,-1
398,65,1356.64,769.49,113.00,305.67,0.5327,-1,-1,-1
399,85,1293.03,552.11,50.74,128.77,0.5962,-1,-1,-1
399,84,1479.02,557.35,44.62,94.28,0.3642,-1,-1,-1
399,83,1361.84,556.75,38.32,91.19,0.3335,-1,-1,-1
399,80,1713.07,605.25,59.90,162.29,0.4789,-1,-1,-1
399,77,1129.30,653.91,67.19,224.27,0.6108,-1,-1,-1
399,65,1348.31,768.07,111.68,311.93,0.3346,-1,-1,-1
400,85,1289.69,557.61,40.52,125.15,0.6082,-1,-1,-1
400,84,1471.54,559.56,44.85,93.52,0.4437,-1,-1,-1
400,83,1349.07,549.01,43.58,99.23,0.5131,-1,-1,-1
400,81,1420.10,562.50,51.28,82.82,0.5251,-1,-1,-1
400,80,1711.73,610.43,68.82,161.86,0.3388,-1,-1,-1
400,77,1110.50,652.77,95.57,269.09,0.5461,-1,-1,-1
400,73,1380.24,717.71,76.31,154.08,0.4159,-1,-1,-1
400,65,1339.70,770.45,111.15,309.41,0.3862,-1,-1,-1
401,85,1277.47,552.35,47.27,131.25,0.6619,-1,-1,-1
401,84,1465.26,558.50,44.26,90.98,0.3101,-1,-1,-1
401,83,1340.69,545.01,45.06,101.37,0.4687,-1,-1,-1
401,81,1410.91,559.42,52.39,84.38,0.3444,-1,-1,-1
401,80,1707.62,610.22,57.00,160.88,0.3395,-1,-1,-1
401,77,1092.90,657.18,83.14,247.44,0.7010,-1,-1,-1
401,73,1376.57,725.21,66.47,149.25,0.3486,-1,-1,-1
401,65,1322.65,771.77,114.88,307.12,0.5661,-1,-1,-1
402,85,1267.70,551.52,47.78,128.99,0.4939,-1,-1,-1
402,84,1454.67,555.77,45.78,98.41,0.3008,-1,-1,-1
402,83,1323.23,539.48,51.64,110.08,0.4398,-1,-1,-1
402,77,1073.27,655.66,102.21,251.68,0.6525,-1,-1,-1
402,65,1314.71,776.73,115.25,302.49,0.6443,-1,-1,-1
403,85,1262.27,553.61,40.14,128.13,0.4624,-1,-1,-1
403,84,1446.08,557.69,51.31,99.49,0.3684,-1,-1,-1
403,83,1315.05,543.16,51.38,104.85,0.5199,-1,-1,-1
403,81,1395.27,559.57,54.44,86.68,0.4315,-1,-1,-1
403,77,1057.33,656.09,112.40,283.09,0.6652,-1,-1,-1
403,65,1302.79,761.88,125.16,316.37,0.6409,-1,-1,-1
404,85,1250.96,546.96,44.50,131.11,0.4947,-1,-1,-1
404,84,1435.16,561.34,47.03,89.27,0.4462,-1,-1,-1
404,83,1311.20,543.14,45.82,105.56,0.5545,-1,-1,-1
404,81,1384.82,556.49,54.46,89.74,0.4259,-1,-1,-1
404,77,1068.07,660.08,92.10,282.30,0.6715,-1,-1,-1
404,65,1284.48,767.37,129.12,310.87,0.7312,-1,-1,-1
405,85,1241.89,546.06,38.67,134.98,0.4916,-1,-1,-1
405,84,1425.16,559.64,46.20,95.31,0.4478,-1,-1,-1
405,83,1296.51,541.55,49.63,108.88,0.4406,-1,-1,-1
405,81,1374.69,559.40,51.11,87.29,0.3302,-1,-1,-1
405,77,1039.87,659.95,104.89,280.57,0.6306,-1,-1,-1
405,65,1258.52,783.38,142.42,296.52,0.6217,-1,-1,-1
406,85,1228.91,548.18,43.76,128.14,0.6195,-1,-1,-1
406,84,1415.33,555.76,46.92,95.89,0.3940,-1,-1,-1
406,83,1291.72,542.53,43.76,104.57,0.6222,-1,-1,-1
406,77,1010.77,661.66,117.88,282.92,0.7470,-1,-1,-1
406,65,1202.61,783.00,182.23,295.62,0.5789,-1,-1,-1
407,85,1218.04,542.44,44.23,140.35,0.5241,-1,-1,-1
407,84,1404.48,552.47,46.94,105.07,0.4213,-1,-1,-1
407,83,1279.51,549.88,43.49,100.73,0.5675,-1,-1,-1
407,81,1352.18,558.36,45.83,91.29,0.3665,-1,-1,-1
407,80,1672.65,600.65,73.37,188.89,0.3402,-1,-1,-1
407,77,994.94,664.45,120.62,285.75,0.5518,-1,-1,-1
407,65,1184.01,780.52,186.59,298.50,0.6126,-1,-1,-1
408,85,1204.42,546.65,46.50,131.87,0.5760,-1,-1,-1
408,84,1395.14,557.30,43.95,94.66,0.4105,-1,-1,-1
408,83,1267.33,542.57,43.25,105.50,0.6265,-1,-1,-1
408,81,1340.91,559.62,46.77,87.84,0.3599,-1,-1,-1
408,77,994.14,667.45,104.43,287.14,0.6291,-1,-1,-1
408,65,1198.24,794.11,158.90,283.92,0.5680,-1,-1,-1
409,85,1193.62,542.76,46.25,138.79,0.5569,-1,-1,-1
409,84,1381.67,551.88,45.68,105.20,0.4233,-1,-1,-1
409,83,1251.12,547.56,49.32,104.14,0.4838,-1,-1,-1
409,81,1328.25,557.91,46.04,92.27,0.3677,-1,-1,-1
409,80,1656.99,580.02,67.87,221.17,0.3452,-1,-1,-1
409,77,963.97,664.75,120.28,292.19,0.6845,-1,-1,-1
409,65,1193.82,791.76,143.00,287.84,0.7035,-1,-1,-1
410,85,1180.02,543.21,47.05,135.72,0.5675,-1,-1,-1
410,84,1372.55,549.60,43.15,108.69,0.3421,-1,-1,-1
410,83,1239.80,541.39,48.23,107.73,0.5803,-1,-1,-1
410,81,1326.59,559.75,50.13,90.18,0.3961,-1,-1,-1
410,80,1649.47,591.65,66.82,215.69,0.3479,-1,-1,-1
410,77,942.63,668.60,116.13,293.49,0.7122,-1,-1,-1
410,65,1189.09,810.04,127.15,269.96,0.5448,-1,-1,-1
411,85,1168.12,540.25,45.71,141.37,0.3980,-1,-1,-1
411,84,1356.78,550.41,48.04,106.75,0.4494,-1,-1,-1
411,83,1228.28,545.21,46.99,107.43,0.5127,-1,-1,-1
411,81,1305.00,557.53,48.63,93.43,0.4078,-1,-1,-1
411,77,933.16,669.46,112.81,292.09,0.5430,-1,-1,-1
411,65,1164.06,815.74,136.21,262.68,0.7394,-1,-1,-1
412,85,1151.58,540.87,48.99,135.51,0.5158,-1,-1,-1
412,84,1346.15,554.14,42.90,100.34,0.5034,-1,-1,-1
412,83,1215.97,538.96,43.55,111.69,0.5605,-1,-1,-1
412,81,1293.41,556.24,42.79,92.84,0.3481,-1,-1,-1
412,80,1633.11,604.31,57.93,196.02,0.4099,-1,-1,-1
412,77,899.93,666.13,137.43,302.02,0.6784,-1,-1,-1
412,65,1150.04,825.56,130.61,251.63,0.7000,-1,-1,-1
413,85,1138.28,542.43,44.38,138.13,0.4514,-1,-1,-1
413,84,1330.68,549.65,43.93,109.20,0.4291,-1,-1,-1
413,83,1197.11,538.68,49.77,114.39,0.5647,-1,-1,-1
413,81,1279.48,555.56,41.33,94.33,0.4541,-1,-1,-1
413,77,893.65,670.28,127.39,298.22,0.6615,-1,-1,-1
413,65,1115.23,813.82,145.57,266.03,0.5988,-1,-1,-1
414,89,1861.62,591.32,57.75,179.71,0.3607,-1,-1,-1
414,84,1318.86,552.88,46.36,103.20,0.4728,-1,-1,-1
414,83,1182.44,538.87,49.99,114.85,0.6609,-1,-1,-1
414,81,1266.12,552.14,45.02,99.18,0.4604,-1,-1,-1
414,77,865.00,671.80,113.04,301.54,0.7010,-1,-1,-1
414,65,1116.50,826.25,123.83,253.27,0.6700,-1,-1,-1
415,85,1110.33,544.24,46.81,133.85,0.4881,-1,-1,-1
415,84,1305.10,549.75,43.48,109.43,0.5065,-1,-1,-1
415,83,1165.03,535.51,52.19,118.18,0.6300,-1,-1,-1
415,81,1252.58,557.91,52.11,91.84,0.4585,-1,-1,-1
415,77,837.52,671.54,119.59,304.52,0.7166,-1,-1,-1
415,65,1074.50,819.87,141.85,258.95,0.5634,-1,-1,-1
416,85,1095.23,536.52,49.47,142.92,0.5355,-1,-1,-1
416,84,1287.00,552.93,48.21,104.53,0.4726,-1,-1,-1
416,83,1147.89,535.76,51.51,117.76,0.5833,-1,-1,-1
416,81,1238.00,553.66,40.83,94.96,0.4528,-1,-1,-1
416,77,812.05,672.42,109.94,307.63,0.7553,-1,-1,-1
416,65,1068.75,828.23,126.48,248.34,0.6425,-1,-1,-1
417,91,1639.07,612.30,62.61,164.33,0.3801,-1,-1,-1
417,89,1816.22,584.05,62.23,189.04,0.3996,-1,-1,-1
417,85,1082.63,539.63,48.63,128.31,0.4162,-1,-1,-1
417,84,1275.19,551.75,43.21,107.39,0.3936,-1,-1,-1
417,83,1135.34,533.10,53.59,118.25,0.5393,-1,-1,-1
417,81,1222.18,555.42,47.88,92.60,0.4343,-1,-1,-1
417,77,782.61,675.88,112.07,307.63,0.7307,-1,-1,-1
417,65,1021.64,830.83,147.34,246.46,0.5393,-1,-1,-1
418,91,1620.99,602.71,74.69,175.70,0.4245,-1,-1,-1
418,89,1795.90,583.20,90.33,201.49,0.4693,-1,-1,-1
418,85,1061.19,539.77,50.49,138.35,0.4718,-1,-1,-1
418,84,1256.51,552.43,44.52,106.00,0.4056,-1,-1,-1
418,83,1117.21,531.48,56.86,118.23,0.7110,-1,-1,-1
418,81,1207.64,558.05,41.14,90.70,0.5130,-1,-1,-1
418,77,752.48,675.79,112.77,311.25,0.7946,-1,-1,-1
418,65,1021.39,833.99,123.27,246.01,0.6620,-1,-1,-1
419,91,1609.31,613.11,76.92,167.30,0.5806,-1,-1,-1
419,89,1779.39,573.61,100.24,212.89,0.4987,-1,-1,-1
419,85,1047.69,539.71,50.63,132.48,0.4722,-1,-1,-1
419,84,1240.72,549.63,47.21,105.58,0.3747,-1,-1,-1
419,83,1102.71,531.77,50.82,117.78,0.5707,-1,-1,-1
419,81,1192.70,550.23,41.02,96.92,0.5639,-1,-1,-1
419,77,715.50,677.25,123.75,315.88,0.7997,-1,-1,-1
419,65,1009.26,836.71,109.88,243.29,0.6642,-1,-1,-1
420,92,905.24,784.65,107.69,295.05,0.5557,-1,-1,-1
420,91,1589.89,612.83,78.63,166.02,0.4453,-1,-1,-1
420,89,1768.84,575.64,68.65,198.03,0.6188,-1,-1,-1
420,85,1033.16,530.86,51.14,136.35,0.4454,-1,-1,-1
420,84,1225.75,553.31,45.56,105.45,0.3608,-1,-1,-1
420,83,1090.73,531.89,51.17,115.22,0.6101,-1,-1,-1
420,81,1177.20,553.43,47.27,93.23,0.5385,-1,-1,-1
420,77,686.05,680.55,127.84,314.59,0.7664,-1,-1,-1
420,65,973.28,836.69,117.77,243.31,0.7122,-1,-1,-1
421,92,868.73,770.06,120.36,309.94,0.3362,-1,-1,-1
421,91,1582.47,609.98,76.82,169.34,0.4719,-1,-1,-1
421,89,1752.76,578.84,68.49,202.66,0.6459,-1,-1,-1
421,85,1010.20,537.18,52.71,139.47,0.5133,-1,-1,-1
421,84,1206.40,549.63,46.85,107.83,0.4578,-1,-1,-1
421,83,1071.28,532.25,55.12,117.01,0.6500,-1,-1,-1
421,81,1160.24,553.81,46.31,94.96,0.5059,-1,-1,-1
421,77,656.53,680.49,129.83,317.50,0.7829,-1,-1,-1
421,65,944.16,833.25,119.66,246.75,0.6581,-1,-1,-1
422,92,853.79,792.44,102.85,286.42,0.5142,-1,-1,-1
422,91,1556.48,608.22,85.09,172.66,0.5051,-1,-1,-1
422,85,988.56,526.80,59.93,144.85,0.5405,-1,-1,-1
422,84,1189.44,546.80,50.62,110.67,0.3942,-1,-1,-1
422,83,1052.51,529.42,52.23,116.65,0.5808,-1,-1,-1
422,81,1143.12,551.33,43.39,95.07,0.4909,-1,-1,-1
422,77,623.86,678.62,142.59,328.19,0.8116,-1,-1,-1
422,65,912.49,845.92,122.44,233.99,0.7688,-1,-1,-1
423,92,814.24,802.65,109.49,275.40,0.5458,-1,-1,-1
423,91,1554.93,607.51,65.89,171.34,0.6359,-1,-1,-1
423,89,1719.43,578.41,67.01,203.61,0.5407,-1,-1,-1
423,85,970.66,528.32,54.70,139.71,0.5009,-1,-1,-1
423,83,1032.41,528.14,58.45,119.71,0.5549,-1,-1,-1
423,81,1124.48,552.87,50.46,94.69,0.3629,-1,-1,-1
423,77,599.89,683.54,134.25,323.49,0.7455,-1,-1,-1
423,65,880.17,849.66,122.99,230.34,0.7497,-1,-1,-1
424,92,786.80,815.93,108.81,264.07,0.4704,-1,-1,-1
424,91,1538.55,610.37,66.13,169.68,0.6042,-1,-1,-1
424,89,1693.11,571.66,70.69,207.54,0.5573,-1,-1,-1
424,85,955.55,527.33,52.06,139.30,0.5571,-1,-1,-1
424,83,1013.25,529.31,59.62,116.41,0.5799,-1,-1,-1
424,81,1105.78,551.72,43.70,94.40,0.4098,-1,-1,-1
424,77,561.15,688.85,146.50,323.43,0.7654,-1,-1,-1
424,65,856.26,857.93,116.51,222.07,0.7106,-1,-1,-1
425,92,751.31,801.17,108.57,277.41,0.5024,-1,-1,-1
425,91,1520.86,609.02,65.83,169.57,0.6162,-1,-1,-1
425,89,1672.38,572.43,73.30,208.34,0.6589,-1,-1,-1
425,85,933.96,526.29,54.53,142.57,0.4807,-1,-1,-1
425,83,995.22,527.96,55.69,122.08,0.5308,-1,-1,-1
425,77,518.58,686.51,150.59,330.66,0.7406,-1,-1,-1
425,65,819.61,862.93,119.83,217.07,0.7475,-1,-1,-1
426,92,720.00,817.55,98.14,262.45,0.3791,-1,-1,-1
426,91,1507.39,609.93,61.03,166.47,0.5681,-1,-1,-1
426,89,1654.29,578.27,71.41,200.32,0.6674,-1,-1,-1
426,85,916.04,522.39,55.03,146.51,0.5142,-1,-1,-1
426,84,1147.58,532.39,42.68,125.29,0.3858,-1,-1,-1
426,83,976.44,527.61,56.49,121.51,0.5631,-1,-1,-1
426,81,1068.66,549.09,45.14,97.87,0.3573,-1,-1,-1
426,77,480.83,693.34,128.78,328.26,0.6074,-1,-1,-1
426,65,788.69,868.22,118.29,211.78,0.7132,-1,-1,-1
427,91,1488.12,607.78,66.75,172.04,0.5372,-1,-1,-1
427,89,1631.38,580.75,75.53,203.92,0.5684,-1,-1,-1
427,85,895.66,528.10,55.10,137.95,0.4803,-1,-1,-1
427,84,1128.91,541.73,39.41,118.44,0.3216,-1,-1,-1
427,83,957.72,531.09,53.60,120.73,0.5069,-1,-1,-1
427,81,1089.45,546.62,48.84,113.31,0.3190,-1,-1,-1
427,77,436.19,697.47,182.27,334.49,0.6915,-1,-1,-1
427,65,753.53,873.81,119.65,206.19,0.4985,-1,-1,-1
428,97,1413.24,637.02,80.35,198.78,0.3563,-1,-1,-1
428,92,620.04,835.11,129.76,219.37,0.3250,-1,-1,-1
428,91,1470.12,607.76,65.91,173.58,0.4356,-1,-1,-1
428,89,1610.21,583.22,77.27,204.94,0.5799,-1,-1,-1
428,85,866.18,528.92,62.67,142.66,0.5739,-1,-1,-1
428,83,937.37,530.12,56.33,124.74,0.5220,-1,-1,-1
428,77,406.69,700.13,178.95,341.93,0.5722,-1,-1,-1
428,65,717.92,886.59,118.30,192.78,0.5379,-1,-1,-1
429,98,651.13,780.35,81.95,146.23,0.4411,-1,-1,-1
429,97,1391.65,621.97,67.53,214.16,0.3103,-1,-1,-1
429,92,582.09,849.49,123.41,207.21,0.4500,-1,-1,-1
429,91,1452.81,609.93,71.32,181.18,0.4663,-1,-1,-1
429,89,1583.00,587.21,84.61,203.31,0.4162,-1,-1,-1
429,85,854.93,531.97,51.31,135.07,0.4174,-1,-1,-1
429,83,918.36,530.66,53.51,125.70,0.4325,-1,-1,-1
429,81,1054.54,552.48,50.96,120.34,0.3353,-1,-1,-1
429,77,390.27,704.02,124.09,312.46,0.4226,-1,-1,-1
429,65,683.39,894.21,115.69,185.01,0.6583,-1,-1,-1
430,98,612.53,790.68,82.37,165.56,0.4114,-1,-1,-1
430,97,1367.15,635.82,83.69,199.02,0.3569,-1,-1,-1
430,92,536.20,859.58,122.19,212.13,0.5328,-1,-1,-1
430,91,1437.68,611.95,70.96,186.68,0.6195,-1,-1,-1
430,89,1559.35,587.34,80.31,201.40,0.6547,-1,-1,-1
430,85,825.08,531.27,68.02,136.25,0.3037,-1,-1,-1
430,83,892.45,530.96,58.55,126.74,0.3257,-1,-1,-1
430,81,1027.94,555.78,50.68,121.20,0.4399,-1,-1,-1
430,77,320.95,708.68,171.13,335.23,0.7228,-1,-1,-1
430,65,631.13,905.22,130.13,174.27,0.6658,-1,-1,-1
431,98,559.48,799.40,92.10,177.09,0.3682,-1,-1,-1
431,91,1412.51,616.67,75.07,182.32,0.4855,-1,-1,-1
431,89,1540.56,592.71,84.42,206.54,0.4346,-1,-1,-1
431,85,800.22,543.62,64.06,133.74,0.4180,-1,-1,-1
431,81,1013.63,561.44,46.46,121.25,0.4652,-1,-1,-1
431,77,303.27,713.69,136.98,327.15,0.5726,-1,-1,-1
431,65,613.76,916.26,103.73,162.71,0.5337,-1,-1,-1
432,98,519.01,807.01,93.59,167.55,0.4851,-1,-1,-1
432,97,1328.35,633.42,82.28,217.92,0.3296,-1,-1,-1
432,92,439.46,871.04,146.72,208.89,0.5053,-1,-1,-1
432,91,1401.05,618.94,78.31,179.05,0.4416,-1,-1,-1
432,89,1515.25,591.64,84.61,206.08,0.6081,-1,-1,-1
432,81,988.33,557.53,52.96,129.89,0.5242,-1,-1,-1
432,77,243.94,716.43,167.56,351.89,0.3335,-1,-1,-1
432,65,571.88,926.67,102.97,152.99,0.6389,-1,-1,-1
433,98,481.55,814.76,84.05,156.62,0.5411,-1,-1,-1
433,97,1311.43,655.50,74.83,199.25,0.3048,-1,-1,-1
433,92,327.79,870.12,210.64,209.88,0.6789,-1,-1,-1
433,91,1380.34,627.13,81.25,179.28,0.3770,-1,-1,-1
433,89,1496.53,596.07,93.51,212.23,0.5105,-1,-1,-1
433,85,759.04,539.77,59.68,138.21,0.4257,-1,-1,-1
433,81,963.45,561.90,56.34,131.39,0.4861,-1,-1,-1
433,77,211.92,726.98,152.19,322.87,0.5655,-1,-1,-1
433,65,525.58,938.02,108.62,141.98,0.6468,-1,-1,-1
434,98,433.75,817.89,93.54,174.09,0.5501,-1,-1,-1
434,97,1282.32,626.87,96.24,231.94,0.4439,-1,-1,-1
434,92,296.29,880.27,195.04,199.73,0.7398,-1,-1,-1
434,91,1359.59,625.74,88.69,183.47,0.5637,-1,-1,-1
434,89,1475.82,594.39,76.88,210.34,0.5544,-1,-1,-1
434,85,739.45,538.63,59.32,134.67,0.3655,-1,-1,-1
434,81,937.98,562.14,60.22,130.32,0.5065,-1,-1,-1
434,77,162.37,729.26,96.92,340.36,0.6668,-1,-1,-1
434,65,482.09,948.74,106.48,128.57,0.6240,-1,-1,-1
435,98,388.78,827.34,102.23,167.58,0.5312,-1,-1,-1
435,97,1265.74,639.69,85.19,225.43,0.4023,-1,-1,-1
435,92,265.97,889.05,177.90,190.95,0.7125,-1,-1,-1
435,91,1343.02,629.82,82.46,180.40,0.5606,-1,-1,-1
435,89,1455.16,599.95,74.70,208.45,0.5301,-1,-1,-1
435,85,717.85,543.05,62.98,132.15,0.3431,-1,-1,-1
435,83,882.96,564.99,46.11,110.90,0.3153,-1,-1,-1
435,77,113.38,735.27,99.75,342.15,0.6876,-1,-1,-1
435,65,429.71,961.37,111.80,117.98,0.6152,-1,-1,-1
436,98,339.12,832.03,98.33,178.13,0.5251,-1,-1,-1
436,97,1240.06,638.79,83.26,231.36,0.5587,-1,-1,-1
436,92,237.46,893.84,154.92,186.16,0.7745,-1,-1,-1
436,91,1323.45,631.56,87.57,181.46,0.6084,-1,-1,-1
436,89,1431.20,601.00,74.12,208.39,0.6336,-1,-1,-1
436,85,694.62,542.34,56.40,134.50,0.4105,-1,-1,-1
436,83,873.49,567.88,34.47,113.74,0.3412,-1,-1,-1
436,81,898.07,565.67,58.10,129.91,0.4342,-1,-1,-1
436,77,57.82,735.33,107.69,343.00,0.7332,-1,-1,-1
436,65,379.60,967.97,112.66,112.03,0.5863,-1,-1,-1
437,98,291.32,845.07,96.00,171.96,0.5839,-1,-1,-1
437,97,1224.54,645.56,74.10,232.10,0.5711,-1,-1,-1
437,92,182.32,904.40,160.29,175.60,0.7790,-1,-1,-1
437,91,1300.87,632.90,89.38,182.70,0.6760,-1,-1,-1
437,89,1410.14,600.04,66.57,208.60,0.5367,-1,-1,-1
437,85,673.86,549.74,61.06,131.50,0.3882,-1,-1,-1
437,83,845.44,567.85,39.95,119.62,0.3732,-1,-1,-1
437,81,880.46,568.01,53.87,129.94,0.4129,-1,-1,-1
437,77,4.86,739.26,133.60,340.74,0.7429,-1,-1,-1
437,65,329.15,977.51,98.66,100.96,0.5187,-1,-1,-1
438,98,241.56,837.56,98.02,194.51,0.4773,-1,-1,-1
438,97,1205.48,644.35,73.63,237.68,0.5704,-1,-1,-1
438,92,125.67,913.44,156.86,166.56,0.7476,-1,-1,-1
438,91,1282.82,630.65,82.64,185.04,0.5937,-1,-1,-1
438,89,1385.39,596.29,67.03,208.14,0.6427,-1,-1,-1
438,85,649.99,547.18,62.72,133.89,0.5402,-1,-1,-1
438,81,858.38,567.09,56.49,133.33,0.4911,-1,-1,-1
438,77,0.26,738.15,66.13,281.78,0.4102,-1,-1,-1
438,65,269.47,993.92,90.67,85.04,0.4964,-1,-1,-1
439,97,1179.00,646.20,87.70,240.51,0.6067,-1,-1,-1
439,92,66.67,921.63,154.37,158.37,0.7724,-1,-1,-1
439,91,1264.21,632.12,76.11,182.64,0.5901,-1,-1,-1
439,89,1361.22,599.26,66.08,210.58,0.6036,-1,-1,-1
439,85,627.71,548.25,61.29,135.32,0.4496,-1,-1,-1
439,81,834.99,567.43,53.79,134.44,0.4631,-1,-1,-1
439,65,208.39,1002.25,98.18,77.03,0.5588,-1,-1,-1
440,98,133.62,863.57,94.96,181.25,0.4751,-1,-1,-1
440,97,1151.63,655.68,93.67,238.44,0.6826,-1,-1,-1
440,92,1.26,932.00,160.92,148.00,0.7365,-1,-1,-1
440,91,1242.83,633.84,79.67,192.46,0.5397,-1,-1,-1
440,89,1335.59,600.62,69.02,208.74,0.6065,-1,-1,-1
440,85,602.74,553.43,48.97,127.66,0.6291,-1,-1,-1
440,81,813.49,569.04,51.90,136.80,0.4421,-1,-1,-1
440,65,148.74,1014.95,103.01,65.05,0.3625,-1,-1,-1
441,98,74.37,871.13,111.61,207.96,0.4319,-1,-1,-1
441,97,1128.02,657.08,97.78,239.25,0.7632,-1,-1,-1
441,92,0.56,942.76,92.94,137.24,0.5772,-1,-1,-1
441,91,1224.46,632.99,72.92,196.63,0.5357,-1,-1,-1
441,89,1307.13,597.88,73.27,220.97,0.5847,-1,-1,-1
441,85,580.02,547.45,53.21,134.15,0.5487,-1,-1,-1
441,83,793.24,568.29,49.40,136.90,0.3842,-1,-1,-1
441,81,836.44,561.29,44.83,132.78,0.4579,-1,-1,-1
442,98,3.43,880.60,122.10,197.77,0.6596,-1,-1,-1
442,97,1101.38,670.75,100.59,228.32,0.7685,-1,-1,-1
442,91,1207.85,637.29,70.43,193.56,0.5196,-1,-1,-1
442,89,1285.46,601.03,68.98,214.53,0.6023,-1,-1,-1
442,85,555.19,550.09,50.84,129.90,0.5154,-1,-1,-1
442,83,769.57,567.83,49.13,139.09,0.4437,-1,-1,-1
442,81,813.16,565.35,46.57,128.51,0.3320,-1,-1,-1
443,108,713.13,571.27,36.38,133.21,0.4562,-1,-1,-1
443,97,1078.98,675.23,108.26,225.72,0.7827,-1,-1,-1
443,91,1185.48,636.75,72.69,198.23,0.6806,-1,-1,-1
443,89,1256.00,602.99,72.69,221.64,0.5908,-1,-1,-1
443,85,531.17,569.91,45.52,113.57,0.5184,-1,-1,-1
443,83,747.44,570.40,47.42,136.96,0.3593,-1,-1,-1
444,109,690.41,573.43,35.96,130.93,0.3752,-1,-1,-1
444,97,1051.11,676.69,106.08,231.63,0.7162,-1,-1,-1
444,91,1162.84,638.89,73.79,196.54,0.7126,-1,-1,-1
444,89,1230.44,604.76,75.00,215.96,0.6596,-1,-1,-1
444,85,504.29,566.82,45.81,117.20,0.5780,-1,-1,-1
444,83,721.69,567.62,49.39,141.44,0.3347,-1,-1,-1
444,81,771.66,566.61,45.23,130.11,0.3313,-1,-1,-1
445,111,664.53,573.20,37.12,136.93,0.4710,-1,-1,-1
445,97,1026.79,676.76,98.21,235.14,0.7712,-1,-1,-1
445,91,1138.85,636.73,76.73,204.75,0.6517,-1,-1,-1
445,89,1203.84,601.59,67.87,224.31,0.6142,-1,-1,-1
445,85,480.24,570.50,44.87,119.95,0.5720,-1,-1,-1
445,83,699.65,569.51,46.75,139.16,0.3692,-1,-1,-1
445,81,742.46,566.61,46.79,133.71,0.3650,-1,-1,-1
446,115,523.57,515.14,60.75,161.89,0.4144,-1,-1,-1
446,97,998.52,675.31,97.16,243.00,0.7730,-1,-1,-1
446,91,1116.59,641.28,74.93,199.57,0.6797,-1,-1,-1
446,89,1180.09,603.69,74.64,221.61,0.6726,-1,-1,-1
446,85,453.08,570.29,47.76,119.51,0.5702,-1,-1,-1
446,83,673.70,567.41,48.22,144.46,0.4170,-1,-1,-1
447,117,1027.62,615.63,64.34,203.60,0.4353,-1,-1,-1
447,115,497.84,516.21,61.83,159.58,0.3604,-1,-1,-1
447,97,974.04,670.75,92.77,253.43,0.6445,-1,-1,-1
447,91,1088.31,644.73,76.82,202.90,0.6842,-1,-1,-1
447,89,1153.93,600.90,72.42,224.12,0.6956,-1,-1,-1
447,85,426.08,572.92,47.76,117.98,0.5542,-1,-1,-1
448,117,1000.43,615.88,64.34,156.71,0.3894,-1,-1,-1
448,115,478.91,517.79,56.20,160.80,0.3587,-1,-1,-1
448,97,941.41,670.21,94.18,255.18,0.6801,-1,-1,-1
448,91,1067.67,639.68,73.70,204.51,0.6316,-1,-1,-1
448,89,1125.72,604.73,66.60,219.50,0.6607,-1,-1,-1
448,85,398.40,574.59,49.31,116.15,0.4293,-1,-1,-1
449,115,448.52,503.87,67.52,174.73,0.3376,-1,-1,-1
449,111,652.07,561.53,45.70,136.12,0.3427,-1,-1,-1
449,97,911.43,669.97,109.79,269.65,0.6900,-1,-1,-1
449,91,1040.41,639.09,80.33,209.43,0.6348,-1,-1,-1
449,89,1098.46,606.35,62.78,219.57,0.5666,-1,-1,-1
449,85,368.86,568.04,55.31,122.21,0.6233,-1,-1,-1
450,120,1834.01,777.00,85.33,302.56,0.7835,-1,-1,-1
450,117,942.71,614.50,71.77,212.83,0.4261,-1,-1,-1
450,97,881.38,676.66,95.44,255.76,0.6484,-1,-1,-1
450,91,1021.47,643.03,69.82,200.36,0.5214,-1,-1,-1
450,89,1071.55,606.58,60.01,219.99,0.4629,-1,-1,-1
450,85,339.33,567.54,54.86,122.37,0.5484,-1,-1,-1
451,120,1803.36,774.34,116.29,304.59,0.8402,-1,-1,-1
451,117,916.78,617.39,69.58,215.42,0.4363,-1,-1,-1
451,97,849.20,683.75,89.91,269.28,0.7650,-1,-1,-1
451,91,987.92,634.46,88.03,217.59,0.5231,-1,-1,-1
451,89,1038.25,607.32,61.28,231.47,0.3174,-1,-1,-1
451,85,313.72,565.37,51.77,123.66,0.3529,-1,-1,-1
452,120,1771.89,774.21,147.42,303.29,0.8552,-1,-1,-1
452,117,896.04,620.76,63.72,214.82,0.3657,-1,-1,-1
452,97,817.30,688.12,103.89,270.80,0.8030,-1,-1,-1
452,91,964.54,612.54,88.56,242.19,0.4462,-1,-1,-1
452,85,284.26,567.79,46.27,123.69,0.4941,-1,-1,-1
453,120,1739.95,773.57,179.26,305.06,0.8488,-1,-1,-1
453,115,459.10,566.72,41.08,154.48,0.3803,-1,-1,-1
453,97,786.07,693.51,105.41,267.04,0.7358,-1,-1,-1
453,91,940.75,617.70,90.07,237.56,0.5619,-1,-1,-1
453,85,251.71,569.77,51.75,124.32,0.3507,-1,-1,-1
454,120,1710.18,771.20,184.76,308.40,0.8561,-1,-1,-1
454,117,841.90,617.57,64.08,216.10,0.4273,-1,-1,-1
454,115,429.07,570.59,43.45,156.28,0.4400,-1,-1,-1
454,97,749.19,695.74,103.67,271.28,0.7774,-1,-1,-1
454,91,915.06,612.81,80.73,246.98,0.6743,-1,-1,-1
454,85,225.10,571.68,51.23,124.05,0.3434,-1,-1,-1
454,83,525.47,561.63,52.89,140.59,0.3217,-1,-1,-1
455,120,1679.79,772.45,186.48,307.45,0.8524,-1,-1,-1
455,117,814.45,630.44,61.42,218.74,0.6831,-1,-1,-1
455,115,402.34,571.58,44.18,158.82,0.4811,-1,-1,-1
455,97,715.57,699.18,99.23,273.75,0.7857,-1,-1,-1
455,91,887.76,618.20,80.55,247.03,0.7290,-1,-1,-1
455,83,500.73,564.31,46.16,143.79,0.3969,-1,-1,-1
456,120,1644.91,766.45,190.62,312.51,0.8586,-1,-1,-1
456,117,782.46,628.73,66.88,225.41,0.5989,-1,-1,-1
456,97,678.76,694.62,90.38,294.61,0.7835,-1,-1,-1
456,91,860.56,613.68,77.27,250.43,0.6912,-1,-1,-1
456,83,475.87,560.45,46.32,146.89,0.4928,-1,-1,-1
457,120,1610.89,760.64,190.30,318.45,0.8522,-1,-1,-1
457,117,755.28,629.61,73.36,228.00,0.6259,-1,-1,-1
457,97,642.44,695.37,89.22,309.53,0.7725,-1,-1,-1
457,91,823.69,623.59,88.15,249.63,0.5789,-1,-1,-1
457,85,126.64,555.09,52.35,143.56,0.3178,-1,-1,-1
457,83,442.92,562.67,53.24,145.45,0.4462,-1,-1,-1
458,123,311.35,572.79,45.29,164.63,0.4713,-1,-1,-1
458,120,1576.13,760.37,192.47,318.20,0.8504,-1,-1,-1
458,117,719.92,637.22,70.53,224.57,0.6322,-1,-1,-1
458,97,605.94,700.68,103.20,317.05,0.7408,-1,-1,-1
458,91,794.17,622.46,89.59,256.41,0.7008,-1,-1,-1
458,85,87.03,548.55,64.46,153.06,0.5281,-1,-1,-1
458,83,410.90,560.13,58.16,148.87,0.4305,-1,-1,-1
459,127,278.74,575.50,48.18,164.36,0.4412,-1,-1,-1
459,120,1542.01,754.73,192.88,325.27,0.8503,-1,-1,-1
459,117,690.92,647.41,70.33,213.85,0.5331,-1,-1,-1
459,97,563.08,704.17,103.49,324.17,0.7356,-1,-1,-1
459,91,766.65,677.72,87.50,204.27,0.4769,-1,-1,-1
459,85,54.10,556.56,58.17,149.45,0.4962,-1,-1,-1
460,128,247.06,579.13,47.23,160.77,0.3295,-1,-1,-1
460,120,1507.37,758.01,192.39,321.79,0.8536,-1,-1,-1
460,117,658.04,648.95,72.09,223.10,0.6610,-1,-1,-1
460,97,517.38,707.13,105.56,336.27,0.7363,-1,-1,-1
460,91,726.49,671.17,97.93,216.81,0.6048,-1,-1,-1
460,83,357.82,567.72,58.52,149.91,0.4220,-1,-1,-1
461,120,1473.64,761.10,188.00,318.90,0.8649,-1,-1,-1
461,117,622.53,651.50,73.19,228.43,0.6035,-1,-1,-1
461,97,469.91,726.25,109.43,328.52,0.7103,-1,-1,-1
461,91,704.89,639.43,84.44,253.73,0.6984,-1,-1,-1
461,85,0.16,555.21,34.42,156.00,0.3959,-1,-1,-1
461,83,328.62,563.41,48.77,155.97,0.3656,-1,-1,-1
462,129,182.83,579.55,49.92,169.91,0.4212,-1,-1,-1
462,120,1440.10,775.48,187.41,304.52,0.8505,-1,-1,-1
462,117,591.44,651.33,73.53,231.48,0.5053,-1,-1,-1
462,97,423.53,734.43,122.84,323.94,0.7562,-1,-1,-1
462,91,669.52,633.04,92.06,265.22,0.5896,-1,-1,-1
462,85,8.74,553.92,70.75,158.82,0.3405,-1,-1,-1
462,83,298.78,567.57,53.60,152.40,0.3396,-1,-1,-1
463,131,141.12,588.65,61.47,162.30,0.3592,-1,-1,-1
463,120,1404.90,790.99,184.96,289.01,0.8486,-1,-1,-1
463,117,553.90,652.55,77.86,235.66,0.5835,-1,-1,-1
463,97,380.17,740.81,127.38,327.95,0.7761,-1,-1,-1
463,91,632.69,648.87,107.46,257.91,0.7214,-1,-1,-1
464,132,104.68,589.13,60.77,168.48,0.3382,-1,-1,-1
464,120,1370.48,804.33,185.94,275.67,0.8722,-1,-1,-1
464,117,518.38,658.51,88.64,236.01,0.5359,-1,-1,-1
464,97,330.48,750.54,142.07,326.65,0.6684,-1,-1,-1
464,91,597.45,644.22,109.10,266.47,0.6789,-1,-1,-1
465,132,122.25,575.75,58.93,167.88,0.3646,-1,-1,-1
465,120,1334.83,819.55,185.79,260.45,0.8567,-1,-1,-1
465,117,484.04,655.54,87.47,241.08,0.6628,-1,-1,-1
465,97,278.37,749.12,160.03,330.88,0.7205,-1,-1,-1
465,91,556.77,647.86,114.27,267.84,0.7093,-1,-1,-1
466,129,169.24,554.02,70.54,184.01,0.3152,-1,-1,-1
466,120,1300.65,829.97,185.12,250.03,0.8278,-1,-1,-1
466,117,444.14,649.96,96.66,253.84,0.6199,-1,-1,-1
466,97,221.32,758.51,173.10,321.49,0.8046,-1,-1,-1
466,91,528.15,686.02,106.36,241.00,0.6713,-1,-1,-1
466,85,26.32,593.36,69.62,168.96,0.3246,-1,-1,-1
467,132,132.56,560.79,76.04,179.03,0.3775,-1,-1,-1
467,120,1269.04,840.06,181.27,238.93,0.7982,-1,-1,-1
467,117,404.12,664.40,105.50,248.39,0.5695,-1,-1,-1
467,97,168.55,763.65,176.89,316.35,0.8410,-1,-1,-1
467,91,488.15,683.90,113.99,250.03,0.6669,-1,-1,-1
468,132,111.73,579.75,60.60,167.28,0.3261,-1,-1,-1
468,120,1235.60,850.28,178.94,229.72,0.8419,-1,-1,-1
468,117,371.31,664.36,82.87,252.50,0.3715,-1,-1,-1
468,97,110.46,764.12,184.05,314.13,0.8535,-1,-1,-1
468,91,453.71,699.06,105.49,239.52,0.6070,-1,-1,-1
469,120,1205.14,855.70,171.68,223.73,0.8575,-1,-1,-1
469,117,331.28,667.74,72.66,237.71,0.5329,-1,-1,-1
469,97,49.54,774.39,190.30,303.89,0.8411,-1,-1,-1
469,91,411.15,696.88,113.24,246.28,0.5597,-1,-1,-1
470,120,1169.92,854.20,172.23,225.80,0.8428,-1,-1,-1
470,117,288.46,659.40,106.89,271.75,0.5175,-1,-1,-1
470,97,0.58,775.32,181.88,304.68,0.8449,-1,-1,-1
470,91,372.58,699.17,112.16,252.21,0.6655,-1,-1,-1
471,120,1131.08,851.67,173.51,227.95,0.8499,-1,-1,-1
471,117,249.42,659.12,96.38,278.83,0.5286,-1,-1,-1
471,97,0.38,784.40,128.17,291.80,0.7704,-1,-1,-1
471,91,338.56,698.32,108.86,256.27,0.6808,-1,-1,-1
472,120,1091.75,850.19,175.31,229.81,0.8265,-1,-1,-1
472,117,212.04,651.87,111.40,284.46,0.5766,-1,-1,-1
472,91,297.16,698.00,108.86,257.56,0.6609,-1,-1,-1
473,120,1051.62,850.21,178.78,229.79,0.8491,-1,-1,-1
473,117,166.20,659.95,111.15,288.00,0.5632,-1,-1,-1
473,91,260.87,697.97,104.27,262.53,0.6882,-1,-1,-1
474,120,1010.82,849.95,183.24,230.05,0.8507,-1,-1,-1
474,117,124.12,656.17,112.94,292.53,0.6522,-1,-1,-1
474,91,220.88,703.77,98.10,259.88,0.6904,-1,-1,-1
475,120,970.74,850.35,178.21,229.16,0.8339,-1,-1,-1
475,117,76.29,665.58,97.10,288.21,0.5927,-1,-1,-1
475,91,177.23,700.72,99.77,271.63,0.7061,-1,-1,-1
476,120,928.99,859.73,170.61,220.27,0.7549,-1,-1,-1
476,117,27.33,686.34,102.57,269.97,0.6381,-1,-1,-1
476,91,126.69,704.99,111.06,272.69,0.7533,-1,-1,-1
477,120,885.51,864.17,193.51,215.83,0.6601,-1,-1,-1
477,117,0.00,716.93,77.83,236.08,0.3807,-1,-1,-1
477,91,77.33,704.03,113.16,282.35,0.7141,-1,-1,-1
478,120,840.90,869.89,195.07,210.11,0.7551,-1,-1,-1
478,91,23.09,716.32,90.37,240.81,0.3681,-1,-1,-1
479,120,795.40,883.92,191.87,196.08,0.6748,-1,-1,-1
480,120,749.67,891.91,190.44,188.09,0.6637,-1,-1,-1
481,133,1869.44,656.25,49.90,140.78,0.3352,-1,-1,-1
481,120,704.17,879.59,185.85,200.41,0.7854,-1,-1,-1
482,133,1827.25,656.23,90.37,235.79,0.6723,-1,-1,-1
482,120,691.96,876.99,150.32,203.01,0.7739,-1,-1,-1
483,133,1790.15,657.38,98.31,235.21,0.7170,-1,-1,-1
483,120,612.81,876.93,175.24,202.66,0.8150,-1,-1,-1
484,133,1749.39,656.14,95.74,239.94,0.6559,-1,-1,-1
484,120,560.16,875.86,176.93,203.47,0.8335,-1,-1,-1
485,133,1708.88,658.78,89.94,235.29,0.6321,-1,-1,-1
485,120,509.38,878.02,173.53,201.40,0.8324,-1,-1,-1
486,133,1670.94,656.96,82.39,204.40,0.6010,-1,-1,-1
486,120,457.84,879.93,173.11,198.12,0.8499,-1,-1,-1
487,133,1629.65,659.54,83.03,204.08,0.3956,-1,-1,-1
487,120,403.40,890.79,173.28,188.04,0.8559,-1,-1,-1
488,139,1511.01,647.33,88.78,241.61,0.3614,-1,-1,-1
488,133,1587.65,660.11,79.30,152.87,0.3910,-1,-1,-1
488,120,350.17,902.97,172.75,176.19,0.8581,-1,-1,-1
489,139,1453.57,651.31,103.19,244.66,0.6563,-1,-1,-1
489,133,1550.61,660.92,71.12,143.51,0.3813,-1,-1,-1
489,120,302.98,917.71,165.65,160.84,0.8444,-1,-1,-1
490,139,1408.19,661.30,106.37,238.57,0.6962,-1,-1,-1
490,133,1506.20,667.58,74.50,140.45,0.4477,-1,-1,-1
490,120,255.92,930.21,155.42,148.85,0.8216,-1,-1,-1
491,139,1366.17,665.06,100.00,240.05,0.7027,-1,-1,-1
491,133,1453.15,672.73,85.93,139.85,0.3428,-1,-1,-1
491,120,206.85,946.29,150.94,133.71,0.8063,-1,-1,-1
492,139,1330.45,668.50,95.35,241.88,0.6260,-1,-1,-1
492,133,1411.60,677.83,88.78,141.75,0.3351,-1,-1,-1
492,120,155.00,951.47,149.06,128.53,0.8022,-1,-1,-1
493,139,1291.63,668.16,88.98,250.91,0.6426,-1,-1,-1
493,133,1372.36,678.46,81.08,137.02,0.3808,-1,-1,-1
493,120,99.74,959.13,151.09,120.87,0.8063,-1,-1,-1
494,139,1255.29,672.26,78.58,257.92,0.6543,-1,-1,-1
494,133,1328.06,682.44,80.54,142.19,0.4808,-1,-1,-1
494,120,40.84,965.00,147.92,115.00,0.7975,-1,-1,-1
495,139,1217.57,678.27,65.35,257.74,0.5886,-1,-1,-1
495,133,1284.64,688.47,77.74,143.67,0.4726,-1,-1,-1
495,120,0.00,965.60,129.42,114.28,0.8045,-1,-1,-1
496,139,1173.81,682.12,68.06,267.42,0.6293,-1,-1,-1
496,120,0.09,966.26,58.95,113.74,0.5920,-1,-1,-1
497,139,1128.80,681.36,64.24,266.25,0.5992,-1,-1,-1
497,133,1168.99,689.54,106.53,274.10,0.5612,-1,-1,-1
498,139,1078.58,679.35,72.86,271.15,0.6583,-1,-1,-1
498,133,1131.71,690.38,93.80,252.64,0.4746,-1,-1,-1
499,139,1029.18,681.14,74.61,270.45,0.6608,-1,-1,-1
499,133,1099.42,687.34,87.62,261.69,0.5535,-1,-1,-1
500,139,980.61,678.57,82.28,270.78,0.7316,-1,-1,-1
500,133,1054.34,687.13,83.74,256.55,0.6237,-1,-1,-1
501,139,931.89,680.61,91.79,273.37,0.7280,-1,-1,-1
501,133,1009.02,687.24,85.21,271.15,0.6587,-1,-1,-1
502,139,882.76,681.14,93.97,270.16,0.6859,-1,-1,-1
502,133,963.24,685.61,80.97,273.34,0.5908,-1,-1,-1
503,139,834.92,683.29,97.77,267.17,0.6910,-1,-1,-1
503,133,915.45,684.06,79.73,269.71,0.5854,-1,-1,-1
504,140,1828.73,646.28,84.68,170.94,0.7215,-1,-1,-1
504,139,785.42,682.17,99.22,274.56,0.7612,-1,-1,-1
504,133,872.87,687.01,80.25,278.41,0.5896,-1,-1,-1
505,140,1801.38,647.33,76.69,172.61,0.6049,-1,-1,-1
505,139,736.37,682.95,100.21,289.50,0.7850,-1,-1,-1
505,133,826.51,692.44,82.41,299.54,0.5899,-1,-1,-1
506,141,1845.80,658.20,60.88,179.41,0.6144,-1,-1,-1
506,140,1765.19,655.61,76.71,166.19,0.6669,-1,-1,-1
506,139,686.30,689.01,92.60,293.94,0.7065,-1,-1,-1
506,133,770.16,696.96,91.24,299.14,0.5742,-1,-1,-1
507,141,1812.24,653.22,80.44,182.20,0.7323,-1,-1,-1
507,140,1738.78,656.56,67.67,165.33,0.6423,-1,-1,-1
507,139,639.35,692.77,88.16,291.57,0.7606,-1,-1,-1
507,133,686.89,701.64,120.59,312.95,0.7069,-1,-1,-1
508,141,1779.15,661.11,77.04,178.32,0.6048,-1,-1,-1
508,140,1700.32,655.55,76.29,167.72,0.5625,-1,-1,-1
508,139,592.55,699.04,83.49,294.96,0.7604,-1,-1,-1
508,133,630.65,712.05,129.36,317.45,0.7299,-1,-1,-1
509,141,1744.34,660.33,75.59,180.86,0.7214,-1,-1,-1
509,140,1667.21,665.87,76.99,169.43,0.6941,-1,-1,-1
509,139,542.83,708.32,79.96,304.60,0.6885,-1,-1,-1
509,133,593.96,717.23,112.16,319.80,0.7480,-1,-1,-1
510,141,1709.78,667.57,75.01,181.39,0.6910,-1,-1,-1
510,140,1637.67,670.35,69.95,167.46,0.6841,-1,-1,-1
510,139,487.57,711.70,86.66,304.50,0.6368,-1,-1,-1
510,133,549.07,724.21,105.82,328.99,0.6778,-1,-1,-1
511,141,1676.42,668.31,69.16,182.82,0.7270,-1,-1,-1
511,140,1597.80,672.62,72.00,169.67,0.7163,-1,-1,-1
511,139,433.66,720.14,88.02,295.23,0.6170,-1,-1,-1
511,133,496.81,734.19,106.23,326.81,0.7493,-1,-1,-1
512,141,1640.22,672.89,75.59,184.87,0.6748,-1,-1,-1
512,140,1558.73,670.34,79.66,179.66,0.7048,-1,-1,-1
512,139,378.94,727.94,87.60,314.25,0.5386,-1,-1,-1
512,133,417.08,744.74,136.00,317.99,0.7187,-1,-1,-1
513,141,1607.53,672.00,68.00,190.07,0.6602,-1,-1,-1
513,140,1523.88,670.78,82.56,179.33,0.7517,-1,-1,-1
513,139,276.02,733.71,132.90,315.58,0.6431,-1,-1,-1
513,133,373.42,748.71,125.10,331.29,0.7005,-1,-1,-1
514,145,1627.91,560.82,34.76,80.15,0.3214,-1,-1,-1
514,141,1568.26,672.00,79.59,197.74,0.6809,-1,-1,-1
514,140,1493.74,675.74,74.93,178.81,0.6381,-1,-1,-1
514,139,206.52,740.51,146.80,323.65,0.5430,-1,-1,-1
514,133,309.54,753.94,132.04,324.67,0.7655,-1,-1,-1
515,141,1537.29,673.53,69.93,198.88,0.6555,-1,-1,-1
515,140,1463.59,673.87,73.30,179.72,0.7028,-1,-1,-1
515,139,151.78,750.38,153.61,326.39,0.3866,-1,-1,-1
515,133,262.03,759.95,125.05,318.71,0.6426,-1,-1,-1
516,147,1574.77,561.70,29.96,75.29,0.3186,-1,-1,-1
516,141,1505.08,679.27,72.06,198.21,0.6135,-1,-1,-1
516,140,1430.70,674.07,71.72,179.20,0.7502,-1,-1,-1
516,139,99.35,753.65,129.29,326.35,0.3563,-1,-1,-1
516,133,203.61,764.13,117.91,312.39,0.6320,-1,-1,-1
517,149,1850.39,730.77,68.98,277.78,0.6685,-1,-1,-1
517,141,1473.06,673.13,74.64,201.22,0.6684,-1,-1,-1
517,140,1395.67,672.88,76.60,185.56,0.6919,-1,-1,-1
517,139,81.53,758.14,81.87,256.18,0.3557,-1,-1,-1
517,133,108.27,769.69,158.53,309.56,0.7485,-1,-1,-1
518,149,1821.95,732.01,91.98,273.78,0.6598,-1,-1,-1
518,141,1444.05,682.66,53.10,190.39,0.6113,-1,-1,-1
518,140,1358.11,676.25,83.89,184.37,0.5473,-1,-1,-1
518,139,6.30,759.78,99.83,311.50,0.4864,-1,-1,-1
518,133,64.69,777.85,137.91,302.15,0.6760,-1,-1,-1
519,149,1778.28,732.58,106.61,271.45,0.7417,-1,-1,-1
519,141,1411.58,677.21,60.75,194.77,0.6638,-1,-1,-1
519,140,1321.02,675.70,87.07,186.69,0.6926,-1,-1,-1
519,133,1.17,784.86,148.71,294.80,0.8028,-1,-1,-1
520,149,1749.40,733.39,102.28,274.13,0.5997,-1,-1,-1
520,141,1375.10,677.06,77.00,197.05,0.7173,-1,-1,-1
520,140,1287.83,675.72,87.30,188.45,0.7501,-1,-1,-1
520,133,0.72,791.16,83.83,287.38,0.3818,-1,-1,-1
521,149,1710.52,731.64,109.10,276.16,0.5823,-1,-1,-1
521,141,1349.02,679.04,69.26,203.85,0.7114,-1,-1,-1
521,140,1253.84,682.11,88.43,182.98,0.7218,-1,-1,-1
522,154,1375.49,569.55,47.50,101.42,0.5406,-1,-1,-1
522,149,1661.31,731.92,122.29,277.62,0.3807,-1,-1,-1
522,141,1315.45,677.45,66.87,202.44,0.6766,-1,-1,-1
522,140,1226.56,680.18,81.07,185.13,0.7214,-1,-1,-1
523,154,1350.63,569.09,51.76,102.09,0.5397,-1,-1,-1
523,149,1643.40,729.41,114.17,268.29,0.6684,-1,-1,-1
523,141,1280.37,679.40,74.77,206.37,0.7027,-1,-1,-1
523,140,1194.95,685.12,77.13,180.37,0.7335,-1,-1,-1
524,154,1323.76,570.67,53.90,100.64,0.5652,-1,-1,-1
524,149,1611.49,726.19,111.35,276.22,0.6901,-1,-1,-1
524,141,1250.62,682.03,73.23,206.38,0.7241,-1,-1,-1
524,140,1166.46,687.07,75.25,185.33,0.7116,-1,-1,-1
525,154,1299.90,569.82,53.43,101.86,0.5807,-1,-1,-1
525,149,1578.59,728.11,114.88,274.54,0.7927,-1,-1,-1
525,141,1214.72,677.30,74.01,214.62,0.6378,-1,-1,-1
525,140,1133.82,680.34,71.03,195.32,0.6780,-1,-1,-1
526,154,1276.31,573.21,48.58,99.02,0.5841,-1,-1,-1
526,149,1544.80,723.36,115.38,276.80,0.7747,-1,-1,-1
526,141,1176.76,678.13,82.24,220.31,0.7260,-1,-1,-1
526,140,1100.48,685.84,71.34,195.35,0.7436,-1,-1,-1
527,154,1254.05,573.10,46.68,99.38,0.5492,-1,-1,-1
527,149,1514.59,723.20,112.02,273.10,0.5388,-1,-1,-1
527,141,1143.03,682.55,81.19,219.46,0.6787,-1,-1,-1
527,140,1072.10,684.33,69.51,195.58,0.6848,-1,-1,-1
528,154,1229.88,572.47,49.61,100.47,0.6032,-1,-1,-1
528,149,1477.94,726.57,116.56,268.99,0.7014,-1,-1,-1
528,141,1108.90,685.45,85.83,223.33,0.7577,-1,-1,-1
528,140,1037.00,685.99,71.46,202.82,0.6998,-1,-1,-1
529,154,1207.22,572.22,48.02,101.29,0.5894,-1,-1,-1
529,149,1440.31,727.00,123.05,277.15,0.6298,-1,-1,-1
529,141,1063.14,688.70,99.32,228.02,0.7585,-1,-1,-1
529,140,1003.17,687.80,74.39,209.37,0.7332,-1,-1,-1
530,154,1184.12,572.74,45.66,100.67,0.6141,-1,-1,-1
530,149,1409.73,729.44,126.13,287.49,0.7407,-1,-1,-1
530,141,1030.66,691.53,100.38,229.88,0.6778,-1,-1,-1
530,140,969.00,697.96,75.77,208.95,0.6681,-1,-1,-1
531,154,1162.72,570.28,44.76,103.18,0.6196,-1,-1,-1
531,149,1380.21,726.69,129.89,292.75,0.8186,-1,-1,-1
531,141,995.82,697.72,106.39,230.66,0.7046,-1,-1,-1
531,140,936.24,699.98,76.44,205.06,0.6237,-1,-1,-1
532,154,1142.86,570.87,44.33,106.05,0.6683,-1,-1,-1
532,149,1353.44,734.36,135.22,290.26,0.7075,-1,-1,-1
532,141,962.24,703.36,106.58,238.84,0.6898,-1,-1,-1
532,140,896.55,702.93,85.90,212.62,0.6620,-1,-1,-1
533,154,1118.65,569.60,46.32,107.82,0.6539,-1,-1,-1
533,149,1328.66,736.28,112.52,292.62,0.7370,-1,-1,-1
533,141,939.00,702.31,98.76,242.32,0.7115,-1,-1,-1
533,140,859.90,708.01,86.12,208.21,0.6868,-1,-1,-1
534,154,1097.88,570.77,44.32,109.22,0.6534,-1,-1,-1
534,149,1300.73,738.04,111.72,293.27,0.7134,-1,-1,-1
534,141,914.00,706.39,93.75,232.51,0.7625,-1,-1,-1
534,140,834.09,704.52,83.38,212.68,0.6526,-1,-1,-1
535,154,1076.16,569.71,42.31,110.58,0.6548,-1,-1,-1
535,149,1275.98,739.65,110.41,293.90,0.7397,-1,-1,-1
535,141,882.39,707.65,89.69,244.29,0.7502,-1,-1,-1
535,140,803.10,705.03,82.34,224.05,0.6753,-1,-1,-1
536,154,1057.89,575.50,43.15,107.60,0.5825,-1,-1,-1
536,149,1251.17,738.40,108.05,293.02,0.7714,-1,-1,-1
536,141,845.20,706.55,94.04,251.61,0.8327,-1,-1,-1
536,140,770.77,705.73,76.00,228.30,0.6750,-1,-1,-1
537,154,1036.02,576.17,43.99,106.59,0.6602,-1,-1,-1
537,149,1224.39,733.29,104.29,297.93,0.6898,-1,-1,-1
537,141,818.96,710.23,85.10,251.97,0.7018,-1,-1,-1
537,140,738.37,703.75,64.00,238.24,0.6374,-1,-1,-1
538,154,1016.59,578.62,44.34,109.51,0.6528,-1,-1,-1
538,149,1197.27,736.14,104.63,293.68,0.7851,-1,-1,-1
538,141,777.03,709.62,89.82,260.90,0.6955,-1,-1,-1
538,140,702.22,709.47,66.44,232.05,0.5701,-1,-1,-1
539,154,996.17,577.29,43.10,110.46,0.6729,-1,-1,-1
539,149,1171.88,735.05,106.46,296.72,0.7507,-1,-1,-1
539,141,744.35,714.31,91.73,268.98,0.7925,-1,-1,-1
539,140,666.08,714.46,73.18,230.31,0.7135,-1,-1,-1
540,154,977.49,578.42,43.99,112.30,0.6850,-1,-1,-1
540,149,1141.04,738.43,105.57,303.84,0.7529,-1,-1,-1
540,141,715.80,718.14,79.06,267.69,0.6596,-1,-1,-1
540,140,618.16,717.88,92.68,241.04,0.6409,-1,-1,-1
541,154,956.65,579.95,43.57,112.97,0.6279,-1,-1,-1
541,149,1112.94,741.93,102.80,302.09,0.7246,-1,-1,-1
541,141,669.50,724.76,101.36,275.44,0.6793,-1,-1,-1
541,140,570.03,722.91,107.24,249.44,0.7055,-1,-1,-1
542,154,936.91,583.78,47.73,111.31,0.7008,-1,-1,-1
542,149,1068.53,751.40,120.51,313.09,0.6387,-1,-1,-1
542,141,632.07,731.71,104.46,272.69,0.7090,-1,-1,-1
542,140,523.07,725.30,121.80,249.47,0.6915,-1,-1,-1
543,154,916.77,584.40,48.30,110.73,0.6850,-1,-1,-1
543,149,1051.77,752.98,111.46,305.86,0.7282,-1,-1,-1
543,141,597.32,736.71,102.11,281.68,0.7805,-1,-1,-1
543,140,486.89,732.51,129.88,256.47,0.7031,-1,-1,-1
544,154,895.48,585.87,47.09,111.99,0.7091,-1,-1,-1
544,149,1025.54,760.57,110.09,308.96,0.7078,-1,-1,-1
544,141,558.39,748.26,106.84,300.50,0.7095,-1,-1,-1
544,140,450.06,747.43,133.97,259.85,0.7271,-1,-1,-1
545,154,876.72,583.58,50.56,112.28,0.7020,-1,-1,-1
545,149,991.17,755.39,116.37,316.29,0.7430,-1,-1,-1
545,141,526.47,747.18,107.55,294.02,0.7579,-1,-1,-1
545,140,421.12,747.32,134.04,246.74,0.7180,-1,-1,-1
546,154,857.15,585.11,47.92,111.85,0.7117,-1,-1,-1
546,149,971.48,757.89,112.22,309.15,0.6960,-1,-1,-1
546,141,487.19,749.42,111.76,303.62,0.7639,-1,-1,-1
546,140,388.42,744.67,120.94,260.07,0.7421,-1,-1,-1
547,154,837.48,584.52,50.97,112.41,0.7230,-1,-1,-1
547,149,934.91,754.97,123.70,313.74,0.7432,-1,-1,-1
547,141,456.66,753.43,101.02,297.25,0.8201,-1,-1,-1
547,140,359.79,747.01,101.60,264.27,0.7222,-1,-1,-1
548,154,818.40,584.95,52.39,112.20,0.7541,-1,-1,-1
548,149,914.88,762.25,116.17,302.65,0.7660,-1,-1,-1
548,141,415.56,752.76,99.26,305.99,0.7997,-1,-1,-1
548,140,317.99,751.69,101.30,274.47,0.7353,-1,-1,-1
549,154,796.55,581.77,54.09,114.06,0.7152,-1,-1,-1
549,149,883.99,752.54,122.19,312.24,0.7787,-1,-1,-1
549,141,373.34,758.11,109.55,311.91,0.7928,-1,-1,-1
549,140,280.41,759.92,102.62,270.37,0.7638,-1,-1,-1
550,154,779.25,583.44,53.11,116.08,0.7180,-1,-1,-1
550,149,861.74,758.41,117.42,309.46,0.7355,-1,-1,-1
550,141,333.52,759.86,118.10,313.12,0.7551,-1,-1,-1
550,140,241.90,758.81,98.90,284.45,0.7296,-1,-1,-1
551,154,760.95,585.40,50.88,116.15,0.6976,-1,-1,-1
551,149,846.89,775.01,108.12,293.62,0.6300,-1,-1,-1
551,141,289.12,765.40,108.23,306.27,0.7215,-1,-1,-1
551,140,196.13,762.18,99.53,299.33,0.7375,-1,-1,-1
552,154,742.28,584.79,55.51,114.58,0.7550,-1,-1,-1
552,149,802.96,713.42,127.50,364.06,0.7284,-1,-1,-1
552,141,241.84,768.58,114.44,310.38,0.7922,-1,-1,-1
552,140,154.86,768.72,100.75,307.66,0.6999,-1,-1,-1
553,154,723.22,582.13,56.04,118.37,0.7020,-1,-1,-1
553,149,792.45,745.40,116.26,334.34,0.7112,-1,-1,-1
553,141,190.95,777.45,118.93,302.21,0.7403,-1,-1,-1
553,140,105.72,774.21,102.21,305.79,0.6907,-1,-1,-1
554,154,703.60,581.93,56.70,119.50,0.7028,-1,-1,-1
554,149,766.51,759.09,118.38,320.34,0.7555,-1,-1,-1
554,141,141.12,783.19,127.11,296.81,0.7762,-1,-1,-1
554,140,62.90,782.50,104.97,296.22,0.7076,-1,-1,-1
555,160,765.34,545.42,39.69,79.80,0.4223,-1,-1,-1
555,154,688.03,584.79,51.72,118.23,0.7199,-1,-1,-1
555,149,718.57,760.50,141.86,311.75,0.7079,-1,-1,-1
555,141,97.01,797.46,136.62,282.54,0.7606,-1,-1,-1
555,140,15.63,791.89,108.19,286.70,0.7461,-1,-1,-1
556,154,668.57,580.59,54.51,120.88,0.7646,-1,-1,-1
556,149,699.35,763.38,130.76,297.39,0.7484,-1,-1,-1
556,141,50.88,805.87,125.93,273.48,0.7984,-1,-1,-1
556,140,0.26,798.51,72.58,281.49,0.6621,-1,-1,-1
557,160,736.36,546.28,37.96,77.70,0.4038,-1,-1,-1
557,154,651.14,578.84,52.25,121.15,0.7394,-1,-1,-1
557,149,683.84,765.98,122.10,313.91,0.7033,-1,-1,-1
557,141,0.40,816.46,126.19,262.51,0.8290,-1,-1,-1
558,154,631.85,576.37,55.86,125.52,0.7542,-1,-1,-1
558,149,652.61,764.08,126.21,310.99,0.7618,-1,-1,-1
558,141,0.30,818.45,64.76,256.53,0.7041,-1,-1,-1
559,160,701.09,539.35,36.84,82.86,0.3742,-1,-1,-1
559,154,615.58,576.36,53.37,126.13,0.7399,-1,-1,-1
559,149,627.14,765.34,127.90,311.10,0.8014,-1,-1,-1
560,160,688.46,536.82,39.85,83.98,0.3469,-1,-1,-1
560,154,597.09,581.24,52.89,125.47,0.7685,-1,-1,-1
560,149,608.82,759.42,122.17,320.58,0.7896,-1,-1,-1
561,154,578.95,574.81,59.02,131.65,0.7433,-1,-1,-1
561,149,578.24,757.38,126.04,322.62,0.8303,-1,-1,-1
562,160,667.42,544.46,26.60,78.06,0.3064,-1,-1,-1
562,154,561.13,580.91,58.53,129.31,0.7129,-1,-1,-1
562,149,550.86,757.53,127.78,322.47,0.7902,-1,-1,-1
563,154,544.60,584.02,61.21,130.22,0.7622,-1,-1,-1
563,149,530.26,756.68,120.72,323.03,0.8607,-1,-1,-1
564,154,531.44,586.00,59.70,126.84,0.6850,-1,-1,-1
564,149,502.48,759.19,124.93,320.81,0.8213,-1,-1,-1
565,154,512.52,583.80,60.81,132.44,0.7132,-1,-1,-1
565,149,472.08,761.90,132.18,318.10,0.7226,-1,-1,-1
566,154,494.91,585.55,65.60,130.33,0.7681,-1,-1,-1
566,149,435.20,767.12,146.69,312.88,0.7201,-1,-1,-1
567,154,481.28,588.08,62.50,132.62,0.7736,-1,-1,-1
567,149,417.03,779.65,140.92,300.35,0.8360,-1,-1,-1
568,154,462.04,587.84,64.71,134.55,0.7329,-1,-1,-1
568,149,378.13,786.14,154.38,292.48,0.7891,-1,-1,-1
569,154,441.16,588.24,72.18,136.63,0.6927,-1,-1,-1
569,149,356.70,790.45,155.43,289.55,0.7918,-1,-1,-1
570,154,428.95,588.09,67.79,139.24,0.7266,-1,-1,-1
570,149,329.65,790.17,156.03,288.81,0.7937,-1,-1,-1
571,154,413.71,591.61,68.06,138.41,0.7143,-1,-1,-1
571,149,304.96,795.49,156.77,284.51,0.8198,-1,-1,-1
572,162,1855.87,588.17,63.54,163.81,0.4285,-1,-1,-1
572,154,396.25,595.71,69.42,137.08,0.6667,-1,-1,-1
572,149,283.87,798.11,150.31,278.63,0.5799,-1,-1,-1
573,162,1864.62,590.13,54.74,160.78,0.4565,-1,-1,-1
573,154,380.81,594.18,67.95,142.50,0.7179,-1,-1,-1
573,149,264.62,797.90,145.73,230.25,0.5712,-1,-1,-1
574,162,1857.18,588.29,51.67,161.13,0.4107,-1,-1,-1
574,154,365.49,597.95,71.01,140.92,0.7032,-1,-1,-1
574,149,221.68,799.49,159.26,280.09,0.5450,-1,-1,-1
575,154,344.54,598.29,73.81,140.15,0.7109,-1,-1,-1
575,149,205.60,799.71,148.05,231.38,0.6266,-1,-1,-1
576,162,1833.51,587.04,64.93,174.33,0.3967,-1,-1,-1
576,154,328.57,598.61,73.67,145.31,0.7440,-1,-1,-1
576,149,165.23,806.70,160.26,271.67,0.6861,-1,-1,-1
577,162,1828.03,582.01,62.86,181.45,0.4352,-1,-1,-1
577,154,311.94,599.30,75.93,144.03,0.6861,-1,-1,-1
577,149,145.52,808.58,153.60,217.15,0.5246,-1,-1,-1
578,154,293.94,597.13,76.11,150.52,0.7531,-1,-1,-1
578,149,107.02,811.63,164.45,267.45,0.4197,-1,-1,-1
579,162,1815.22,587.26,57.70,179.63,0.5375,-1,-1,-1
579,154,278.27,597.64,71.86,152.42,0.7546,-1,-1,-1
579,149,83.48,819.02,160.87,211.51,0.5874,-1,-1,-1
580,162,1809.23,591.97,58.83,177.69,0.6316,-1,-1,-1
580,154,263.80,600.95,73.85,150.00,0.6792,-1,-1,-1
580,149,52.83,823.82,161.94,245.97,0.4695,-1,-1,-1
581,162,1802.88,590.55,60.81,181.63,0.4669,-1,-1,-1
581,154,245.59,596.11,74.64,159.29,0.7599,-1,-1,-1
581,149,5.57,829.59,177.39,250.41,0.7612,-1,-1,-1
582,162,1795.03,589.54,64.15,184.55,0.5945,-1,-1,-1
582,154,230.50,598.74,71.49,157.76,0.7674,-1,-1,-1
582,149,0.78,833.96,156.61,246.04,0.8052,-1,-1,-1
583,162,1789.15,606.27,65.13,168.07,0.5118,-1,-1,-1
583,154,210.20,599.66,79.85,160.04,0.7500,-1,-1,-1
583,149,0.14,836.10,131.16,234.30,0.6359,-1,-1,-1
584,162,1783.14,616.39,63.85,158.86,0.4758,-1,-1,-1
584,154,195.10,598.24,79.77,167.96,0.7857,-1,-1,-1
584,149,0.29,835.29,99.89,239.67,0.7331,-1,-1,-1
585,162,1778.26,606.39,65.08,166.51,0.3032,-1,-1,-1
585,154,186.38,601.12,75.09,172.29,0.8118,-1,-1,-1
585,149,0.23,844.78,71.12,234.00,0.7107,-1,-1,-1
586,162,1775.16,585.97,64.09,185.28,0.3877,-1,-1,-1
586,154,167.43,605.34,79.57,169.12,0.7214,-1,-1,-1
586,149,0.34,924.28,41.90,155.72,0.5272,-1,-1,-1
587,166,1235.40,524.96,29.05,77.57,0.3213,-1,-1,-1
587,162,1775.01,590.77,53.81,162.66,0.3609,-1,-1,-1
587,154,155.40,607.93,82.58,169.74,0.7766,-1,-1,-1
588,162,1773.01,585.68,56.69,163.69,0.4647,-1,-1,-1
588,154,141.53,609.68,82.12,173.73,0.7847,-1,-1,-1
589,162,1767.85,583.20,55.58,162.98,0.5747,-1,-1,-1
589,154,126.58,612.98,85.71,173.40,0.7701,-1,-1,-1
590,166,1225.16,517.51,31.88,85.86,0.3808,-1,-1,-1
590,162,1766.02,581.48,58.91,171.57,0.6643,-1,-1,-1
590,154,114.00,613.92,85.41,177.74,0.7595,-1,-1,-1
591,166,1225.39,527.37,30.18,75.85,0.4288,-1,-1,-1
591,162,1765.17,581.91,61.52,169.99,0.7535,-1,-1,-1
591,154,99.21,613.95,82.81,179.54,0.7864,-1,-1,-1
592,166,1226.48,528.62,27.96,74.46,0.3653,-1,-1,-1
592,162,1764.19,578.91,62.73,167.77,0.7304,-1,-1,-1
592,154,85.05,618.38,86.50,175.55,0.7911,-1,-1,-1
593,167,332.22,534.83,42.85,98.43,0.5746,-1,-1,-1
593,166,1224.30,528.26,28.07,75.26,0.4408,-1,-1,-1
593,162,1763.95,582.72,62.69,168.53,0.7709,-1,-1,-1
593,154,71.66,617.08,85.93,183.07,0.7664,-1,-1,-1
594,167,330.91,536.50,38.31,97.12,0.4647,-1,-1,-1
594,166,1223.27,528.65,29.49,74.07,0.4169,-1,-1,-1
594,162,1760.64,580.08,67.62,173.28,0.7170,-1,-1,-1
594,154,55.39,620.84,92.89,184.73,0.7571,-1,-1,-1
595,167,325.65,536.43,41.10,95.61,0.5055,-1,-1,-1
595,166,1223.05,527.58,29.41,77.03,0.4104,-1,-1,-1
595,162,1748.57,581.73,82.58,177.83,0.7265,-1,-1,-1
595,154,44.13,620.70,87.56,188.75,0.7901,-1,-1,-1
596,167,319.31,536.00,43.99,97.82,0.5002,-1,-1,-1
596,166,1225.22,527.03,29.18,76.46,0.4214,-1,-1,-1
596,162,1748.59,581.01,84.20,178.04,0.7313,-1,-1,-1
596,154,29.29,625.90,90.64,189.24,0.7924,-1,-1,-1
597,167,314.72,531.50,41.88,105.27,0.6778,-1,-1,-1
597,166,1227.25,527.78,27.59,76.45,0.3632,-1,-1,-1
597,162,1757.21,587.78,77.68,170.65,0.7493,-1,-1,-1
597,154,14.97,626.51,91.50,192.49,0.7593,-1,-1,-1
598,167,310.38,536.52,42.07,104.92,0.5368,-1,-1,-1
598,166,1228.36,528.12,27.15,76.21,0.3442,-1,-1,-1
598,162,1759.67,585.95,80.88,170.60,0.7622,-1,-1,-1
598,154,1.59,637.58,97.76,191.72,0.7893,-1,-1,-1
599,167,308.82,542.80,41.54,98.13,0.5001,-1,-1,-1
599,166,1230.37,525.22,28.19,79.83,0.4843,-1,-1,-1
599,162,1765.09,583.11,81.53,173.61,0.7710,-1,-1,-1
599,154,0.92,639.04,83.08,192.46,0.7888,-1,-1,-1
600,167,303.74,544.99,44.44,98.01,0.4885,-1,-1,-1
600,166,1231.53,519.96,29.73,85.23,0.5883,-1,-1,-1
600,162,1765.94,581.74,81.84,177.83,0.7866,-1,-1,-1
600,154,0.21,648.07,73.32,190.79,0.7800,-1,-1,-1
601,167,297.92,539.09,48.36,105.03,0.4743,-1,-1,-1
601,166,1233.24,523.34,29.06,82.25,0.4027,-1,-1,-1
601,162,1777.35,579.96,72.37,179.33,0.7812,-1,-1,-1
601,154,0.00,650.18,60.40,192.15,0.7084,-1,-1,-1
602,167,293.98,536.29,49.86,110.36,0.4390,-1,-1,-1
602,166,1234.35,521.17,28.73,84.00,0.3451,-1,-1,-1
602,162,1785.78,576.49,66.17,182.76,0.7092,-1,-1,-1
602,154,0.00,662.83,49.09,180.95,0.5063,-1,-1,-1
603,167,290.92,521.69,48.83,126.44,0.5473,-1,-1,-1
603,166,1235.31,519.16,31.31,88.36,0.4015,-1,-1,-1
603,162,1790.13,579.56,62.57,182.21,0.6267,-1,-1,-1
603,154,0.16,673.92,34.35,175.36,0.4418,-1,-1,-1
604,167,289.04,547.64,47.61,101.71,0.6032,-1,-1,-1
604,166,1237.38,520.00,30.22,88.33,0.5441,-1,-1,-1
604,162,1803.18,574.45,50.65,187.78,0.4708,-1,-1,-1
605,167,285.21,515.55,52.25,132.61,0.4658,-1,-1,-1
605,166,1239.75,518.58,29.81,88.18,0.6184,-1,-1,-1
605,162,1812.54,582.70,46.59,181.81,0.5073,-1,-1,-1
606,167,282.27,532.71,50.57,116.60,0.5506,-1,-1,-1
606,166,1243.16,514.47,28.03,91.29,0.6176,-1,-1,-1
607,167,279.91,543.48,50.69,107.18,0.5707,-1,-1,-1
607,166,1244.16,515.14,29.42,91.25,0.6150,-1,-1,-1
608,167,277.84,542.53,48.95,105.86,0.6193,-1,-1,-1
608,166,1247.06,517.06,29.88,90.20,0.3056,-1,-1,-1
609,167,276.61,547.64,48.39,97.75,0.4790,-1,-1,-1
609,166,1250.63,518.52,31.78,89.64,0.5400,-1,-1,-1
610,167,273.97,522.94,49.93,120.81,0.5588,-1,-1,-1
610,166,1252.32,517.72,33.35,91.96,0.4885,-1,-1,-1
611,167,271.10,509.31,51.48,134.06,0.5754,-1,-1,-1
611,166,1255.69,515.80,29.61,97.27,0.4306,-1,-1,-1
611,162,1819.42,587.88,45.02,178.14,0.3931,-1,-1,-1
612,167,268.03,503.65,50.24,140.66,0.6364,-1,-1,-1
612,166,1259.72,520.77,29.55,93.19,0.4563,-1,-1,-1
612,162,1824.93,591.55,44.85,181.26,0.4175,-1,-1,-1
613,167,263.34,497.64,54.58,145.72,0.6915,-1,-1,-1
613,166,1263.39,523.08,29.57,91.81,0.5647,-1,-1,-1
613,162,1828.62,596.22,50.80,179.42,0.5437,-1,-1,-1
614,167,260.64,498.73,54.58,145.64,0.7441,-1,-1,-1
614,166,1266.07,524.13,29.59,90.38,0.6230,-1,-1,-1
614,162,1834.56,596.42,62.77,188.82,0.5615,-1,-1,-1
615,167,258.49,497.76,52.06,147.00,0.7417,-1,-1,-1
615,166,1267.35,524.62,30.31,90.85,0.6176,-1,-1,-1
615,162,1839.52,601.53,63.11,196.23,0.5269,-1,-1,-1
616,167,255.77,500.55,48.91,144.44,0.6223,-1,-1,-1
616,166,1269.37,527.49,31.05,94.57,0.6313,-1,-1,-1
616,162,1848.09,604.55,58.13,192.27,0.5742,-1,-1,-1
617,167,253.84,501.62,50.43,142.16,0.6408,-1,-1,-1
617,166,1272.76,528.29,30.73,96.67,0.5781,-1,-1,-1
617,162,1852.12,612.25,53.34,190.00,0.5700,-1,-1,-1
618,167,250.16,504.09,49.39,141.35,0.6321,-1,-1,-1
618,166,1275.05,531.48,32.56,96.24,0.5520,-1,-1,-1
618,162,1854.58,610.44,64.82,198.34,0.6583,-1,-1,-1
619,167,248.30,506.80,49.52,141.18,0.6442,-1,-1,-1
619,166,1275.92,532.29,34.42,95.81,0.6065,-1,-1,-1
619,162,1861.79,608.45,57.61,204.57,0.6308,-1,-1,-1
620,167,246.08,506.71,50.01,142.09,0.5913,-1,-1,-1
620,166,1276.05,532.59,37.32,99.25,0.6345,-1,-1,-1
620,162,1869.51,609.66,49.89,207.71,0.6597,-1,-1,-1
621,167,244.21,501.38,49.59,148.54,0.6211,-1,-1,-1
621,166,1283.47,529.78,34.17,103.50,0.6012,-1,-1,-1
621,162,1877.80,609.84,41.62,206.43,0.5312,-1,-1,-1
622,167,241.38,501.91,49.02,147.86,0.6679,-1,-1,-1
622,166,1288.56,530.30,30.26,106.29,0.5723,-1,-1,-1
622,162,1881.45,611.07,37.97,198.51,0.6150,-1,-1,-1
623,167,238.46,499.60,48.86,155.64,0.6353,-1,-1,-1
623,166,1292.72,528.14,34.94,103.99,0.6336,-1,-1,-1
623,162,1888.18,602.88,31.26,194.96,0.3995,-1,-1,-1
624,167,237.63,499.85,48.03,152.67,0.6681,-1,-1,-1
624,166,1295.89,530.69,36.14,105.49,0.6204,-1,-1,-1
625,168,308.51,484.06,19.35,38.04,0.3716,-1,-1,-1
625,167,236.32,513.29,48.35,145.17,0.6583,-1,-1,-1
625,166,1301.08,536.70,35.66,102.16,0.6306,-1,-1,-1
626,167,235.46,523.06,49.31,132.46,0.6768,-1,-1,-1
626,166,1305.07,530.63,43.19,109.38,0.5577,-1,-1,-1
627,168,310.19,486.89,18.75,37.21,0.3051,-1,-1,-1
627,167,235.00,538.46,47.64,124.45,0.6342,-1,-1,-1
627,166,1313.18,529.73,37.93,109.84,0.6457,-1,-1,-1
628,167,235.06,539.20,48.82,122.98,0.6432,-1,-1,-1
628,166,1318.56,531.88,38.64,107.62,0.6344,-1,-1,-1
629,168,310.63,491.37,18.32,37.06,0.4424,-1,-1,-1
629,167,234.63,554.52,47.36,115.42,0.7023,-1,-1,-1
629,166,1324.07,530.47,39.46,105.79,0.7119,-1,-1,-1
630,168,312.39,491.64,19.04,36.98,0.3590,-1,-1,-1
630,167,235.44,549.96,48.10,119.84,0.6718,-1,-1,-1
630,166,1330.96,530.38,43.23,107.46,0.6758,-1,-1,-1
631,167,235.93,551.90,52.13,117.76,0.6439,-1,-1,-1
631,166,1340.70,528.57,38.10,109.83,0.6767,-1,-1,-1
632,167,237.96,553.34,52.49,119.75,0.6213,-1,-1,-1
632,166,1346.61,531.44,40.81,108.31,0.7133,-1,-1,-1
633,167,238.35,549.94,54.83,124.66,0.6104,-1,-1,-1
633,166,1354.05,536.45,43.58,108.51,0.6610,-1,-1,-1
634,167,240.06,552.24,50.13,125.72,0.6025,-1,-1,-1
634,166,1363.86,537.00,40.03,107.16,0.6403,-1,-1,-1
635,167,241.60,548.05,53.01,129.03,0.5525,-1,-1,-1
635,166,1368.93,531.06,44.82,119.61,0.7261,-1,-1,-1
636,167,243.67,549.35,51.21,129.89,0.5858,-1,-1,-1
636,166,1378.39,539.75,42.25,112.80,0.6075,-1,-1,-1
637,167,245.17,538.73,54.36,142.56,0.5290,-1,-1,-1
637,166,1389.63,538.25,40.22,115.49,0.4788,-1,-1,-1
638,167,246.27,532.16,54.10,151.04,0.6135,-1,-1,-1
638,166,1397.36,538.21,43.57,122.11,0.6068,-1,-1,-1
639,167,248.63,537.12,54.51,148.86,0.6494,-1,-1,-1
639,166,1413.03,552.18,36.38,110.62,0.4546,-1,-1,-1
640,167,251.22,535.08,52.04,152.83,0.6532,-1,-1,-1
640,166,1418.82,554.20,40.37,106.65,0.3663,-1,-1,-1
641,167,254.73,538.69,52.13,151.08,0.6610,-1,-1,-1
641,166,1431.19,553.14,37.64,104.91,0.5201,-1,-1,-1
642,167,257.50,534.59,52.10,155.43,0.5651,-1,-1,-1
642,166,1442.59,559.50,38.98,105.81,0.5636,-1,-1,-1
643,167,259.56,530.18,50.88,162.63,0.5509,-1,-1,-1
643,166,1455.64,562.50,36.07,95.51,0.3614,-1,-1,-1
644,167,262.76,529.42,47.70,162.96,0.4252,-1,-1,-1
645,167,266.99,572.57,47.55,122.26,0.3866,-1,-1,-1
645,166,1480.52,564.56,34.55,71.41,0.4168,-1,-1,-1
646,167,271.88,572.77,46.88,124.43,0.4149,-1,-1,-1
646,166,1489.16,563.84,41.35,71.28,0.4659,-1,-1,-1
647,167,275.57,535.31,43.75,161.09,0.4648,-1,-1,-1
648,167,279.53,565.73,47.16,130.74,0.5230,-1,-1,-1
649,167,282.98,534.49,45.58,154.80,0.4947,-1,-1,-1
650,167,285.19,531.49,49.23,162.64,0.5944,-1,-1,-1
651,167,291.67,530.53,50.67,166.43,0.4295,-1,-1,-1
652,167,300.45,554.85,45.63,126.62,0.5726,-1,-1,-1
653,167,309.16,557.73,42.53,128.19,0.3339,-1,-1,-1
654,167,312.48,556.62,41.70,135.12,0.5725,-1,-1,-1
655,167,319.83,518.29,42.64,167.76,0.4947,-1,-1,-1
656,169,1634.77,563.95,49.22,54.64,0.3289,-1,-1,-1
656,167,327.37,533.35,45.58,166.27,0.5397,-1,-1,-1
657,169,1657.66,564.77,46.23,61.65,0.3428,-1,-1,-1
657,167,335.49,532.25,45.84,171.55,0.5527,-1,-1,-1
658,169,1676.32,570.99,44.45,61.81,0.3259,-1,-1,-1
658,167,347.47,578.11,44.55,129.44,0.3957,-1,-1,-1
659,167,347.50,590.14,51.82,132.30,0.3628,-1,-1,-1
660,167,358.86,590.41,46.55,129.82,0.4928,-1,-1,-1
661,169,1723.50,599.17,60.14,64.70,0.3983,-1,-1,-1
661,167,359.04,592.05,51.43,132.17,0.5644,-1,-1,-1
662,169,1749.19,608.27,55.33,59.77,0.3078,-1,-1,-1
662,167,366.13,597.02,53.99,125.38,0.5371,-1,-1,-1
663,167,379.62,599.47,47.22,119.95,0.5338,-1,-1,-1
664,167,381.84,592.21,55.53,126.01,0.6048,-1,-1,-1
665,167,389.07,597.63,56.87,117.99,0.4864,-1,-1,-1
666,167,393.31,592.98,65.25,120.42,0.6451,-1,-1,-1
667,167,395.22,586.28,76.18,128.23,0.5625,-1,-1,-1
668,173,388.23,523.69,27.81,75.51,0.5840,-1,-1,-1
668,167,396.27,581.50,89.14,138.03,0.6015,-1,-1,-1
669,173,395.15,517.62,25.10,77.43,0.3687,-1,-1,-1
669,167,405.68,574.35,97.96,141.84,0.4368,-1,-1,-1
670,173,400.67,512.98,29.06,80.73,0.6400,-1,-1,-1
670,167,415.00,571.49,99.71,143.25,0.6280,-1,-1,-1
671,173,405.05,512.01,27.42,77.04,0.4918,-1,-1,-1
671,167,428.23,568.55,95.67,145.04,0.5773,-1,-1,-1
672,173,411.61,509.13,27.76,75.73,0.4464,-1,-1,-1
674,167,503.13,559.01,57.39,139.23,0.3765,-1,-1,-1
675,173,428.14,492.40,32.43,83.59,0.3888,-1,-1,-1
675,167,476.85,558.95,99.14,145.51,0.3073,-1,-1,-1
676,174,560.35,480.09,21.40,48.51,0.3294,-1,-1,-1
676,173,431.31,499.03,30.39,81.41,0.5481,-1,-1,-1
677,174,572.14,482.24,19.41,43.32,0.3755,-1,-1,-1
677,173,437.54,492.84,34.86,85.60,0.4568,-1,-1,-1
678,173,440.88,496.55,36.32,86.89,0.3781,-1,-1,-1
678,167,537.86,566.87,82.56,140.55,0.3029,-1,-1,-1
679,173,449.53,511.18,35.82,82.18,0.3658,-1,-1,-1
679,167,535.00,574.03,100.23,145.18,0.5507,-1,-1,-1
680,174,595.15,487.23,18.62,43.85,0.3311,-1,-1,-1
680,167,573.64,568.71,74.67,138.69,0.3369,-1,-1,-1
681,167,586.39,596.96,79.06,140.98,0.4259,-1,-1,-1
682,167,605.15,618.87,72.02,138.56,0.3643,-1,-1,-1
683,173,463.05,520.90,31.71,89.27,0.3562,-1,-1,-1
683,167,619.53,593.52,59.75,135.82,0.3247,-1,-1,-1
685,173,470.13,518.66,32.58,80.78,0.4302,-1,-1,-1
686,173,474.51,509.38,30.88,82.32,0.4772,-1,-1,-1
686,167,662.00,572.84,49.72,126.71,0.4335,-1,-1,-1
687,173,483.20,507.28,32.41,79.74,0.4380,-1,-1,-1
688,176,633.23,480.32,20.12,49.50,0.3046,-1,-1,-1
688,173,485.58,506.37,29.37,80.91,0.3714,-1,-1,-1
688,167,655.46,573.66,111.15,143.39,0.3346,-1,-1,-1
689,167,663.70,567.42,112.19,150.25,0.4299,-1,-1,-1
690,173,495.33,502.60,27.32,82.46,0.4601,-1,-1,-1
690,167,679.76,564.33,110.01,151.71,0.4673,-1,-1,-1
691,177,652.86,474.91,19.79,49.76,0.3808,-1,-1,-1
691,173,501.86,504.93,25.87,79.42,0.3191,-1,-1,-1
691,167,699.06,566.01,107.90,152.38,0.5910,-1,-1,-1
692,177,658.07,475.58,17.23,47.55,0.3409,-1,-1,-1
692,173,507.74,500.70,27.56,82.24,0.5557,-1,-1,-1
692,167,718.39,570.69,100.12,146.15,0.4485,-1,-1,-1
693,177,667.17,475.87,20.59,47.54,0.3272,-1,-1,-1
693,173,510.57,496.09,34.50,89.14,0.3797,-1,-1,-1
693,167,770.78,574.33,64.15,144.91,0.5265,-1,-1,-1
694,177,671.86,475.88,19.53,52.34,0.3577,-1,-1,-1
694,173,510.86,498.70,36.60,88.32,0.4959,-1,-1,-1
694,167,773.89,581.93,81.67,140.98,0.4824,-1,-1,-1
695,177,677.07,476.59,20.09,53.52,0.4105,-1,-1,-1
695,173,517.09,501.13,32.70,87.18,0.5216,-1,-1,-1
695,167,791.29,585.51,79.72,147.47,0.3589,-1,-1,-1
696,173,527.84,501.87,31.08,81.22,0.4354,-1,-1,-1
697,173,529.67,504.48,32.09,82.12,0.4876,-1,-1,-1
698,177,695.12,477.76,19.24,52.31,0.3747,-1,-1,-1
698,173,532.57,500.34,31.81,89.43,0.4726,-1,-1,-1
699,177,699.16,476.67,20.91,53.60,0.4810,-1,-1,-1
699,173,534.03,500.38,34.91,90.38,0.3016,-1,-1,-1
699,167,841.83,582.64,96.59,158.53,0.5795,-1,-1,-1
700,177,702.78,479.68,19.89,52.62,0.4618,-1,-1,-1
700,173,537.17,501.34,35.46,93.06,0.5291,-1,-1,-1
700,167,853.71,583.90,104.41,159.69,0.5896,-1,-1,-1
701,173,544.25,505.49,32.45,89.87,0.4020,-1,-1,-1
701,167,883.99,590.96,90.56,156.92,0.4996,-1,-1,-1
702,177,718.73,478.50,18.87,54.39,0.4286,-1,-1,-1
702,173,550.56,507.70,32.97,86.11,0.3615,-1,-1,-1
702,167,929.10,599.66,64.70,153.24,0.5880,-1,-1,-1
703,177,721.63,472.91,22.15,60.75,0.4188,-1,-1,-1
703,173,554.61,504.74,32.15,90.35,0.5535,-1,-1,-1
703,167,952.08,604.56,59.67,153.84,0.5382,-1,-1,-1
704,177,725.65,476.49,20.90,60.65,0.3653,-1,-1,-1
704,173,555.24,508.94,34.56,91.53,0.5844,-1,-1,-1
704,167,955.47,611.77,73.42,154.84,0.6488,-1,-1,-1
705,182,746.70,482.69,18.15,52.90,0.3032,-1,-1,-1
705,177,727.77,476.67,21.00,59.65,0.4064,-1,-1,-1
705,173,554.20,508.10,40.97,94.63,0.5362,-1,-1,-1
705,167,977.35,612.60,67.62,155.82,0.6480,-1,-1,-1
706,177,738.19,485.57,23.36,52.90,0.3615,-1,-1,-1
706,173,562.46,510.78,33.47,92.89,0.6111,-1,-1,-1
706,167,984.55,615.58,80.74,159.63,0.7584,-1,-1,-1
707,177,740.02,489.40,21.53,51.82,0.3385,-1,-1,-1
707,173,564.58,512.93,33.07,95.64,0.6615,-1,-1,-1
707,167,993.52,613.63,90.96,169.37,0.7430,-1,-1,-1
708,177,743.00,490.26,21.43,52.78,0.3704,-1,-1,-1
708,173,567.35,517.64,32.56,95.77,0.6888,-1,-1,-1
708,167,992.35,615.65,110.47,173.35,0.6750,-1,-1,-1
709,177,745.55,492.52,22.24,54.08,0.3615,-1,-1,-1
709,173,568.70,520.03,34.17,98.60,0.6433,-1,-1,-1
709,167,999.69,608.96,125.80,179.80,0.7640,-1,-1,-1
710,177,749.10,501.64,20.04,52.75,0.3879,-1,-1,-1
710,173,575.05,530.58,33.87,89.58,0.6401,-1,-1,-1
710,167,1015.64,622.23,126.38,179.52,0.7749,-1,-1,-1
711,177,749.96,503.67,19.61,52.04,0.4155,-1,-1,-1
711,173,575.41,533.89,34.46,88.55,0.5300,-1,-1,-1
711,167,1048.28,619.90,115.77,176.56,0.7114,-1,-1,-1
712,177,756.33,505.34,30.13,52.70,0.3842,-1,-1,-1
712,173,575.90,535.19,36.85,93.51,0.7176,-1,-1,-1
712,167,1072.66,633.63,106.69,177.16,0.4791,-1,-1,-1
713,177,760.81,505.74,23.52,50.27,0.3479,-1,-1,-1
713,173,575.64,534.76,37.35,95.04,0.7377,-1,-1,-1
713,167,1126.95,631.28,72.53,168.78,0.5801,-1,-1,-1
714,177,762.02,510.63,20.32,53.70,0.4310,-1,-1,-1
714,173,579.64,542.67,36.92,99.50,0.6552,-1,-1,-1
714,167,1128.17,636.56,99.25,169.78,0.7376,-1,-1,-1
715,177,764.11,503.44,20.26,61.73,0.4268,-1,-1,-1
715,173,579.42,539.28,38.60,103.07,0.5899,-1,-1,-1
715,167,1139.78,634.96,100.12,174.07,0.7458,-1,-1,-1
716,177,768.60,503.02,23.92,61.03,0.4143,-1,-1,-1
716,173,581.20,544.07,37.81,101.00,0.5083,-1,-1,-1
716,167,1154.86,631.08,103.53,179.93,0.7685,-1,-1,-1
717,177,771.14,510.28,21.90,52.80,0.3214,-1,-1,-1
717,173,579.35,544.91,40.14,101.70,0.5572,-1,-1,-1
717,167,1172.68,628.81,104.29,185.12,0.7814,-1,-1,-1
718,177,772.83,509.41,23.20,55.39,0.3733,-1,-1,-1
718,173,585.37,553.19,35.07,96.67,0.4840,-1,-1,-1
718,167,1189.15,624.47,110.05,196.27,0.7915,-1,-1,-1
719,173,584.56,546.94,38.46,100.38,0.5348,-1,-1,-1
719,167,1210.37,632.79,110.86,193.29,0.6613,-1,-1,-1
720,173,585.26,551.75,39.67,102.11,0.5676,-1,-1,-1
720,167,1229.37,631.92,114.76,198.23,0.6719,-1,-1,-1
721,177,782.70,513.25,25.48,55.47,0.3461,-1,-1,-1
721,173,587.85,551.48,41.55,103.14,0.4921,-1,-1,-1
721,167,1262.01,636.58,96.53,170.91,0.4771,-1,-1,-1
722,177,785.47,517.07,23.02,51.31,0.3635,-1,-1,-1
722,173,592.71,553.73,37.66,102.34,0.5360,-1,-1,-1
722,167,1296.51,648.42,84.99,198.30,0.4725,-1,-1,-1
723,177,790.59,513.65,26.03,55.41,0.3732,-1,-1,-1
723,173,593.91,550.40,39.39,105.73,0.3704,-1,-1,-1
723,167,1311.14,656.73,102.79,193.79,0.4495,-1,-1,-1
724,177,793.08,524.51,23.31,53.29,0.3637,-1,-1,-1
724,173,594.64,563.17,37.39,102.79,0.4856,-1,-1,-1
724,167,1348.37,663.69,90.32,196.58,0.5506,-1,-1,-1
725,184,819.84,526.63,19.48,50.96,0.3064,-1,-1,-1
725,177,797.13,525.05,22.66,53.01,0.4731,-1,-1,-1
725,173,595.05,566.09,37.34,103.78,0.5711,-1,-1,-1
725,167,1371.84,663.33,91.88,205.53,0.7114,-1,-1,-1
726,177,799.50,520.56,21.03,57.28,0.3631,-1,-1,-1
726,173,597.18,565.66,37.53,102.97,0.5739,-1,-1,-1
726,167,1382.33,673.09,106.97,208.81,0.6205,-1,-1,-1
727,173,597.25,570.04,42.48,106.99,0.7156,-1,-1,-1
727,167,1433.12,671.43,74.25,171.16,0.4056,-1,-1,-1
728,177,813.16,525.42,22.15,57.98,0.3862,-1,-1,-1
728,173,597.66,568.85,43.11,105.96,0.6732,-1,-1,-1
728,167,1407.76,681.59,130.86,220.48,0.5814,-1,-1,-1
729,177,813.84,524.16,20.41,56.96,0.3834,-1,-1,-1
729,173,597.91,565.72,44.17,110.40,0.6381,-1,-1,-1
729,167,1429.19,679.54,139.25,222.38,0.7229,-1,-1,-1
730,177,817.12,524.39,21.17,59.87,0.3507,-1,-1,-1
730,173,599.60,569.83,45.70,111.53,0.5671,-1,-1,-1
730,167,1521.46,689.48,76.66,226.24,0.4567,-1,-1,-1
731,188,1526.76,553.06,31.89,77.16,0.3212,-1,-1,-1
731,177,817.75,524.88,23.22,59.20,0.4060,-1,-1,-1
731,173,600.12,564.25,47.74,116.30,0.6681,-1,-1,-1
732,177,819.88,526.01,22.93,57.32,0.4913,-1,-1,-1
732,173,602.14,564.87,46.54,116.86,0.6756,-1,-1,-1
732,167,1564.69,702.95,80.57,229.25,0.5063,-1,-1,-1
733,177,820.65,522.11,24.30,60.87,0.5293,-1,-1,-1
733,173,602.61,568.12,46.14,115.06,0.6497,-1,-1,-1
733,167,1590.52,705.67,88.50,227.40,0.7026,-1,-1,-1
734,187,840.37,528.73,19.97,50.65,0.3742,-1,-1,-1
734,177,824.11,527.26,20.52,51.71,0.4005,-1,-1,-1
734,173,601.96,559.73,47.31,121.98,0.6872,-1,-1,-1
734,167,1592.47,706.74,115.68,231.09,0.6283,-1,-1,-1
735,187,836.73,527.44,24.82,51.96,0.3759,-1,-1,-1
735,173,602.70,562.88,47.19,121.83,0.6946,-1,-1,-1
735,167,1610.23,703.30,125.00,233.91,0.7441,-1,-1,-1
736,187,833.94,524.23,23.02,52.10,0.3814,-1,-1,-1
736,173,607.47,559.57,44.89,121.56,0.6751,-1,-1,-1
736,167,1628.26,703.68,137.17,249.34,0.7154,-1,-1,-1
737,187,834.80,523.38,24.62,53.20,0.3771,-1,-1,-1
737,173,607.37,561.87,46.04,121.70,0.6583,-1,-1,-1
737,167,1658.92,692.24,133.30,263.79,0.7946,-1,-1,-1
738,177,836.84,525.38,22.35,53.02,0.3536,-1,-1,-1
738,173,606.79,562.89,48.31,122.69,0.6593,-1,-1,-1
738,167,1687.90,707.47,139.03,263.61,0.7550,-1,-1,-1
739,177,839.84,524.44,22.45,55.34,0.3572,-1,-1,-1
739,173,607.35,565.22,49.81,123.51,0.6566,-1,-1,-1
739,167,1715.15,721.62,154.11,258.82,0.7533,-1,-1,-1
740,177,840.62,523.99,22.11,57.02,0.4209,-1,-1,-1
740,173,607.79,567.23,49.26,123.31,0.6843,-1,-1,-1
740,167,1746.01,739.64,144.72,248.87,0.7469,-1,-1,-1
741,189,874.76,531.12,22.09,49.56,0.3140,-1,-1,-1
741,177,841.95,527.37,22.83,55.27,0.4777,-1,-1,-1
741,173,608.06,569.11,49.13,123.90,0.6775,-1,-1,-1
741,167,1784.48,729.06,134.76,266.25,0.5822,-1,-1,-1
742,189,875.15,530.06,22.35,52.99,0.3729,-1,-1,-1
742,177,842.82,528.05,22.42,56.34,0.5100,-1,-1,-1
742,173,609.40,570.27,47.28,123.19,0.6456,-1,-1,-1
742,167,1832.40,755.20,86.99,254.20,0.4335,-1,-1,-1
743,177,844.14,529.21,22.18,55.10,0.4486,-1,-1,-1
743,173,606.70,571.84,52.13,125.64,0.6307,-1,-1,-1
744,177,844.61,528.57,21.97,56.00,0.4799,-1,-1,-1
744,173,605.67,571.97,51.04,127.37,0.6296,-1,-1,-1
745,189,881.44,531.93,20.54,52.52,0.3227,-1,-1,-1
745,177,844.42,525.24,22.31,61.54,0.4971,-1,-1,-1
745,173,604.28,573.53,52.61,128.98,0.6669,-1,-1,-1
746,189,877.33,536.41,21.55,50.64,0.3043,-1,-1,-1
746,177,843.94,524.63,23.45,63.70,0.5166,-1,-1,-1
746,173,603.37,574.10,50.79,130.61,0.6262,-1,-1,-1
747,177,844.41,524.77,24.21,64.24,0.5039,-1,-1,-1
747,173,603.64,575.01,50.92,132.78,0.6538,-1,-1,-1
748,173,603.10,575.34,51.18,133.20,0.6734,-1,-1,-1
749,177,846.92,528.22,22.24,60.64,0.3379,-1,-1,-1
749,173,603.00,577.58,51.13,131.23,0.6756,-1,-1,-1
750,177,848.21,529.29,22.45,56.71,0.3364,-1,-1,-1
750,173,602.08,580.07,51.40,129.44,0.6233,-1,-1,-1
